2025-08-29 16:07:41,679 - ERROR - Failed to load email templates: no such column: subject
2025-08-29 16:07:41,687 - ERROR - Failed to load email templates: no such column: subject
2025-08-29 17:03:47,514 - ERROR - Failed to load email templates: no such column: subject
2025-08-29 17:03:47,521 - ERROR - Failed to load email templates: no such column: subject
2025-08-30 17:00:05,373 - ERROR - Failed to load lists: no such table: lists
2025-08-30 17:00:05,394 - ERROR - Failed to load lists: no such table: lists
2025-08-30 17:00:18,665 - ERROR - Failed to add list: no such table: lists
2025-08-30 20:18:43,184 - ERROR - Failed to save audit log: Error binding parameter 2: type 'dict' is not supported
2025-08-30 20:22:51,387 - ERROR - Failed to save audit log: Error binding parameter 2: type 'dict' is not supported
2025-08-30 20:23:21,727 - ERROR - Failed to save audit log: Error binding parameter 2: type 'dict' is not supported
2025-08-30 20:25:07,709 - ERROR - Failed to save audit log: Error binding parameter 2: type 'dict' is not supported
2025-08-30 20:28:51,187 - ERROR - Failed to save audit log: Error binding parameter 2: type 'dict' is not supported
2025-08-30 20:31:41,673 - ERROR - Failed to save audit log: Error binding parameter 2: type 'dict' is not supported
2025-08-30 20:34:15,292 - ERROR - Failed to save audit log: Error binding parameter 2: type 'dict' is not supported
2025-08-30 20:35:45,330 - ERROR - Failed to save audit log: Error binding parameter 2: type 'dict' is not supported
2025-08-30 20:41:50,121 - ERROR - Failed to save audit log: Error binding parameter 2: type 'dict' is not supported
2025-08-30 20:44:37,031 - ERROR - Failed to save audit log: Error binding parameter 2: type 'dict' is not supported
2025-08-30 20:47:07,696 - ERROR - Failed to save audit log: Error binding parameter 2: type 'dict' is not supported
2025-08-30 20:58:33,454 - ERROR - Failed to save audit log: Error binding parameter 2: type 'dict' is not supported
2025-08-30 21:02:48,427 - ERROR - Failed to save audit log: Error binding parameter 2: type 'dict' is not supported
2025-08-30 21:05:51,588 - ERROR - Failed to save audit log: Error binding parameter 2: type 'dict' is not supported
2025-08-30 21:07:51,209 - ERROR - Failed to save audit log: Error binding parameter 2: type 'dict' is not supported
2025-08-30 21:10:28,390 - ERROR - Failed to save audit log: Error binding parameter 2: type 'dict' is not supported
2025-08-30 21:11:34,582 - ERROR - Failed to save audit log: Error binding parameter 2: type 'dict' is not supported
2025-08-30 21:14:08,544 - ERROR - Failed to save audit log: Error binding parameter 2: type 'dict' is not supported
2025-08-30 21:14:38,462 - ERROR - Failed to save audit log: Error binding parameter 2: type 'dict' is not supported
2025-08-30 21:19:27,764 - ERROR - Failed to save audit log: Error binding parameter 2: type 'dict' is not supported
2025-08-30 21:25:10,977 - ERROR - Failed to save audit log: Error binding parameter 2: type 'dict' is not supported
2025-08-30 21:39:33,081 - ERROR - Failed to save audit log: Error binding parameter 2: type 'dict' is not supported
2025-08-30 21:43:00,487 - ERROR - Failed to save audit log: Error binding parameter 2: type 'dict' is not supported
2025-08-30 21:53:57,714 - ERROR - Failed to save audit log: Error binding parameter 2: type 'dict' is not supported
2025-08-30 22:11:49,087 - ERROR - Failed to save audit log: Error binding parameter 2: type 'dict' is not supported
2025-08-30 22:16:02,071 - ERROR - Failed to save audit log: Error binding parameter 2: type 'dict' is not supported
2025-08-30 22:20:16,078 - ERROR - Failed to save audit log: Error binding parameter 2: type 'dict' is not supported
2025-08-30 22:22:59,874 - ERROR - Failed to save audit log: Error binding parameter 2: type 'dict' is not supported
2025-09-03 17:12:51,970 - ERROR - Unexpected error saving audit log: Object of type date is not JSON serializable
2025-09-03 17:17:34,935 - ERROR - Unexpected error saving audit log: Object of type date is not JSON serializable
2025-09-03 17:17:34,951 - ERROR - Unexpected error saving audit log: Object of type date is not JSON serializable
2025-09-03 17:17:34,968 - ERROR - Unexpected error saving audit log: Object of type date is not JSON serializable
2025-09-03 17:17:34,984 - ERROR - Unexpected error saving audit log: Object of type date is not JSON serializable
2025-09-03 17:17:35,001 - ERROR - Unexpected error saving audit log: Object of type date is not JSON serializable
2025-09-03 17:17:35,018 - ERROR - Unexpected error saving audit log: Object of type date is not JSON serializable
2025-09-03 17:17:35,036 - ERROR - Unexpected error saving audit log: Object of type date is not JSON serializable
2025-09-03 17:17:35,053 - ERROR - Unexpected error saving audit log: Object of type date is not JSON serializable
2025-09-03 17:17:35,071 - ERROR - Unexpected error saving audit log: Object of type date is not JSON serializable
2025-09-03 17:17:35,088 - ERROR - Unexpected error saving audit log: Object of type date is not JSON serializable
2025-09-03 17:17:35,105 - ERROR - Unexpected error saving audit log: Object of type date is not JSON serializable
2025-09-03 17:17:35,121 - ERROR - Unexpected error saving audit log: Object of type date is not JSON serializable
2025-09-03 17:17:35,142 - ERROR - Unexpected error saving audit log: Object of type date is not JSON serializable
2025-09-03 17:17:35,160 - ERROR - Unexpected error saving audit log: Object of type date is not JSON serializable
2025-09-03 17:17:35,180 - ERROR - Unexpected error saving audit log: Object of type date is not JSON serializable
2025-09-03 17:17:35,199 - ERROR - Unexpected error saving audit log: Object of type date is not JSON serializable
2025-09-03 17:17:35,219 - ERROR - Unexpected error saving audit log: Object of type date is not JSON serializable
2025-09-03 17:17:35,238 - ERROR - Unexpected error saving audit log: Object of type date is not JSON serializable
2025-09-03 17:17:35,258 - ERROR - Unexpected error saving audit log: Object of type date is not JSON serializable
2025-09-03 17:17:35,276 - ERROR - Unexpected error saving audit log: Object of type date is not JSON serializable
2025-09-03 17:17:35,294 - ERROR - Unexpected error saving audit log: Object of type date is not JSON serializable
2025-09-03 17:17:35,311 - ERROR - Unexpected error saving audit log: Object of type date is not JSON serializable
2025-09-03 17:17:35,327 - ERROR - Unexpected error saving audit log: Object of type date is not JSON serializable
2025-09-03 17:17:35,348 - ERROR - Unexpected error saving audit log: Object of type date is not JSON serializable
2025-09-03 17:17:35,369 - ERROR - Unexpected error saving audit log: Object of type date is not JSON serializable
2025-09-03 17:17:35,385 - ERROR - Unexpected error saving audit log: Object of type date is not JSON serializable
2025-09-03 17:17:35,404 - ERROR - Unexpected error saving audit log: Object of type date is not JSON serializable
2025-09-03 17:17:35,422 - ERROR - Unexpected error saving audit log: Object of type date is not JSON serializable
2025-09-03 17:17:35,441 - ERROR - Unexpected error saving audit log: Object of type date is not JSON serializable
2025-09-03 17:17:35,460 - ERROR - Unexpected error saving audit log: Object of type date is not JSON serializable
2025-09-03 17:17:35,478 - ERROR - Unexpected error saving audit log: Object of type date is not JSON serializable
2025-09-03 17:17:35,496 - ERROR - Unexpected error saving audit log: Object of type date is not JSON serializable
2025-09-03 17:17:35,516 - ERROR - Unexpected error saving audit log: Object of type date is not JSON serializable
2025-09-03 17:17:35,541 - ERROR - Unexpected error saving audit log: Object of type date is not JSON serializable
2025-09-03 17:17:35,577 - ERROR - Unexpected error saving audit log: Object of type date is not JSON serializable
2025-09-03 17:17:35,612 - ERROR - Unexpected error saving audit log: Object of type date is not JSON serializable
2025-09-03 17:17:35,639 - ERROR - Unexpected error saving audit log: Object of type date is not JSON serializable
2025-09-03 17:17:35,661 - ERROR - Unexpected error saving audit log: Object of type date is not JSON serializable
2025-09-09 10:57:55,966 - ERROR - Failed to save audit log: database is locked
2025-09-09 11:01:49,005 - ERROR - Failed to save audit log: database is locked
2025-09-11 12:37:22,121 - ERROR - Failed to load email templates: no such column: body
2025-09-11 12:37:22,167 - ERROR - Failed to load email templates: no such column: body
2025-09-11 12:37:54,896 - ERROR - Failed to load email templates: no such column: body
2025-09-11 12:37:54,909 - ERROR - Failed to load email templates: no such column: body
2025-09-11 12:39:30,309 - ERROR - Failed to load email templates: no such column: body
2025-09-11 12:39:30,323 - ERROR - Failed to load email templates: no such column: body
2025-09-11 12:46:57,331 - ERROR - Failed to load email templates: no such column: body
2025-09-11 12:46:57,344 - ERROR - Failed to load email templates: no such column: body
2025-09-22 16:11:07,511 - ERROR - Failed to load lists: database is locked
2025-09-22 16:12:37,562 - ERROR - Failed to generate transaction number: database is locked
2025-09-22 16:12:51,613 - ERROR - Failed to generate transaction number: database is locked
2025-09-23 10:30:04,236 | INFO | root | Audit log saved successfully: add_case
2025-09-23 11:24:30,531 | INFO | root | Audit log saved successfully: add_case
2025-09-23 11:25:49,328 | INFO | root | Audit log saved successfully: add_case
2025-09-23 12:43:21,816 | ERROR | scripts.core.import_worker | Database integrity check failed
Traceback (most recent call last):
  File "d:\Users\maritzne\OneDrive\Work\Accounts Payable\GitHub\FWMIS\scripts\core\import_worker.py", line 106, in _check_database_integrity
    cursor.execute(
    ~~~~~~~~~~~~~~^
        """
        ^^^
    ...<3 lines>...
    """
    ^^^
    )
    ^
sqlite3.ProgrammingError: Cannot operate on a closed database.
2025-09-23 12:43:21,827 | INFO | scripts.core.import_worker | ImportWorker starting
2025-09-23 12:43:21,838 | ERROR | scripts.core.import_worker | Error importing transaction
Traceback (most recent call last):
  File "d:\Users\maritzne\OneDrive\Work\Accounts Payable\GitHub\FWMIS\scripts\core\import_worker.py", line 169, in _import_transaction
    cursor.execute(
    ~~~~~~~~~~~~~~^
        "SELECT id FROM financial_years WHERE start_year = ? AND end_year = ?",
        ^^^^^^^^^^^^^^^^^^^^^^^^^^^^^^^^^^^^^^^^^^^^^^^^^^^^^^^^^^^^^^^^^^^^^^^
        (start_year, end_year),
        ^^^^^^^^^^^^^^^^^^^^^^^
    )
    ^
sqlite3.ProgrammingError: Cannot operate on a closed database.
2025-09-23 12:43:21,839 | WARNING | scripts.core.import_worker | Failed to import transaction
2025-09-23 12:43:21,852 | ERROR | scripts.core.import_worker | Error importing transaction
Traceback (most recent call last):
  File "d:\Users\maritzne\OneDrive\Work\Accounts Payable\GitHub\FWMIS\scripts\core\import_worker.py", line 169, in _import_transaction
    cursor.execute(
    ~~~~~~~~~~~~~~^
        "SELECT id FROM financial_years WHERE start_year = ? AND end_year = ?",
        ^^^^^^^^^^^^^^^^^^^^^^^^^^^^^^^^^^^^^^^^^^^^^^^^^^^^^^^^^^^^^^^^^^^^^^^
        (start_year, end_year),
        ^^^^^^^^^^^^^^^^^^^^^^^
    )
    ^
sqlite3.ProgrammingError: Cannot operate on a closed database.
2025-09-23 12:43:21,854 | WARNING | scripts.core.import_worker | Failed to import transaction
2025-09-23 12:43:21,878 | ERROR | scripts.core.import_worker | Error importing transaction
Traceback (most recent call last):
  File "d:\Users\maritzne\OneDrive\Work\Accounts Payable\GitHub\FWMIS\scripts\core\import_worker.py", line 169, in _import_transaction
    cursor.execute(
    ~~~~~~~~~~~~~~^
        "SELECT id FROM financial_years WHERE start_year = ? AND end_year = ?",
        ^^^^^^^^^^^^^^^^^^^^^^^^^^^^^^^^^^^^^^^^^^^^^^^^^^^^^^^^^^^^^^^^^^^^^^^
        (start_year, end_year),
        ^^^^^^^^^^^^^^^^^^^^^^^
    )
    ^
sqlite3.ProgrammingError: Cannot operate on a closed database.
2025-09-23 12:43:21,883 | WARNING | scripts.core.import_worker | Failed to import transaction
2025-09-23 12:43:21,914 | ERROR | scripts.core.import_worker | Error importing transaction
Traceback (most recent call last):
  File "d:\Users\maritzne\OneDrive\Work\Accounts Payable\GitHub\FWMIS\scripts\core\import_worker.py", line 169, in _import_transaction
    cursor.execute(
    ~~~~~~~~~~~~~~^
        "SELECT id FROM financial_years WHERE start_year = ? AND end_year = ?",
        ^^^^^^^^^^^^^^^^^^^^^^^^^^^^^^^^^^^^^^^^^^^^^^^^^^^^^^^^^^^^^^^^^^^^^^^
        (start_year, end_year),
        ^^^^^^^^^^^^^^^^^^^^^^^
    )
    ^
sqlite3.ProgrammingError: Cannot operate on a closed database.
2025-09-23 12:43:21,917 | WARNING | scripts.core.import_worker | Failed to import transaction
2025-09-23 12:43:21,944 | ERROR | scripts.core.import_worker | Error importing transaction
Traceback (most recent call last):
  File "d:\Users\maritzne\OneDrive\Work\Accounts Payable\GitHub\FWMIS\scripts\core\import_worker.py", line 169, in _import_transaction
    cursor.execute(
    ~~~~~~~~~~~~~~^
        "SELECT id FROM financial_years WHERE start_year = ? AND end_year = ?",
        ^^^^^^^^^^^^^^^^^^^^^^^^^^^^^^^^^^^^^^^^^^^^^^^^^^^^^^^^^^^^^^^^^^^^^^^
        (start_year, end_year),
        ^^^^^^^^^^^^^^^^^^^^^^^
    )
    ^
sqlite3.ProgrammingError: Cannot operate on a closed database.
2025-09-23 12:43:21,947 | WARNING | scripts.core.import_worker | Failed to import transaction
2025-09-23 12:43:21,960 | ERROR | scripts.core.import_worker | Error importing transaction
Traceback (most recent call last):
  File "d:\Users\maritzne\OneDrive\Work\Accounts Payable\GitHub\FWMIS\scripts\core\import_worker.py", line 169, in _import_transaction
    cursor.execute(
    ~~~~~~~~~~~~~~^
        "SELECT id FROM financial_years WHERE start_year = ? AND end_year = ?",
        ^^^^^^^^^^^^^^^^^^^^^^^^^^^^^^^^^^^^^^^^^^^^^^^^^^^^^^^^^^^^^^^^^^^^^^^
        (start_year, end_year),
        ^^^^^^^^^^^^^^^^^^^^^^^
    )
    ^
sqlite3.ProgrammingError: Cannot operate on a closed database.
2025-09-23 12:43:21,961 | WARNING | scripts.core.import_worker | Failed to import transaction
2025-09-23 12:43:21,961 | INFO | scripts.core.import_worker | Import completed
2025-09-23 13:24:42,410 | ERROR | scripts.core.import_worker | Database integrity check failed
Traceback (most recent call last):
  File "d:\Users\maritzne\OneDrive\Work\Accounts Payable\GitHub\FWMIS\scripts\core\import_worker.py", line 114, in _check_database_integrity
    cursor.execute(
    ~~~~~~~~~~~~~~^
        """
        ^^^
    ...<3 lines>...
    """
    ^^^
    )
    ^
sqlite3.ProgrammingError: Cannot operate on a closed database.
2025-09-23 13:24:42,418 | INFO | scripts.core.import_worker | ImportWorker starting
2025-09-23 13:24:42,430 | ERROR | scripts.core.import_worker | Error importing transaction
Traceback (most recent call last):
  File "d:\Users\maritzne\OneDrive\Work\Accounts Payable\GitHub\FWMIS\scripts\core\import_worker.py", line 177, in _import_transaction
    cursor.execute(
    ~~~~~~~~~~~~~~^
        "SELECT id FROM financial_years WHERE start_year = ? AND end_year = ?",
        ^^^^^^^^^^^^^^^^^^^^^^^^^^^^^^^^^^^^^^^^^^^^^^^^^^^^^^^^^^^^^^^^^^^^^^^
        (start_year, end_year),
        ^^^^^^^^^^^^^^^^^^^^^^^
    )
    ^
sqlite3.ProgrammingError: Cannot operate on a closed database.
2025-09-23 13:24:42,432 | WARNING | scripts.core.import_worker | Failed to import transaction
2025-09-23 13:24:42,446 | ERROR | scripts.core.import_worker | Error importing transaction
Traceback (most recent call last):
  File "d:\Users\maritzne\OneDrive\Work\Accounts Payable\GitHub\FWMIS\scripts\core\import_worker.py", line 177, in _import_transaction
    cursor.execute(
    ~~~~~~~~~~~~~~^
        "SELECT id FROM financial_years WHERE start_year = ? AND end_year = ?",
        ^^^^^^^^^^^^^^^^^^^^^^^^^^^^^^^^^^^^^^^^^^^^^^^^^^^^^^^^^^^^^^^^^^^^^^^
        (start_year, end_year),
        ^^^^^^^^^^^^^^^^^^^^^^^
    )
    ^
sqlite3.ProgrammingError: Cannot operate on a closed database.
2025-09-23 13:24:42,448 | WARNING | scripts.core.import_worker | Failed to import transaction
2025-09-23 13:24:42,477 | ERROR | scripts.core.import_worker | Error importing transaction
Traceback (most recent call last):
  File "d:\Users\maritzne\OneDrive\Work\Accounts Payable\GitHub\FWMIS\scripts\core\import_worker.py", line 177, in _import_transaction
    cursor.execute(
    ~~~~~~~~~~~~~~^
        "SELECT id FROM financial_years WHERE start_year = ? AND end_year = ?",
        ^^^^^^^^^^^^^^^^^^^^^^^^^^^^^^^^^^^^^^^^^^^^^^^^^^^^^^^^^^^^^^^^^^^^^^^
        (start_year, end_year),
        ^^^^^^^^^^^^^^^^^^^^^^^
    )
    ^
sqlite3.ProgrammingError: Cannot operate on a closed database.
2025-09-23 13:24:42,480 | WARNING | scripts.core.import_worker | Failed to import transaction
2025-09-23 13:24:42,518 | ERROR | scripts.core.import_worker | Error importing transaction
Traceback (most recent call last):
  File "d:\Users\maritzne\OneDrive\Work\Accounts Payable\GitHub\FWMIS\scripts\core\import_worker.py", line 177, in _import_transaction
    cursor.execute(
    ~~~~~~~~~~~~~~^
        "SELECT id FROM financial_years WHERE start_year = ? AND end_year = ?",
        ^^^^^^^^^^^^^^^^^^^^^^^^^^^^^^^^^^^^^^^^^^^^^^^^^^^^^^^^^^^^^^^^^^^^^^^
        (start_year, end_year),
        ^^^^^^^^^^^^^^^^^^^^^^^
    )
    ^
sqlite3.ProgrammingError: Cannot operate on a closed database.
2025-09-23 13:24:42,524 | WARNING | scripts.core.import_worker | Failed to import transaction
2025-09-23 13:24:42,545 | ERROR | scripts.core.import_worker | Error importing transaction
Traceback (most recent call last):
  File "d:\Users\maritzne\OneDrive\Work\Accounts Payable\GitHub\FWMIS\scripts\core\import_worker.py", line 177, in _import_transaction
    cursor.execute(
    ~~~~~~~~~~~~~~^
        "SELECT id FROM financial_years WHERE start_year = ? AND end_year = ?",
        ^^^^^^^^^^^^^^^^^^^^^^^^^^^^^^^^^^^^^^^^^^^^^^^^^^^^^^^^^^^^^^^^^^^^^^^
        (start_year, end_year),
        ^^^^^^^^^^^^^^^^^^^^^^^
    )
    ^
sqlite3.ProgrammingError: Cannot operate on a closed database.
2025-09-23 13:24:42,546 | WARNING | scripts.core.import_worker | Failed to import transaction
2025-09-23 13:24:42,558 | ERROR | scripts.core.import_worker | Error importing transaction
Traceback (most recent call last):
  File "d:\Users\maritzne\OneDrive\Work\Accounts Payable\GitHub\FWMIS\scripts\core\import_worker.py", line 177, in _import_transaction
    cursor.execute(
    ~~~~~~~~~~~~~~^
        "SELECT id FROM financial_years WHERE start_year = ? AND end_year = ?",
        ^^^^^^^^^^^^^^^^^^^^^^^^^^^^^^^^^^^^^^^^^^^^^^^^^^^^^^^^^^^^^^^^^^^^^^^
        (start_year, end_year),
        ^^^^^^^^^^^^^^^^^^^^^^^
    )
    ^
sqlite3.ProgrammingError: Cannot operate on a closed database.
2025-09-23 13:24:42,561 | WARNING | scripts.core.import_worker | Failed to import transaction
2025-09-23 13:24:42,562 | INFO | scripts.core.import_worker | Import completed
2025-09-23 13:52:20,288 | INFO | scripts.core.import_worker | ImportWorker starting
2025-09-23 13:52:20,334 | INFO | scripts.core.import_worker | Case inserted
2025-09-23 13:52:20,349 | INFO | scripts.core.import_worker | Copied BAS file
2025-09-23 13:52:20,356 | INFO | scripts.core.import_worker | Successfully committed case
2025-09-23 13:52:25,974 | ERROR | root | Failed to save audit log: database is locked
2025-09-23 13:52:25,994 | ERROR | scripts.core.import_worker | Error importing transaction
Traceback (most recent call last):
  File "D:\Users\maritzne\OneDrive\Work\Accounts Payable\GitHub\FWMIS\scripts\core\import_worker.py", line 632, in _import_transaction
    save_audit_log(
    ~~~~~~~~~~~~~~^
        "import_undisclosed_case",
        ^^^^^^^^^^^^^^^^^^^^^^^^^^
    ...<6 lines>...
        fy,
        ^^^
    )
    ^
  File "D:\Users\maritzne\OneDrive\Work\Accounts Payable\GitHub\FWMIS\scripts\Utilities\audit_utils.py", line 45, in save_audit_log
    cursor.execute(
    ~~~~~~~~~~~~~~^
        "INSERT INTO audit_log (timestamp, action, details, fy) VALUES (?, ?, ?, ?)",
        ^^^^^^^^^^^^^^^^^^^^^^^^^^^^^^^^^^^^^^^^^^^^^^^^^^^^^^^^^^^^^^^^^^^^^^^^^^^^^
    ...<5 lines>...
        ),
        ^^
    )
    ^
sqlite3.OperationalError: database is locked
2025-09-23 13:52:26,028 | WARNING | scripts.core.import_worker | Failed to import transaction
2025-09-23 13:52:26,064 | INFO | scripts.core.import_worker | Case inserted
2025-09-23 13:52:26,089 | INFO | scripts.core.import_worker | Copied BAS file
2025-09-23 13:52:26,093 | INFO | scripts.core.import_worker | Successfully committed case
2025-09-23 13:52:31,669 | ERROR | root | Failed to save audit log: database is locked
2025-09-23 13:52:31,684 | ERROR | scripts.core.import_worker | Error importing transaction
Traceback (most recent call last):
  File "D:\Users\maritzne\OneDrive\Work\Accounts Payable\GitHub\FWMIS\scripts\core\import_worker.py", line 632, in _import_transaction
    save_audit_log(
    ~~~~~~~~~~~~~~^
        "import_undisclosed_case",
        ^^^^^^^^^^^^^^^^^^^^^^^^^^
    ...<6 lines>...
        fy,
        ^^^
    )
    ^
  File "D:\Users\maritzne\OneDrive\Work\Accounts Payable\GitHub\FWMIS\scripts\Utilities\audit_utils.py", line 45, in save_audit_log
    cursor.execute(
    ~~~~~~~~~~~~~~^
        "INSERT INTO audit_log (timestamp, action, details, fy) VALUES (?, ?, ?, ?)",
        ^^^^^^^^^^^^^^^^^^^^^^^^^^^^^^^^^^^^^^^^^^^^^^^^^^^^^^^^^^^^^^^^^^^^^^^^^^^^^
    ...<5 lines>...
        ),
        ^^
    )
    ^
sqlite3.OperationalError: database is locked
2025-09-23 13:52:31,687 | WARNING | scripts.core.import_worker | Failed to import transaction
2025-09-23 13:52:31,707 | INFO | scripts.core.import_worker | Case inserted
2025-09-23 13:52:31,720 | INFO | scripts.core.import_worker | Copied BAS file
2025-09-23 13:52:31,721 | INFO | scripts.core.import_worker | Successfully committed case
2025-09-23 13:52:37,301 | ERROR | root | Failed to save audit log: database is locked
2025-09-23 13:52:37,315 | ERROR | scripts.core.import_worker | Error importing transaction
Traceback (most recent call last):
  File "D:\Users\maritzne\OneDrive\Work\Accounts Payable\GitHub\FWMIS\scripts\core\import_worker.py", line 632, in _import_transaction
    save_audit_log(
    ~~~~~~~~~~~~~~^
        "import_undisclosed_case",
        ^^^^^^^^^^^^^^^^^^^^^^^^^^
    ...<6 lines>...
        fy,
        ^^^
    )
    ^
  File "D:\Users\maritzne\OneDrive\Work\Accounts Payable\GitHub\FWMIS\scripts\Utilities\audit_utils.py", line 45, in save_audit_log
    cursor.execute(
    ~~~~~~~~~~~~~~^
        "INSERT INTO audit_log (timestamp, action, details, fy) VALUES (?, ?, ?, ?)",
        ^^^^^^^^^^^^^^^^^^^^^^^^^^^^^^^^^^^^^^^^^^^^^^^^^^^^^^^^^^^^^^^^^^^^^^^^^^^^^
    ...<5 lines>...
        ),
        ^^
    )
    ^
sqlite3.OperationalError: database is locked
2025-09-23 13:52:37,318 | WARNING | scripts.core.import_worker | Failed to import transaction
2025-09-23 13:52:37,338 | INFO | scripts.core.import_worker | Case inserted
2025-09-23 13:52:37,350 | INFO | scripts.core.import_worker | Copied BAS file
2025-09-23 13:52:37,351 | INFO | scripts.core.import_worker | Successfully committed case
2025-09-23 13:52:42,950 | ERROR | root | Failed to save audit log: database is locked
2025-09-23 13:52:42,966 | ERROR | scripts.core.import_worker | Error importing transaction
Traceback (most recent call last):
  File "D:\Users\maritzne\OneDrive\Work\Accounts Payable\GitHub\FWMIS\scripts\core\import_worker.py", line 632, in _import_transaction
    save_audit_log(
    ~~~~~~~~~~~~~~^
        "import_undisclosed_case",
        ^^^^^^^^^^^^^^^^^^^^^^^^^^
    ...<6 lines>...
        fy,
        ^^^
    )
    ^
  File "D:\Users\maritzne\OneDrive\Work\Accounts Payable\GitHub\FWMIS\scripts\Utilities\audit_utils.py", line 45, in save_audit_log
    cursor.execute(
    ~~~~~~~~~~~~~~^
        "INSERT INTO audit_log (timestamp, action, details, fy) VALUES (?, ?, ?, ?)",
        ^^^^^^^^^^^^^^^^^^^^^^^^^^^^^^^^^^^^^^^^^^^^^^^^^^^^^^^^^^^^^^^^^^^^^^^^^^^^^
    ...<5 lines>...
        ),
        ^^
    )
    ^
sqlite3.OperationalError: database is locked
2025-09-23 13:52:42,969 | WARNING | scripts.core.import_worker | Failed to import transaction
2025-09-23 13:52:42,992 | INFO | scripts.core.import_worker | Case inserted
2025-09-23 13:52:43,011 | INFO | scripts.core.import_worker | Copied BAS file
2025-09-23 13:52:43,011 | INFO | scripts.core.import_worker | Successfully committed case
2025-09-23 13:52:48,520 | ERROR | root | Failed to save audit log: database is locked
2025-09-23 13:52:48,537 | ERROR | scripts.core.import_worker | Error importing transaction
Traceback (most recent call last):
  File "D:\Users\maritzne\OneDrive\Work\Accounts Payable\GitHub\FWMIS\scripts\core\import_worker.py", line 632, in _import_transaction
    save_audit_log(
    ~~~~~~~~~~~~~~^
        "import_undisclosed_case",
        ^^^^^^^^^^^^^^^^^^^^^^^^^^
    ...<6 lines>...
        fy,
        ^^^
    )
    ^
  File "D:\Users\maritzne\OneDrive\Work\Accounts Payable\GitHub\FWMIS\scripts\Utilities\audit_utils.py", line 45, in save_audit_log
    cursor.execute(
    ~~~~~~~~~~~~~~^
        "INSERT INTO audit_log (timestamp, action, details, fy) VALUES (?, ?, ?, ?)",
        ^^^^^^^^^^^^^^^^^^^^^^^^^^^^^^^^^^^^^^^^^^^^^^^^^^^^^^^^^^^^^^^^^^^^^^^^^^^^^
    ...<5 lines>...
        ),
        ^^
    )
    ^
sqlite3.OperationalError: database is locked
2025-09-23 13:52:48,540 | WARNING | scripts.core.import_worker | Failed to import transaction
2025-09-23 13:52:48,577 | INFO | scripts.core.import_worker | Case inserted
2025-09-23 13:52:48,594 | INFO | scripts.core.import_worker | Copied BAS file
2025-09-23 13:52:48,595 | INFO | scripts.core.import_worker | Successfully committed case
2025-09-23 13:52:54,207 | ERROR | root | Failed to save audit log: database is locked
2025-09-23 13:52:54,220 | ERROR | scripts.core.import_worker | Error importing transaction
Traceback (most recent call last):
  File "D:\Users\maritzne\OneDrive\Work\Accounts Payable\GitHub\FWMIS\scripts\core\import_worker.py", line 632, in _import_transaction
    save_audit_log(
    ~~~~~~~~~~~~~~^
        "import_undisclosed_case",
        ^^^^^^^^^^^^^^^^^^^^^^^^^^
    ...<6 lines>...
        fy,
        ^^^
    )
    ^
  File "D:\Users\maritzne\OneDrive\Work\Accounts Payable\GitHub\FWMIS\scripts\Utilities\audit_utils.py", line 45, in save_audit_log
    cursor.execute(
    ~~~~~~~~~~~~~~^
        "INSERT INTO audit_log (timestamp, action, details, fy) VALUES (?, ?, ?, ?)",
        ^^^^^^^^^^^^^^^^^^^^^^^^^^^^^^^^^^^^^^^^^^^^^^^^^^^^^^^^^^^^^^^^^^^^^^^^^^^^^
    ...<5 lines>...
        ),
        ^^
    )
    ^
sqlite3.OperationalError: database is locked
2025-09-23 13:52:54,223 | WARNING | scripts.core.import_worker | Failed to import transaction
2025-09-23 13:52:54,225 | INFO | scripts.core.import_worker | Import completed
2025-09-23 13:53:03,419 | INFO | scripts.core.import_worker | ImportWorker starting
2025-09-23 13:53:03,451 | ERROR | scripts.core.import_worker | Error importing transaction
Traceback (most recent call last):
  File "D:\Users\maritzne\OneDrive\Work\Accounts Payable\GitHub\FWMIS\scripts\core\import_worker.py", line 445, in _import_transaction
    cursor.execute(
    ~~~~~~~~~~~~~~^
        """
        ^^^
    ...<41 lines>...
        ),
        ^^
    )
    ^
sqlite3.IntegrityError: UNIQUE constraint failed: cases.transaction_no
2025-09-23 13:53:03,458 | WARNING | scripts.core.import_worker | Failed to import transaction
2025-09-23 13:53:03,494 | ERROR | scripts.core.import_worker | Error importing transaction
Traceback (most recent call last):
  File "D:\Users\maritzne\OneDrive\Work\Accounts Payable\GitHub\FWMIS\scripts\core\import_worker.py", line 445, in _import_transaction
    cursor.execute(
    ~~~~~~~~~~~~~~^
        """
        ^^^
    ...<41 lines>...
        ),
        ^^
    )
    ^
sqlite3.IntegrityError: UNIQUE constraint failed: cases.transaction_no
2025-09-23 13:53:03,501 | WARNING | scripts.core.import_worker | Failed to import transaction
2025-09-23 13:53:03,536 | ERROR | scripts.core.import_worker | Error importing transaction
Traceback (most recent call last):
  File "D:\Users\maritzne\OneDrive\Work\Accounts Payable\GitHub\FWMIS\scripts\core\import_worker.py", line 445, in _import_transaction
    cursor.execute(
    ~~~~~~~~~~~~~~^
        """
        ^^^
    ...<41 lines>...
        ),
        ^^
    )
    ^
sqlite3.IntegrityError: UNIQUE constraint failed: cases.transaction_no
2025-09-23 13:53:03,538 | WARNING | scripts.core.import_worker | Failed to import transaction
2025-09-23 13:53:03,574 | ERROR | scripts.core.import_worker | Error importing transaction
Traceback (most recent call last):
  File "D:\Users\maritzne\OneDrive\Work\Accounts Payable\GitHub\FWMIS\scripts\core\import_worker.py", line 445, in _import_transaction
    cursor.execute(
    ~~~~~~~~~~~~~~^
        """
        ^^^
    ...<41 lines>...
        ),
        ^^
    )
    ^
sqlite3.IntegrityError: UNIQUE constraint failed: cases.transaction_no
2025-09-23 13:53:03,577 | WARNING | scripts.core.import_worker | Failed to import transaction
2025-09-23 13:53:03,602 | ERROR | scripts.core.import_worker | Error importing transaction
Traceback (most recent call last):
  File "D:\Users\maritzne\OneDrive\Work\Accounts Payable\GitHub\FWMIS\scripts\core\import_worker.py", line 445, in _import_transaction
    cursor.execute(
    ~~~~~~~~~~~~~~^
        """
        ^^^
    ...<41 lines>...
        ),
        ^^
    )
    ^
sqlite3.IntegrityError: UNIQUE constraint failed: cases.transaction_no
2025-09-23 13:53:03,603 | WARNING | scripts.core.import_worker | Failed to import transaction
2025-09-23 13:53:03,637 | ERROR | scripts.core.import_worker | Error importing transaction
Traceback (most recent call last):
  File "D:\Users\maritzne\OneDrive\Work\Accounts Payable\GitHub\FWMIS\scripts\core\import_worker.py", line 445, in _import_transaction
    cursor.execute(
    ~~~~~~~~~~~~~~^
        """
        ^^^
    ...<41 lines>...
        ),
        ^^
    )
    ^
sqlite3.IntegrityError: UNIQUE constraint failed: cases.transaction_no
2025-09-23 13:53:03,640 | WARNING | scripts.core.import_worker | Failed to import transaction
2025-09-23 13:53:03,641 | INFO | scripts.core.import_worker | Import completed
2025-09-23 15:02:51,877 | WARNING | scripts.Utilities.performance_profiler | psutil not available for memory profiling
2025-09-23 15:02:51,880 | INFO | scripts.Utilities.performance_profiler | === FWMIS PERFORMANCE REPORT ===
Generated: 2025-09-23 15:02:51

SYSTEM INFORMATION: psutil not available

DATABASE SIZE: 0.4 MB

PERFORMANCE RECOMMENDATIONS:
  1. Use streaming for large file imports
  2. Implement batch database operations
  3. Create appropriate database indexes
  4. Monitor memory usage during operations
  5. Use SQL aggregations instead of Python loops
  6. Consider PyPy for 2-7x speed improvements
2025-09-23 15:02:51,883 | INFO | scripts.Utilities.performance_profiler | Performance report saved to data/performance_report.txt
2025-09-23 15:20:50,926 | WARNING | scripts.Utilities.performance_profiler | psutil not available for memory profiling
2025-09-23 15:20:50,932 | INFO | scripts.Utilities.performance_profiler | === FWMIS PERFORMANCE REPORT ===
Generated: 2025-09-23 15:20:50

SYSTEM INFORMATION: psutil not available

DATABASE SIZE: 0.4 MB

PERFORMANCE RECOMMENDATIONS:
  1. Use streaming for large file imports
  2. Implement batch database operations
  3. Create appropriate database indexes
  4. Monitor memory usage during operations
  5. Use SQL aggregations instead of Python loops
  6. Consider PyPy for 2-7x speed improvements
2025-09-23 15:20:50,936 | INFO | scripts.Utilities.performance_profiler | Performance report saved to data/performance_report.txt
2025-09-23 15:38:12,600 | INFO | scripts.Utilities.optimization_manager | Optimization 'memory_efficient_imports': enabled
2025-09-23 15:38:12,609 | INFO | scripts.Utilities.optimization_manager | Optimization 'streaming_excel_exports': enabled
2025-09-23 15:38:12,612 | INFO | scripts.Utilities.optimization_manager | Optimization 'batch_database_operations': enabled
2025-09-23 15:38:12,613 | INFO | scripts.Utilities.optimization_manager | Optimization 'performance_monitoring': enabled
2025-09-23 15:38:12,614 | INFO | scripts.Utilities.optimization_manager | Optimization 'database_indexes': enabled
2025-09-23 15:38:12,615 | INFO | scripts.Utilities.optimization_manager | Optimization 'adaptive_chunk_sizing': enabled
2025-09-23 15:38:12,660 | INFO | scripts.Utilities.optimized_import_utils | Database optimizations applied successfully
2025-09-23 15:38:12,697 | INFO | scripts.Utilities.optimized_import_utils | Performance indexes created successfully
2025-09-23 15:38:12,710 | INFO | scripts.Utilities.optimization_manager | Database optimizations applied successfully
2025-09-23 15:38:12,712 | INFO | scripts.Utilities.optimization_manager | FWMIS Optimization Status:
2025-09-23 15:38:12,716 | INFO | scripts.Utilities.optimization_manager | ==============================
2025-09-23 15:38:12,864 | INFO | scripts.Utilities.optimization_manager | 
Overall Status: All optimizations enabled
2025-09-23 15:38:12,866 | INFO | scripts.Utilities.optimization_manager | Optimization 'memory_efficient_imports': enabled
2025-09-23 15:38:12,867 | INFO | scripts.Utilities.optimization_manager | Optimization 'streaming_excel_exports': enabled
2025-09-23 15:38:12,868 | INFO | scripts.Utilities.optimization_manager | Optimization 'batch_database_operations': enabled
2025-09-23 15:38:12,868 | INFO | scripts.Utilities.optimization_manager | Optimization 'performance_monitoring': enabled
2025-09-23 15:38:12,869 | INFO | scripts.Utilities.optimization_manager | Optimization 'database_indexes': enabled
2025-09-23 15:38:12,869 | INFO | scripts.Utilities.optimization_manager | Optimization 'adaptive_chunk_sizing': enabled
2025-09-23 15:38:12,890 | INFO | scripts.Utilities.optimized_import_utils | Database optimizations applied successfully
2025-09-23 15:38:12,927 | INFO | scripts.Utilities.optimized_import_utils | Performance indexes created successfully
2025-09-23 15:38:12,940 | INFO | scripts.Utilities.optimization_manager | Database optimizations applied successfully
2025-09-23 15:38:12,942 | INFO | scripts.Utilities.optimization_manager | FWMIS Optimization Status:
2025-09-23 15:38:12,943 | INFO | scripts.Utilities.optimization_manager | ==============================
2025-09-23 15:38:13,032 | INFO | scripts.Utilities.optimization_manager | 
Overall Status: All optimizations enabled
2025-09-23 15:38:13,033 | WARNING | scripts.Utilities.performance_profiler | psutil not available for memory profiling
2025-09-23 15:38:13,034 | INFO | scripts.Utilities.performance_profiler | === FWMIS PERFORMANCE REPORT ===
Generated: 2025-09-23 15:38:13

SYSTEM INFORMATION: psutil not available

DATABASE SIZE: 0.4 MB

PERFORMANCE RECOMMENDATIONS:
  1. Use streaming for large file imports
  2. Implement batch database operations
  3. Create appropriate database indexes
  4. Monitor memory usage during operations
  5. Use SQL aggregations instead of Python loops
  6. Consider PyPy for 2-7x speed improvements
2025-09-23 15:38:13,040 | INFO | scripts.Utilities.performance_profiler | Performance report saved to data/performance_report.txt
2025-09-23 15:41:57,080 | INFO | scripts.Utilities.optimization_manager | Optimization 'memory_efficient_imports': enabled
2025-09-23 15:41:57,081 | INFO | scripts.Utilities.optimization_manager | Optimization 'streaming_excel_exports': enabled
2025-09-23 15:41:57,081 | INFO | scripts.Utilities.optimization_manager | Optimization 'batch_database_operations': enabled
2025-09-23 15:41:57,082 | INFO | scripts.Utilities.optimization_manager | Optimization 'performance_monitoring': enabled
2025-09-23 15:41:57,083 | INFO | scripts.Utilities.optimization_manager | Optimization 'database_indexes': enabled
2025-09-23 15:41:57,083 | INFO | scripts.Utilities.optimization_manager | Optimization 'adaptive_chunk_sizing': enabled
2025-09-23 15:41:57,088 | INFO | scripts.Utilities.optimized_import_utils | Database optimizations applied successfully
2025-09-23 15:41:57,107 | INFO | scripts.Utilities.optimized_import_utils | Performance indexes created successfully
2025-09-23 15:41:57,110 | INFO | scripts.Utilities.optimization_manager | Database optimizations applied successfully
2025-09-23 15:41:57,111 | INFO | scripts.Utilities.optimization_manager | FWMIS Optimization Status:
2025-09-23 15:41:57,111 | INFO | scripts.Utilities.optimization_manager | ==============================
2025-09-23 15:41:57,219 | INFO | scripts.Utilities.optimization_manager | 
Overall Status: All optimizations enabled
2025-09-23 15:41:57,220 | INFO | scripts.Utilities.optimization_manager | Optimization 'memory_efficient_imports': enabled
2025-09-23 15:41:57,221 | INFO | scripts.Utilities.optimization_manager | Optimization 'streaming_excel_exports': enabled
2025-09-23 15:41:57,221 | INFO | scripts.Utilities.optimization_manager | Optimization 'batch_database_operations': enabled
2025-09-23 15:41:57,222 | INFO | scripts.Utilities.optimization_manager | Optimization 'performance_monitoring': enabled
2025-09-23 15:41:57,222 | INFO | scripts.Utilities.optimization_manager | Optimization 'database_indexes': enabled
2025-09-23 15:41:57,223 | INFO | scripts.Utilities.optimization_manager | Optimization 'adaptive_chunk_sizing': enabled
2025-09-23 15:41:57,232 | INFO | scripts.Utilities.optimized_import_utils | Database optimizations applied successfully
2025-09-23 15:41:57,251 | INFO | scripts.Utilities.optimized_import_utils | Performance indexes created successfully
2025-09-23 15:41:57,258 | INFO | scripts.Utilities.optimization_manager | Database optimizations applied successfully
2025-09-23 15:41:57,260 | INFO | scripts.Utilities.optimization_manager | FWMIS Optimization Status:
2025-09-23 15:41:57,260 | INFO | scripts.Utilities.optimization_manager | ==============================
2025-09-23 15:41:57,341 | INFO | scripts.Utilities.optimization_manager | 
Overall Status: All optimizations enabled
2025-09-23 15:41:57,343 | WARNING | scripts.Utilities.performance_profiler | psutil not available for memory profiling
2025-09-23 15:41:57,348 | INFO | scripts.Utilities.performance_profiler | === FWMIS PERFORMANCE REPORT ===
Generated: 2025-09-23 15:41:57

SYSTEM INFORMATION: psutil not available

DATABASE SIZE: 0.4 MB

PERFORMANCE RECOMMENDATIONS:
  1. Use streaming for large file imports
  2. Implement batch database operations
  3. Create appropriate database indexes
  4. Monitor memory usage during operations
  5. Use SQL aggregations instead of Python loops
  6. Consider PyPy for 2-7x speed improvements
2025-09-23 15:41:57,351 | INFO | scripts.Utilities.performance_profiler | Performance report saved to data/performance_report.txt
2025-09-23 15:56:25,636 | INFO | scripts.Utilities.optimization_manager | Optimization 'memory_efficient_imports': enabled
2025-09-23 15:56:25,641 | INFO | scripts.Utilities.optimization_manager | Optimization 'streaming_excel_exports': enabled
2025-09-23 15:56:25,641 | INFO | scripts.Utilities.optimization_manager | Optimization 'batch_database_operations': enabled
2025-09-23 15:56:25,642 | INFO | scripts.Utilities.optimization_manager | Optimization 'performance_monitoring': enabled
2025-09-23 15:56:25,643 | INFO | scripts.Utilities.optimization_manager | Optimization 'database_indexes': enabled
2025-09-23 15:56:25,643 | INFO | scripts.Utilities.optimization_manager | Optimization 'adaptive_chunk_sizing': enabled
2025-09-23 15:56:25,660 | INFO | scripts.Utilities.optimized_import_utils | Database optimizations applied successfully
2025-09-23 15:56:25,692 | INFO | scripts.Utilities.optimized_import_utils | Performance indexes created successfully
2025-09-23 15:56:25,696 | INFO | scripts.Utilities.optimization_manager | Database optimizations applied successfully
2025-09-23 15:56:25,698 | INFO | scripts.Utilities.optimization_manager | FWMIS Optimization Status:
2025-09-23 15:56:25,703 | INFO | scripts.Utilities.optimization_manager | ==============================
2025-09-23 15:56:25,827 | INFO | scripts.Utilities.optimization_manager | 
Overall Status: All optimizations enabled
2025-09-23 15:56:25,832 | WARNING | scripts.Utilities.performance_profiler | psutil not available for memory profiling
2025-09-23 15:56:25,840 | INFO | scripts.Utilities.performance_profiler | === FWMIS PERFORMANCE REPORT ===
Generated: 2025-09-23 15:56:25

SYSTEM INFORMATION: psutil not available

DATABASE SIZE: 0.4 MB

PERFORMANCE RECOMMENDATIONS:
  1. Use streaming for large file imports
  2. Implement batch database operations
  3. Create appropriate database indexes
  4. Monitor memory usage during operations
  5. Use SQL aggregations instead of Python loops
  6. Consider PyPy for 2-7x speed improvements
2025-09-23 15:56:25,847 | INFO | scripts.Utilities.performance_profiler | Performance report saved to data/performance_report.txt
2025-09-23 15:58:54,949 | INFO | scripts.Utilities.optimization_manager | Optimization 'memory_efficient_imports': enabled
2025-09-23 15:58:54,950 | INFO | scripts.Utilities.optimization_manager | Optimization 'streaming_excel_exports': enabled
2025-09-23 15:58:54,952 | INFO | scripts.Utilities.optimization_manager | Optimization 'batch_database_operations': enabled
2025-09-23 15:58:54,953 | INFO | scripts.Utilities.optimization_manager | Optimization 'performance_monitoring': enabled
2025-09-23 15:58:54,954 | INFO | scripts.Utilities.optimization_manager | Optimization 'database_indexes': enabled
2025-09-23 15:58:54,955 | INFO | scripts.Utilities.optimization_manager | Optimization 'adaptive_chunk_sizing': enabled
2025-09-23 15:58:54,967 | INFO | scripts.Utilities.optimized_import_utils | Database optimizations applied successfully
2025-09-23 15:58:54,981 | INFO | scripts.Utilities.optimized_import_utils | Performance indexes created successfully
2025-09-23 15:58:54,990 | INFO | scripts.Utilities.optimization_manager | Database optimizations applied successfully
2025-09-23 15:58:54,993 | INFO | scripts.Utilities.optimization_manager | FWMIS Optimization Status:
2025-09-23 15:58:54,996 | INFO | scripts.Utilities.optimization_manager | ==============================
2025-09-23 15:58:55,149 | INFO | scripts.Utilities.optimization_manager | 
Overall Status: All optimizations enabled
2025-09-23 15:58:55,151 | WARNING | scripts.Utilities.performance_profiler | psutil not available for memory profiling
2025-09-23 15:58:55,153 | INFO | scripts.Utilities.performance_profiler | === FWMIS PERFORMANCE REPORT ===
Generated: 2025-09-23 15:58:55

SYSTEM INFORMATION: psutil not available

DATABASE SIZE: 0.4 MB

PERFORMANCE RECOMMENDATIONS:
  1. Use streaming for large file imports
  2. Implement batch database operations
  3. Create appropriate database indexes
  4. Monitor memory usage during operations
  5. Use SQL aggregations instead of Python loops
  6. Consider PyPy for 2-7x speed improvements
2025-09-23 15:58:55,166 | INFO | scripts.Utilities.performance_profiler | Performance report saved to data/performance_report.txt
2025-09-23 16:05:29,680 | INFO | scripts.Utilities.optimization_manager | Optimization 'memory_efficient_imports': enabled
2025-09-23 16:05:29,682 | INFO | scripts.Utilities.optimization_manager | Optimization 'streaming_excel_exports': enabled
2025-09-23 16:05:29,682 | INFO | scripts.Utilities.optimization_manager | Optimization 'batch_database_operations': enabled
2025-09-23 16:05:29,683 | INFO | scripts.Utilities.optimization_manager | Optimization 'performance_monitoring': enabled
2025-09-23 16:05:29,684 | INFO | scripts.Utilities.optimization_manager | Optimization 'database_indexes': enabled
2025-09-23 16:05:29,684 | INFO | scripts.Utilities.optimization_manager | Optimization 'adaptive_chunk_sizing': enabled
2025-09-23 16:05:29,692 | INFO | scripts.Utilities.optimized_import_utils | Database optimizations applied successfully
2025-09-23 16:05:29,715 | INFO | scripts.Utilities.optimized_import_utils | Performance indexes created successfully
2025-09-23 16:05:29,721 | INFO | scripts.Utilities.optimization_manager | Database optimizations applied successfully
2025-09-23 16:05:29,722 | INFO | scripts.Utilities.optimization_manager | FWMIS Optimization Status:
2025-09-23 16:05:29,722 | INFO | scripts.Utilities.optimization_manager | ==============================
2025-09-23 16:05:29,831 | INFO | scripts.Utilities.optimization_manager | 
Overall Status: All optimizations enabled
2025-09-23 16:05:29,834 | WARNING | scripts.Utilities.performance_profiler | psutil not available for memory profiling
2025-09-23 16:05:29,837 | INFO | scripts.Utilities.performance_profiler | === FWMIS PERFORMANCE REPORT ===
Generated: 2025-09-23 16:05:29

SYSTEM INFORMATION: psutil not available

DATABASE SIZE: 0.4 MB

PERFORMANCE RECOMMENDATIONS:
  1. Use streaming for large file imports
  2. Implement batch database operations
  3. Create appropriate database indexes
  4. Monitor memory usage during operations
  5. Use SQL aggregations instead of Python loops
  6. Consider PyPy for 2-7x speed improvements
2025-09-23 16:05:29,841 | INFO | scripts.Utilities.performance_profiler | Performance report saved to data/performance_report.txt
2025-09-23 16:05:34,383 | WARNING | scripts.Utilities.performance_profiler | psutil not available for memory profiling
2025-09-23 16:05:39,394 | WARNING | scripts.Utilities.performance_profiler | psutil not available for memory profiling
2025-09-23 16:05:44,397 | WARNING | scripts.Utilities.performance_profiler | psutil not available for memory profiling
2025-09-23 16:05:49,416 | WARNING | scripts.Utilities.performance_profiler | psutil not available for memory profiling
2025-09-23 16:05:54,435 | WARNING | scripts.Utilities.performance_profiler | psutil not available for memory profiling
2025-09-23 16:05:59,430 | WARNING | scripts.Utilities.performance_profiler | psutil not available for memory profiling
2025-09-23 16:06:03,185 | WARNING | scripts.Utilities.performance_profiler | psutil not available for memory profiling
2025-09-23 16:06:04,442 | WARNING | scripts.Utilities.performance_profiler | psutil not available for memory profiling
2025-09-23 16:06:09,441 | WARNING | scripts.Utilities.performance_profiler | psutil not available for memory profiling
2025-09-23 16:06:14,440 | WARNING | scripts.Utilities.performance_profiler | psutil not available for memory profiling
2025-09-23 16:06:19,427 | WARNING | scripts.Utilities.performance_profiler | psutil not available for memory profiling
2025-09-23 16:06:24,428 | WARNING | scripts.Utilities.performance_profiler | psutil not available for memory profiling
2025-09-23 16:06:29,453 | WARNING | scripts.Utilities.performance_profiler | psutil not available for memory profiling
2025-09-23 16:06:34,455 | WARNING | scripts.Utilities.performance_profiler | psutil not available for memory profiling
2025-09-23 16:06:39,446 | WARNING | scripts.Utilities.performance_profiler | psutil not available for memory profiling
2025-09-23 16:06:44,470 | WARNING | scripts.Utilities.performance_profiler | psutil not available for memory profiling
2025-09-23 16:06:45,715 | INFO | scripts.Utilities.optimization_manager | Optimization 'memory_efficient_imports': enabled
2025-09-23 16:06:45,716 | INFO | scripts.Utilities.optimization_manager | Optimization 'streaming_excel_exports': enabled
2025-09-23 16:06:45,718 | INFO | scripts.Utilities.optimization_manager | Optimization 'batch_database_operations': enabled
2025-09-23 16:06:45,719 | INFO | scripts.Utilities.optimization_manager | Optimization 'performance_monitoring': enabled
2025-09-23 16:06:45,720 | INFO | scripts.Utilities.optimization_manager | Optimization 'database_indexes': enabled
2025-09-23 16:06:45,721 | INFO | scripts.Utilities.optimization_manager | Optimization 'adaptive_chunk_sizing': enabled
2025-09-23 16:06:45,742 | INFO | scripts.Utilities.optimized_import_utils | Database optimizations applied successfully
2025-09-23 16:06:45,778 | INFO | scripts.Utilities.optimized_import_utils | Performance indexes created successfully
2025-09-23 16:06:45,791 | INFO | scripts.Utilities.optimization_manager | Database optimizations applied successfully
2025-09-23 16:06:49,467 | WARNING | scripts.Utilities.performance_profiler | psutil not available for memory profiling
2025-09-23 16:06:53,779 | WARNING | scripts.Utilities.performance_profiler | psutil not available for memory profiling
2025-09-23 16:06:58,757 | WARNING | scripts.Utilities.performance_profiler | psutil not available for memory profiling
2025-09-23 16:06:59,978 | INFO | scripts.Utilities.optimization_manager | Optimization 'memory_efficient_imports': enabled
2025-09-23 16:06:59,980 | INFO | scripts.Utilities.optimization_manager | Optimization 'streaming_excel_exports': enabled
2025-09-23 16:06:59,982 | INFO | scripts.Utilities.optimization_manager | Optimization 'batch_database_operations': enabled
2025-09-23 16:06:59,983 | INFO | scripts.Utilities.optimization_manager | Optimization 'performance_monitoring': enabled
2025-09-23 16:06:59,985 | INFO | scripts.Utilities.optimization_manager | Optimization 'database_indexes': enabled
2025-09-23 16:06:59,986 | INFO | scripts.Utilities.optimization_manager | Optimization 'adaptive_chunk_sizing': enabled
2025-09-23 16:06:59,996 | INFO | scripts.Utilities.optimized_import_utils | Database optimizations applied successfully
2025-09-23 16:07:00,022 | INFO | scripts.Utilities.optimized_import_utils | Performance indexes created successfully
2025-09-23 16:07:00,028 | INFO | scripts.Utilities.optimization_manager | Database optimizations applied successfully
2025-09-23 16:07:04,898 | WARNING | scripts.Utilities.performance_profiler | psutil not available for memory profiling
2025-09-23 16:07:09,909 | WARNING | scripts.Utilities.performance_profiler | psutil not available for memory profiling
2025-09-23 16:07:14,910 | WARNING | scripts.Utilities.performance_profiler | psutil not available for memory profiling
2025-09-23 16:07:19,911 | WARNING | scripts.Utilities.performance_profiler | psutil not available for memory profiling
2025-09-23 16:07:21,949 | WARNING | scripts.Utilities.performance_profiler | psutil not available for memory profiling
2025-09-23 16:10:46,400 | INFO | scripts.Utilities.optimization_manager | Optimization 'memory_efficient_imports': enabled
2025-09-23 16:10:46,401 | INFO | scripts.Utilities.optimization_manager | Optimization 'streaming_excel_exports': enabled
2025-09-23 16:10:46,402 | INFO | scripts.Utilities.optimization_manager | Optimization 'batch_database_operations': enabled
2025-09-23 16:10:46,403 | INFO | scripts.Utilities.optimization_manager | Optimization 'performance_monitoring': enabled
2025-09-23 16:10:46,403 | INFO | scripts.Utilities.optimization_manager | Optimization 'database_indexes': enabled
2025-09-23 16:10:46,404 | INFO | scripts.Utilities.optimization_manager | Optimization 'adaptive_chunk_sizing': enabled
2025-09-23 16:10:46,410 | INFO | scripts.Utilities.optimized_import_utils | Database optimizations applied successfully
2025-09-23 16:10:46,419 | INFO | scripts.Utilities.optimized_import_utils | Performance indexes created successfully
2025-09-23 16:10:46,431 | INFO | scripts.Utilities.optimization_manager | Database optimizations applied successfully
2025-09-23 16:10:46,432 | INFO | scripts.Utilities.optimization_manager | FWMIS Optimization Status:
2025-09-23 16:10:46,433 | INFO | scripts.Utilities.optimization_manager | ==============================
2025-09-23 16:10:46,523 | INFO | scripts.Utilities.optimization_manager | 
Overall Status: All optimizations enabled
2025-09-23 16:10:46,525 | WARNING | scripts.Utilities.performance_profiler | psutil not available for memory profiling
2025-09-23 16:10:46,528 | INFO | scripts.Utilities.performance_profiler | === FWMIS PERFORMANCE REPORT ===
Generated: 2025-09-23 16:10:46

SYSTEM INFORMATION: psutil not available

DATABASE SIZE: 0.4 MB

PERFORMANCE RECOMMENDATIONS:
  1. Use streaming for large file imports
  2. Implement batch database operations
  3. Create appropriate database indexes
  4. Monitor memory usage during operations
  5. Use SQL aggregations instead of Python loops
  6. Consider PyPy for 2-7x speed improvements
2025-09-23 16:10:46,534 | INFO | scripts.Utilities.performance_profiler | Performance report saved to data/performance_report.txt
2025-09-23 16:10:50,019 | WARNING | scripts.Utilities.performance_profiler | psutil not available for memory profiling
2025-09-23 16:10:55,023 | WARNING | scripts.Utilities.performance_profiler | psutil not available for memory profiling
2025-09-23 16:11:00,028 | WARNING | scripts.Utilities.performance_profiler | psutil not available for memory profiling
2025-09-23 16:11:05,029 | WARNING | scripts.Utilities.performance_profiler | psutil not available for memory profiling
2025-09-23 16:11:10,040 | WARNING | scripts.Utilities.performance_profiler | psutil not available for memory profiling
2025-09-23 16:11:15,056 | WARNING | scripts.Utilities.performance_profiler | psutil not available for memory profiling
2025-09-23 16:11:16,836 | INFO | scripts.Utilities.optimization_manager | Optimization 'memory_efficient_imports': disabled
2025-09-23 16:11:16,836 | INFO | scripts.Utilities.optimization_manager | Optimization 'streaming_excel_exports': disabled
2025-09-23 16:11:16,837 | INFO | scripts.Utilities.optimization_manager | Optimization 'batch_database_operations': disabled
2025-09-23 16:11:16,838 | INFO | scripts.Utilities.optimization_manager | Optimization 'performance_monitoring': disabled
2025-09-23 16:11:16,838 | INFO | scripts.Utilities.optimization_manager | Optimization 'database_indexes': disabled
2025-09-23 16:11:16,838 | INFO | scripts.Utilities.optimization_manager | Optimization 'adaptive_chunk_sizing': disabled
2025-09-23 16:11:20,043 | WARNING | scripts.Utilities.performance_profiler | psutil not available for memory profiling
2025-09-23 16:11:29,770 | INFO | scripts.Utilities.optimization_manager | Optimization 'memory_efficient_imports': enabled
2025-09-23 16:11:29,771 | INFO | scripts.Utilities.optimization_manager | Optimization 'streaming_excel_exports': enabled
2025-09-23 16:11:29,772 | INFO | scripts.Utilities.optimization_manager | Optimization 'batch_database_operations': enabled
2025-09-23 16:11:29,772 | INFO | scripts.Utilities.optimization_manager | Optimization 'performance_monitoring': enabled
2025-09-23 16:11:29,773 | INFO | scripts.Utilities.optimization_manager | Optimization 'database_indexes': enabled
2025-09-23 16:11:29,773 | INFO | scripts.Utilities.optimization_manager | Optimization 'adaptive_chunk_sizing': enabled
2025-09-23 16:11:29,780 | INFO | scripts.Utilities.optimized_import_utils | Database optimizations applied successfully
2025-09-23 16:11:29,798 | INFO | scripts.Utilities.optimized_import_utils | Performance indexes created successfully
2025-09-23 16:11:29,805 | INFO | scripts.Utilities.optimization_manager | Database optimizations applied successfully
2025-09-23 16:11:29,806 | INFO | scripts.Utilities.optimization_manager | FWMIS Optimization Status:
2025-09-23 16:11:29,808 | INFO | scripts.Utilities.optimization_manager | ==============================
2025-09-23 16:11:29,891 | INFO | scripts.Utilities.optimization_manager | 
Overall Status: All optimizations enabled
2025-09-23 16:11:29,895 | WARNING | scripts.Utilities.performance_profiler | psutil not available for memory profiling
2025-09-23 16:11:29,897 | INFO | scripts.Utilities.performance_profiler | === FWMIS PERFORMANCE REPORT ===
Generated: 2025-09-23 16:11:29

SYSTEM INFORMATION: psutil not available

DATABASE SIZE: 0.4 MB

PERFORMANCE RECOMMENDATIONS:
  1. Use streaming for large file imports
  2. Implement batch database operations
  3. Create appropriate database indexes
  4. Monitor memory usage during operations
  5. Use SQL aggregations instead of Python loops
  6. Consider PyPy for 2-7x speed improvements
2025-09-23 16:11:29,902 | INFO | scripts.Utilities.performance_profiler | Performance report saved to data/performance_report.txt
2025-09-23 16:11:33,087 | WARNING | scripts.Utilities.performance_profiler | psutil not available for memory profiling
2025-09-23 16:11:38,095 | WARNING | scripts.Utilities.performance_profiler | psutil not available for memory profiling
2025-09-23 16:11:43,101 | WARNING | scripts.Utilities.performance_profiler | psutil not available for memory profiling
2025-09-23 16:11:48,108 | WARNING | scripts.Utilities.performance_profiler | psutil not available for memory profiling
2025-09-23 16:11:50,825 | INFO | scripts.Utilities.optimization_manager | Optimization 'memory_efficient_imports': disabled
2025-09-23 16:11:50,826 | INFO | scripts.Utilities.optimization_manager | Optimization 'streaming_excel_exports': disabled
2025-09-23 16:11:50,827 | INFO | scripts.Utilities.optimization_manager | Optimization 'batch_database_operations': disabled
2025-09-23 16:11:50,827 | INFO | scripts.Utilities.optimization_manager | Optimization 'performance_monitoring': disabled
2025-09-23 16:11:50,828 | INFO | scripts.Utilities.optimization_manager | Optimization 'database_indexes': disabled
2025-09-23 16:11:50,828 | INFO | scripts.Utilities.optimization_manager | Optimization 'adaptive_chunk_sizing': disabled
2025-09-23 16:11:55,023 | WARNING | scripts.Utilities.performance_profiler | psutil not available for memory profiling
2025-09-23 16:12:00,030 | WARNING | scripts.Utilities.performance_profiler | psutil not available for memory profiling
2025-09-23 16:12:05,037 | WARNING | scripts.Utilities.performance_profiler | psutil not available for memory profiling
2025-09-23 16:12:10,036 | WARNING | scripts.Utilities.performance_profiler | psutil not available for memory profiling
2025-09-23 16:12:15,046 | WARNING | scripts.Utilities.performance_profiler | psutil not available for memory profiling
2025-09-23 16:12:20,051 | WARNING | scripts.Utilities.performance_profiler | psutil not available for memory profiling
2025-09-23 16:12:25,048 | WARNING | scripts.Utilities.performance_profiler | psutil not available for memory profiling
2025-09-23 16:12:30,045 | WARNING | scripts.Utilities.performance_profiler | psutil not available for memory profiling
2025-09-23 16:12:35,044 | WARNING | scripts.Utilities.performance_profiler | psutil not available for memory profiling
2025-09-23 16:12:40,043 | WARNING | scripts.Utilities.performance_profiler | psutil not available for memory profiling
2025-09-23 16:12:45,055 | WARNING | scripts.Utilities.performance_profiler | psutil not available for memory profiling
2025-09-23 16:12:50,063 | WARNING | scripts.Utilities.performance_profiler | psutil not available for memory profiling
2025-09-23 16:12:55,067 | WARNING | scripts.Utilities.performance_profiler | psutil not available for memory profiling
2025-09-23 16:13:00,060 | WARNING | scripts.Utilities.performance_profiler | psutil not available for memory profiling
2025-09-23 16:13:05,080 | WARNING | scripts.Utilities.performance_profiler | psutil not available for memory profiling
2025-09-23 16:13:10,081 | WARNING | scripts.Utilities.performance_profiler | psutil not available for memory profiling
2025-09-23 16:13:15,074 | WARNING | scripts.Utilities.performance_profiler | psutil not available for memory profiling
2025-09-23 16:13:20,093 | WARNING | scripts.Utilities.performance_profiler | psutil not available for memory profiling
2025-09-23 16:13:25,108 | WARNING | scripts.Utilities.performance_profiler | psutil not available for memory profiling
2025-09-23 16:13:27,172 | WARNING | scripts.Utilities.performance_profiler | psutil not available for memory profiling
2025-09-23 16:23:41,006 | INFO | scripts.Utilities.optimization_manager | Optimization 'memory_efficient_imports': enabled
2025-09-23 16:23:41,009 | INFO | scripts.Utilities.optimization_manager | Optimization 'streaming_excel_exports': enabled
2025-09-23 16:23:41,011 | INFO | scripts.Utilities.optimization_manager | Optimization 'batch_database_operations': enabled
2025-09-23 16:23:41,013 | INFO | scripts.Utilities.optimization_manager | Optimization 'performance_monitoring': enabled
2025-09-23 16:23:41,015 | INFO | scripts.Utilities.optimization_manager | Optimization 'database_indexes': enabled
2025-09-23 16:23:41,018 | INFO | scripts.Utilities.optimization_manager | Optimization 'adaptive_chunk_sizing': enabled
2025-09-23 16:23:41,049 | INFO | scripts.Utilities.optimized_import_utils | Database optimizations applied successfully
2025-09-23 16:23:41,107 | INFO | scripts.Utilities.optimized_import_utils | Performance indexes created successfully
2025-09-23 16:23:41,133 | INFO | scripts.Utilities.optimization_manager | Database optimizations applied successfully
2025-09-23 16:23:41,137 | INFO | scripts.Utilities.optimization_manager | FWMIS Optimization Status:
2025-09-23 16:23:41,139 | INFO | scripts.Utilities.optimization_manager | ==============================
2025-09-23 16:23:41,266 | INFO | scripts.Utilities.optimization_manager | 
Overall Status: All optimizations enabled
2025-09-23 16:23:41,274 | WARNING | scripts.Utilities.performance_profiler | psutil not available for memory profiling
2025-09-23 16:23:41,285 | INFO | scripts.Utilities.performance_profiler | === FWMIS PERFORMANCE REPORT ===
Generated: 2025-09-23 16:23:41

SYSTEM INFORMATION: psutil not available

DATABASE SIZE: 0.4 MB

PERFORMANCE RECOMMENDATIONS:
  1. Use streaming for large file imports
  2. Implement batch database operations
  3. Create appropriate database indexes
  4. Monitor memory usage during operations
  5. Use SQL aggregations instead of Python loops
  6. Consider PyPy for 2-7x speed improvements
2025-09-23 16:23:41,301 | INFO | scripts.Utilities.performance_profiler | Performance report saved to data/performance_report.txt
2025-09-23 16:27:28,494 | ERROR | scripts.optimization_management | Error opening optimization management dialog: name 'resources_layout' is not defined
2025-09-23 16:28:43,828 | INFO | scripts.Utilities.optimization_manager | Optimization 'memory_efficient_imports': enabled
2025-09-23 16:28:43,835 | INFO | scripts.Utilities.optimization_manager | Optimization 'streaming_excel_exports': enabled
2025-09-23 16:28:43,837 | INFO | scripts.Utilities.optimization_manager | Optimization 'batch_database_operations': enabled
2025-09-23 16:28:43,841 | INFO | scripts.Utilities.optimization_manager | Optimization 'performance_monitoring': enabled
2025-09-23 16:28:43,846 | INFO | scripts.Utilities.optimization_manager | Optimization 'database_indexes': enabled
2025-09-23 16:28:43,850 | INFO | scripts.Utilities.optimization_manager | Optimization 'adaptive_chunk_sizing': enabled
2025-09-23 16:28:43,887 | INFO | scripts.Utilities.optimized_import_utils | Database optimizations applied successfully
2025-09-23 16:28:43,930 | INFO | scripts.Utilities.optimized_import_utils | Performance indexes created successfully
2025-09-23 16:28:43,955 | INFO | scripts.Utilities.optimization_manager | Database optimizations applied successfully
2025-09-23 16:28:43,961 | INFO | scripts.Utilities.optimization_manager | FWMIS Optimization Status:
2025-09-23 16:28:43,968 | INFO | scripts.Utilities.optimization_manager | ==============================
2025-09-23 16:28:43,972 | INFO | scripts.Utilities.optimization_manager | [OK] memory_efficient_imports: enabled
2025-09-23 16:28:43,975 | INFO | scripts.Utilities.optimization_manager | [OK] streaming_excel_exports: enabled
2025-09-23 16:28:43,980 | INFO | scripts.Utilities.optimization_manager | [OK] batch_database_operations: enabled
2025-09-23 16:28:43,983 | INFO | scripts.Utilities.optimization_manager | [OK] performance_monitoring: enabled
2025-09-23 16:28:43,985 | INFO | scripts.Utilities.optimization_manager | [OK] database_indexes: enabled
2025-09-23 16:28:43,987 | INFO | scripts.Utilities.optimization_manager | [OK] adaptive_chunk_sizing: enabled
2025-09-23 16:28:43,988 | INFO | scripts.Utilities.optimization_manager | 
Overall Status: All optimizations enabled
2025-09-23 16:28:43,993 | WARNING | scripts.Utilities.performance_profiler | psutil not available for memory profiling
2025-09-23 16:28:44,003 | INFO | scripts.Utilities.performance_profiler | === FWMIS PERFORMANCE REPORT ===
Generated: 2025-09-23 16:28:43

SYSTEM INFORMATION: psutil not available

DATABASE SIZE: 0.4 MB

PERFORMANCE RECOMMENDATIONS:
  1. Use streaming for large file imports
  2. Implement batch database operations
  3. Create appropriate database indexes
  4. Monitor memory usage during operations
  5. Use SQL aggregations instead of Python loops
  6. Consider PyPy for 2-7x speed improvements
2025-09-23 16:28:44,015 | INFO | scripts.Utilities.performance_profiler | Performance report saved to data/performance_report.txt
2025-09-23 16:28:50,653 | WARNING | scripts.Utilities.performance_profiler | psutil not available for memory profiling
2025-09-23 16:28:55,666 | WARNING | scripts.Utilities.performance_profiler | psutil not available for memory profiling
2025-09-23 16:29:00,663 | WARNING | scripts.Utilities.performance_profiler | psutil not available for memory profiling
2025-09-23 16:29:05,663 | WARNING | scripts.Utilities.performance_profiler | psutil not available for memory profiling
2025-09-23 16:29:07,808 | INFO | scripts.Utilities.optimization_manager | Optimization 'memory_efficient_imports': enabled
2025-09-23 16:29:07,810 | INFO | scripts.Utilities.optimization_manager | Optimization 'streaming_excel_exports': enabled
2025-09-23 16:29:07,810 | INFO | scripts.Utilities.optimization_manager | Optimization 'batch_database_operations': enabled
2025-09-23 16:29:07,811 | INFO | scripts.Utilities.optimization_manager | Optimization 'performance_monitoring': enabled
2025-09-23 16:29:07,812 | INFO | scripts.Utilities.optimization_manager | Optimization 'database_indexes': enabled
2025-09-23 16:29:07,812 | INFO | scripts.Utilities.optimization_manager | Optimization 'adaptive_chunk_sizing': enabled
2025-09-23 16:29:07,837 | INFO | scripts.Utilities.optimized_import_utils | Database optimizations applied successfully
2025-09-23 16:29:07,890 | INFO | scripts.Utilities.optimized_import_utils | Performance indexes created successfully
2025-09-23 16:29:07,908 | INFO | scripts.Utilities.optimization_manager | Database optimizations applied successfully
2025-09-23 16:29:10,656 | WARNING | scripts.Utilities.performance_profiler | psutil not available for memory profiling
2025-09-23 16:29:21,198 | INFO | scripts.Utilities.optimization_manager | Optimization 'memory_efficient_imports': enabled
2025-09-23 16:29:21,201 | INFO | scripts.Utilities.optimization_manager | Optimization 'streaming_excel_exports': enabled
2025-09-23 16:29:21,201 | INFO | scripts.Utilities.optimization_manager | Optimization 'batch_database_operations': enabled
2025-09-23 16:29:21,202 | INFO | scripts.Utilities.optimization_manager | Optimization 'performance_monitoring': enabled
2025-09-23 16:29:21,203 | INFO | scripts.Utilities.optimization_manager | Optimization 'database_indexes': enabled
2025-09-23 16:29:21,204 | INFO | scripts.Utilities.optimization_manager | Optimization 'adaptive_chunk_sizing': enabled
2025-09-23 16:29:21,230 | INFO | scripts.Utilities.optimized_import_utils | Database optimizations applied successfully
2025-09-23 16:29:21,277 | INFO | scripts.Utilities.optimized_import_utils | Performance indexes created successfully
2025-09-23 16:29:21,292 | INFO | scripts.Utilities.optimization_manager | Database optimizations applied successfully
2025-09-23 16:29:21,295 | INFO | scripts.Utilities.optimization_manager | FWMIS Optimization Status:
2025-09-23 16:29:21,296 | INFO | scripts.Utilities.optimization_manager | ==============================
2025-09-23 16:29:21,297 | INFO | scripts.Utilities.optimization_manager | [OK] memory_efficient_imports: enabled
2025-09-23 16:29:21,297 | INFO | scripts.Utilities.optimization_manager | [OK] streaming_excel_exports: enabled
2025-09-23 16:29:21,298 | INFO | scripts.Utilities.optimization_manager | [OK] batch_database_operations: enabled
2025-09-23 16:29:21,299 | INFO | scripts.Utilities.optimization_manager | [OK] performance_monitoring: enabled
2025-09-23 16:29:21,300 | INFO | scripts.Utilities.optimization_manager | [OK] database_indexes: enabled
2025-09-23 16:29:21,301 | INFO | scripts.Utilities.optimization_manager | [OK] adaptive_chunk_sizing: enabled
2025-09-23 16:29:21,302 | INFO | scripts.Utilities.optimization_manager | 
Overall Status: All optimizations enabled
2025-09-23 16:29:21,306 | WARNING | scripts.Utilities.performance_profiler | psutil not available for memory profiling
2025-09-23 16:29:21,313 | INFO | scripts.Utilities.performance_profiler | === FWMIS PERFORMANCE REPORT ===
Generated: 2025-09-23 16:29:21

SYSTEM INFORMATION: psutil not available

DATABASE SIZE: 0.4 MB

PERFORMANCE RECOMMENDATIONS:
  1. Use streaming for large file imports
  2. Implement batch database operations
  3. Create appropriate database indexes
  4. Monitor memory usage during operations
  5. Use SQL aggregations instead of Python loops
  6. Consider PyPy for 2-7x speed improvements
2025-09-23 16:29:21,330 | INFO | scripts.Utilities.performance_profiler | Performance report saved to data/performance_report.txt
2025-09-23 16:29:27,018 | WARNING | scripts.Utilities.performance_profiler | psutil not available for memory profiling
2025-09-23 16:29:32,029 | WARNING | scripts.Utilities.performance_profiler | psutil not available for memory profiling
2025-09-23 16:29:37,022 | WARNING | scripts.Utilities.performance_profiler | psutil not available for memory profiling
2025-09-23 16:29:42,034 | WARNING | scripts.Utilities.performance_profiler | psutil not available for memory profiling
2025-09-23 16:29:42,915 | INFO | scripts.Utilities.optimization_manager | Optimization 'memory_efficient_imports': enabled
2025-09-23 16:29:42,916 | INFO | scripts.Utilities.optimization_manager | Optimization 'streaming_excel_exports': enabled
2025-09-23 16:29:42,917 | INFO | scripts.Utilities.optimization_manager | Optimization 'batch_database_operations': enabled
2025-09-23 16:29:42,917 | INFO | scripts.Utilities.optimization_manager | Optimization 'performance_monitoring': enabled
2025-09-23 16:29:42,918 | INFO | scripts.Utilities.optimization_manager | Optimization 'database_indexes': enabled
2025-09-23 16:29:42,918 | INFO | scripts.Utilities.optimization_manager | Optimization 'adaptive_chunk_sizing': enabled
2025-09-23 16:29:42,941 | INFO | scripts.Utilities.optimized_import_utils | Database optimizations applied successfully
2025-09-23 16:29:42,973 | INFO | scripts.Utilities.optimized_import_utils | Performance indexes created successfully
2025-09-23 16:29:42,982 | INFO | scripts.Utilities.optimization_manager | Database optimizations applied successfully
2025-09-23 16:31:11,004 | INFO | scripts.Utilities.optimization_manager | Optimization 'memory_efficient_imports': enabled
2025-09-23 16:31:11,005 | INFO | scripts.Utilities.optimization_manager | Optimization 'streaming_excel_exports': enabled
2025-09-23 16:31:11,005 | INFO | scripts.Utilities.optimization_manager | Optimization 'batch_database_operations': enabled
2025-09-23 16:31:11,006 | INFO | scripts.Utilities.optimization_manager | Optimization 'performance_monitoring': enabled
2025-09-23 16:31:11,006 | INFO | scripts.Utilities.optimization_manager | Optimization 'database_indexes': enabled
2025-09-23 16:31:11,007 | INFO | scripts.Utilities.optimization_manager | Optimization 'adaptive_chunk_sizing': enabled
2025-09-23 16:31:11,015 | INFO | scripts.Utilities.optimized_import_utils | Database optimizations applied successfully
2025-09-23 16:31:11,025 | INFO | scripts.Utilities.optimized_import_utils | Performance indexes created successfully
2025-09-23 16:31:11,029 | INFO | scripts.Utilities.optimization_manager | Database optimizations applied successfully
2025-09-23 16:31:11,030 | INFO | scripts.Utilities.optimization_manager | FWMIS Optimization Status:
2025-09-23 16:31:11,031 | INFO | scripts.Utilities.optimization_manager | ==============================
2025-09-23 16:31:11,031 | INFO | scripts.Utilities.optimization_manager | [OK] memory_efficient_imports: enabled
2025-09-23 16:31:11,032 | INFO | scripts.Utilities.optimization_manager | [OK] streaming_excel_exports: enabled
2025-09-23 16:31:11,033 | INFO | scripts.Utilities.optimization_manager | [OK] batch_database_operations: enabled
2025-09-23 16:31:11,034 | INFO | scripts.Utilities.optimization_manager | [OK] performance_monitoring: enabled
2025-09-23 16:31:11,035 | INFO | scripts.Utilities.optimization_manager | [OK] database_indexes: enabled
2025-09-23 16:31:11,039 | INFO | scripts.Utilities.optimization_manager | [OK] adaptive_chunk_sizing: enabled
2025-09-23 16:31:11,042 | INFO | scripts.Utilities.optimization_manager | 
Overall Status: All optimizations enabled
2025-09-23 16:31:11,046 | WARNING | scripts.Utilities.performance_profiler | psutil not available for memory profiling
2025-09-23 16:31:11,049 | INFO | scripts.Utilities.performance_profiler | === FWMIS PERFORMANCE REPORT ===
Generated: 2025-09-23 16:31:11

SYSTEM INFORMATION: psutil not available

DATABASE SIZE: 0.4 MB

PERFORMANCE RECOMMENDATIONS:
  1. Use streaming for large file imports
  2. Implement batch database operations
  3. Create appropriate database indexes
  4. Monitor memory usage during operations
  5. Use SQL aggregations instead of Python loops
  6. Consider PyPy for 2-7x speed improvements
2025-09-23 16:31:11,052 | INFO | scripts.Utilities.performance_profiler | Performance report saved to data/performance_report.txt
2025-09-23 16:31:15,607 | WARNING | scripts.Utilities.performance_profiler | psutil not available for memory profiling
2025-09-23 16:31:20,613 | WARNING | scripts.Utilities.performance_profiler | psutil not available for memory profiling
2025-09-23 16:31:25,605 | WARNING | scripts.Utilities.performance_profiler | psutil not available for memory profiling
2025-09-23 16:31:30,615 | WARNING | scripts.Utilities.performance_profiler | psutil not available for memory profiling
2025-09-23 16:31:35,620 | WARNING | scripts.Utilities.performance_profiler | psutil not available for memory profiling
2025-09-23 16:31:40,623 | WARNING | scripts.Utilities.performance_profiler | psutil not available for memory profiling
2025-09-23 16:31:45,637 | WARNING | scripts.Utilities.performance_profiler | psutil not available for memory profiling
2025-09-23 16:31:50,629 | WARNING | scripts.Utilities.performance_profiler | psutil not available for memory profiling
2025-09-23 16:31:55,628 | WARNING | scripts.Utilities.performance_profiler | psutil not available for memory profiling
2025-09-23 16:32:00,624 | WARNING | scripts.Utilities.performance_profiler | psutil not available for memory profiling
2025-09-23 16:32:05,639 | WARNING | scripts.Utilities.performance_profiler | psutil not available for memory profiling
2025-09-23 16:32:10,630 | WARNING | scripts.Utilities.performance_profiler | psutil not available for memory profiling
2025-09-23 16:32:15,634 | WARNING | scripts.Utilities.performance_profiler | psutil not available for memory profiling
2025-09-23 16:32:20,626 | WARNING | scripts.Utilities.performance_profiler | psutil not available for memory profiling
2025-09-23 16:32:25,641 | WARNING | scripts.Utilities.performance_profiler | psutil not available for memory profiling
2025-09-23 16:32:27,272 | WARNING | scripts.Utilities.performance_profiler | psutil not available for memory profiling
2025-09-23 16:34:43,837 | INFO | scripts.Utilities.optimization_manager | Optimization 'memory_efficient_imports': enabled
2025-09-23 16:34:43,852 | INFO | scripts.Utilities.optimization_manager | Optimization 'streaming_excel_exports': enabled
2025-09-23 16:34:43,857 | INFO | scripts.Utilities.optimization_manager | Optimization 'batch_database_operations': enabled
2025-09-23 16:34:43,871 | INFO | scripts.Utilities.optimization_manager | Optimization 'performance_monitoring': enabled
2025-09-23 16:34:43,877 | INFO | scripts.Utilities.optimization_manager | Optimization 'database_indexes': enabled
2025-09-23 16:34:43,884 | INFO | scripts.Utilities.optimization_manager | Optimization 'adaptive_chunk_sizing': enabled
2025-09-23 16:34:43,932 | INFO | scripts.Utilities.optimized_import_utils | Database optimizations applied successfully
2025-09-23 16:34:43,977 | INFO | scripts.Utilities.optimized_import_utils | Performance indexes created successfully
2025-09-23 16:34:43,996 | INFO | scripts.Utilities.optimization_manager | Database optimizations applied successfully
2025-09-23 16:34:44,000 | INFO | scripts.Utilities.optimization_manager | FWMIS Optimization Status:
2025-09-23 16:34:44,001 | INFO | scripts.Utilities.optimization_manager | ==============================
2025-09-23 16:34:44,003 | INFO | scripts.Utilities.optimization_manager | [OK] memory_efficient_imports: enabled
2025-09-23 16:34:44,004 | INFO | scripts.Utilities.optimization_manager | [OK] streaming_excel_exports: enabled
2025-09-23 16:34:44,004 | INFO | scripts.Utilities.optimization_manager | [OK] batch_database_operations: enabled
2025-09-23 16:34:44,005 | INFO | scripts.Utilities.optimization_manager | [OK] performance_monitoring: enabled
2025-09-23 16:34:44,007 | INFO | scripts.Utilities.optimization_manager | [OK] database_indexes: enabled
2025-09-23 16:34:44,008 | INFO | scripts.Utilities.optimization_manager | [OK] adaptive_chunk_sizing: enabled
2025-09-23 16:34:44,011 | INFO | scripts.Utilities.optimization_manager | 
Overall Status: All optimizations enabled
2025-09-23 16:34:44,017 | INFO | scripts.Utilities.performance_profiler | Memory snapshot 'app_start': RSS=50.2MB
2025-09-23 16:34:44,061 | INFO | scripts.Utilities.performance_profiler | === FWMIS PERFORMANCE REPORT ===
Generated: 2025-09-23 16:34:44

SYSTEM INFORMATION:
  CPU Cores: 12
  Total Memory: 7.6 GB
  Available Memory: 0.5 GB
  Memory Usage: 93.5%

DATABASE SIZE: 0.4 MB

PERFORMANCE RECOMMENDATIONS:
  1. Use streaming for large file imports
  2. Implement batch database operations
  3. Create appropriate database indexes
  4. Monitor memory usage during operations
  5. Use SQL aggregations instead of Python loops
  6. Consider PyPy for 2-7x speed improvements
2025-09-23 16:34:44,083 | INFO | scripts.Utilities.performance_profiler | Performance report saved to data/performance_report.txt
2025-09-23 16:34:57,304 | INFO | scripts.Utilities.optimization_manager | Optimization 'memory_efficient_imports': enabled
2025-09-23 16:34:57,307 | INFO | scripts.Utilities.optimization_manager | Optimization 'streaming_excel_exports': enabled
2025-09-23 16:34:57,307 | INFO | scripts.Utilities.optimization_manager | Optimization 'batch_database_operations': enabled
2025-09-23 16:34:57,308 | INFO | scripts.Utilities.optimization_manager | Optimization 'performance_monitoring': enabled
2025-09-23 16:34:57,308 | INFO | scripts.Utilities.optimization_manager | Optimization 'database_indexes': enabled
2025-09-23 16:34:57,309 | INFO | scripts.Utilities.optimization_manager | Optimization 'adaptive_chunk_sizing': enabled
2025-09-23 16:34:57,333 | INFO | scripts.Utilities.optimized_import_utils | Database optimizations applied successfully
2025-09-23 16:34:57,386 | INFO | scripts.Utilities.optimized_import_utils | Performance indexes created successfully
2025-09-23 16:34:57,416 | INFO | scripts.Utilities.optimization_manager | Database optimizations applied successfully
2025-09-23 16:34:57,416 | INFO | scripts.Utilities.optimization_manager | FWMIS Optimization Status:
2025-09-23 16:34:57,417 | INFO | scripts.Utilities.optimization_manager | ==============================
2025-09-23 16:34:57,417 | INFO | scripts.Utilities.optimization_manager | [OK] memory_efficient_imports: enabled
2025-09-23 16:34:57,418 | INFO | scripts.Utilities.optimization_manager | [OK] streaming_excel_exports: enabled
2025-09-23 16:34:57,419 | INFO | scripts.Utilities.optimization_manager | [OK] batch_database_operations: enabled
2025-09-23 16:34:57,419 | INFO | scripts.Utilities.optimization_manager | [OK] performance_monitoring: enabled
2025-09-23 16:34:57,420 | INFO | scripts.Utilities.optimization_manager | [OK] database_indexes: enabled
2025-09-23 16:34:57,421 | INFO | scripts.Utilities.optimization_manager | [OK] adaptive_chunk_sizing: enabled
2025-09-23 16:34:57,421 | INFO | scripts.Utilities.optimization_manager | 
Overall Status: All optimizations enabled
2025-09-23 16:34:57,425 | INFO | scripts.Utilities.performance_profiler | Memory snapshot 'app_start': RSS=50.2MB
2025-09-23 16:34:57,449 | INFO | scripts.Utilities.performance_profiler | === FWMIS PERFORMANCE REPORT ===
Generated: 2025-09-23 16:34:57

SYSTEM INFORMATION:
  CPU Cores: 12
  Total Memory: 7.6 GB
  Available Memory: 0.5 GB
  Memory Usage: 93.8%

DATABASE SIZE: 0.4 MB

PERFORMANCE RECOMMENDATIONS:
  1. Use streaming for large file imports
  2. Implement batch database operations
  3. Create appropriate database indexes
  4. Monitor memory usage during operations
  5. Use SQL aggregations instead of Python loops
  6. Consider PyPy for 2-7x speed improvements
2025-09-23 16:34:57,458 | INFO | scripts.Utilities.performance_profiler | Performance report saved to data/performance_report.txt
2025-09-23 16:35:03,092 | INFO | scripts.Utilities.performance_profiler | Memory snapshot 'optimization_dialog_refresh': RSS=76.1MB
2025-09-23 16:35:09,121 | INFO | scripts.Utilities.performance_profiler | Memory snapshot 'optimization_dialog_refresh': RSS=80.2MB
2025-09-23 16:35:14,128 | INFO | scripts.Utilities.performance_profiler | Memory snapshot 'optimization_dialog_refresh': RSS=80.2MB
2025-09-23 16:35:19,121 | INFO | scripts.Utilities.performance_profiler | Memory snapshot 'optimization_dialog_refresh': RSS=80.2MB
2025-09-23 16:35:24,127 | INFO | scripts.Utilities.performance_profiler | Memory snapshot 'optimization_dialog_refresh': RSS=80.2MB
2025-09-23 16:35:29,138 | INFO | scripts.Utilities.performance_profiler | Memory snapshot 'optimization_dialog_refresh': RSS=80.2MB
2025-09-23 16:35:30,154 | INFO | scripts.Utilities.performance_profiler | Memory snapshot 'optimization_dialog_refresh': RSS=80.2MB
2025-09-23 16:39:30,821 | INFO | scripts.Utilities.optimization_manager | Optimization 'memory_efficient_imports': enabled
2025-09-23 16:39:30,822 | INFO | scripts.Utilities.optimization_manager | Optimization 'streaming_excel_exports': enabled
2025-09-23 16:39:30,822 | INFO | scripts.Utilities.optimization_manager | Optimization 'batch_database_operations': enabled
2025-09-23 16:39:30,823 | INFO | scripts.Utilities.optimization_manager | Optimization 'performance_monitoring': enabled
2025-09-23 16:39:30,824 | INFO | scripts.Utilities.optimization_manager | Optimization 'database_indexes': enabled
2025-09-23 16:39:30,825 | INFO | scripts.Utilities.optimization_manager | Optimization 'adaptive_chunk_sizing': enabled
2025-09-23 16:39:30,831 | INFO | scripts.Utilities.optimized_import_utils | Database optimizations applied successfully
2025-09-23 16:39:30,842 | INFO | scripts.Utilities.optimized_import_utils | Performance indexes created successfully
2025-09-23 16:39:30,844 | INFO | scripts.Utilities.optimization_manager | Database optimizations applied successfully
2025-09-23 16:39:30,845 | INFO | scripts.Utilities.optimization_manager | FWMIS Optimization Status:
2025-09-23 16:39:30,846 | INFO | scripts.Utilities.optimization_manager | ==============================
2025-09-23 16:39:30,847 | INFO | scripts.Utilities.optimization_manager | [OK] memory_efficient_imports: enabled
2025-09-23 16:39:30,847 | INFO | scripts.Utilities.optimization_manager | [OK] streaming_excel_exports: enabled
2025-09-23 16:39:30,848 | INFO | scripts.Utilities.optimization_manager | [OK] batch_database_operations: enabled
2025-09-23 16:39:30,849 | INFO | scripts.Utilities.optimization_manager | [OK] performance_monitoring: enabled
2025-09-23 16:39:30,850 | INFO | scripts.Utilities.optimization_manager | [OK] database_indexes: enabled
2025-09-23 16:39:30,850 | INFO | scripts.Utilities.optimization_manager | [OK] adaptive_chunk_sizing: enabled
2025-09-23 16:39:30,851 | INFO | scripts.Utilities.optimization_manager | 
Overall Status: All optimizations enabled
2025-09-23 16:39:30,852 | INFO | scripts.Utilities.performance_profiler | Memory snapshot 'app_start': RSS=50.3MB
2025-09-23 16:39:30,867 | INFO | scripts.Utilities.performance_profiler | === FWMIS PERFORMANCE REPORT ===
Generated: 2025-09-23 16:39:30

SYSTEM INFORMATION:
  CPU Cores: 12
  Total Memory: 7.6 GB
  Available Memory: 0.6 GB
  Memory Usage: 92.1%

DATABASE SIZE: 0.4 MB

PERFORMANCE RECOMMENDATIONS:
  1. Use streaming for large file imports
  2. Implement batch database operations
  3. Create appropriate database indexes
  4. Monitor memory usage during operations
  5. Use SQL aggregations instead of Python loops
  6. Consider PyPy for 2-7x speed improvements
2025-09-23 16:39:30,879 | INFO | scripts.Utilities.performance_profiler | Performance report saved to data/performance_report.txt
2025-09-23 16:39:36,020 | INFO | scripts.Utilities.performance_profiler | Memory snapshot 'optimization_dialog_refresh': RSS=76.0MB
2025-09-23 16:39:42,015 | INFO | scripts.Utilities.performance_profiler | Memory snapshot 'optimization_dialog_refresh': RSS=79.6MB
2025-09-23 16:39:43,499 | INFO | scripts.Utilities.performance_profiler | Memory snapshot 'optimization_dialog_refresh': RSS=79.6MB
2025-09-23 16:41:45,835 | INFO | scripts.Utilities.optimization_manager | Optimization 'memory_efficient_imports': enabled
2025-09-23 16:41:45,836 | INFO | scripts.Utilities.optimization_manager | Optimization 'streaming_excel_exports': enabled
2025-09-23 16:41:45,837 | INFO | scripts.Utilities.optimization_manager | Optimization 'batch_database_operations': enabled
2025-09-23 16:41:45,837 | INFO | scripts.Utilities.optimization_manager | Optimization 'performance_monitoring': enabled
2025-09-23 16:41:45,838 | INFO | scripts.Utilities.optimization_manager | Optimization 'database_indexes': enabled
2025-09-23 16:41:45,838 | INFO | scripts.Utilities.optimization_manager | Optimization 'adaptive_chunk_sizing': enabled
2025-09-23 16:41:45,843 | INFO | scripts.Utilities.optimized_import_utils | Database optimizations applied successfully
2025-09-23 16:41:45,851 | INFO | scripts.Utilities.optimized_import_utils | Performance indexes created successfully
2025-09-23 16:41:45,855 | INFO | scripts.Utilities.optimization_manager | Database optimizations applied successfully
2025-09-23 16:41:45,855 | INFO | scripts.Utilities.optimization_manager | FWMIS Optimization Status:
2025-09-23 16:41:45,856 | INFO | scripts.Utilities.optimization_manager | ==============================
2025-09-23 16:41:45,856 | INFO | scripts.Utilities.optimization_manager | [OK] memory_efficient_imports: enabled
2025-09-23 16:41:45,856 | INFO | scripts.Utilities.optimization_manager | [OK] streaming_excel_exports: enabled
2025-09-23 16:41:45,856 | INFO | scripts.Utilities.optimization_manager | [OK] batch_database_operations: enabled
2025-09-23 16:41:45,856 | INFO | scripts.Utilities.optimization_manager | [OK] performance_monitoring: enabled
2025-09-23 16:41:45,857 | INFO | scripts.Utilities.optimization_manager | [OK] database_indexes: enabled
2025-09-23 16:41:45,857 | INFO | scripts.Utilities.optimization_manager | [OK] adaptive_chunk_sizing: enabled
2025-09-23 16:41:45,857 | INFO | scripts.Utilities.optimization_manager | 
Overall Status: All optimizations enabled
2025-09-23 16:41:45,857 | INFO | scripts.Utilities.performance_profiler | Memory snapshot 'app_start': RSS=50.0MB
2025-09-23 16:41:45,862 | INFO | scripts.Utilities.performance_profiler | === FWMIS PERFORMANCE REPORT ===
Generated: 2025-09-23 16:41:45

SYSTEM INFORMATION:
  CPU Cores: 12
  Total Memory: 7.6 GB
  Available Memory: 2.1 GB
  Memory Usage: 72.6%

PERFORMANCE RECOMMENDATIONS:
  1. Use streaming for large file imports
  2. Implement batch database operations
  3. Create appropriate database indexes
  4. Monitor memory usage during operations
  5. Use SQL aggregations instead of Python loops
  6. Consider PyPy for 2-7x speed improvements
2025-09-23 16:41:45,864 | ERROR | scripts.Utilities.performance_profiler | Error saving performance report: [Errno 2] No such file or directory: 'data/performance_report.txt'
2025-09-23 16:42:14,407 | INFO | scripts.Utilities.performance_profiler | Memory snapshot 'optimization_dialog_refresh': RSS=79.8MB
2025-09-23 16:42:20,439 | INFO | scripts.Utilities.performance_profiler | Memory snapshot 'optimization_dialog_refresh': RSS=83.5MB
2025-09-23 16:42:25,435 | INFO | scripts.Utilities.performance_profiler | Memory snapshot 'optimization_dialog_refresh': RSS=83.5MB
2025-09-23 16:42:30,430 | INFO | scripts.Utilities.performance_profiler | Memory snapshot 'optimization_dialog_refresh': RSS=87.7MB
2025-09-23 16:42:35,438 | INFO | scripts.Utilities.performance_profiler | Memory snapshot 'optimization_dialog_refresh': RSS=87.4MB
2025-09-23 16:42:40,437 | INFO | scripts.Utilities.performance_profiler | Memory snapshot 'optimization_dialog_refresh': RSS=87.4MB
2025-09-23 16:42:40,444 | INFO | scripts.Utilities.optimization_manager | Optimization 'memory_efficient_imports': disabled
2025-09-23 16:42:40,445 | INFO | scripts.Utilities.optimization_manager | Optimization 'streaming_excel_exports': disabled
2025-09-23 16:42:40,446 | INFO | scripts.Utilities.optimization_manager | Optimization 'batch_database_operations': disabled
2025-09-23 16:42:40,447 | INFO | scripts.Utilities.optimization_manager | Optimization 'performance_monitoring': disabled
2025-09-23 16:42:40,448 | INFO | scripts.Utilities.optimization_manager | Optimization 'database_indexes': disabled
2025-09-23 16:42:40,449 | INFO | scripts.Utilities.optimization_manager | Optimization 'adaptive_chunk_sizing': disabled
2025-09-23 16:42:46,370 | INFO | scripts.Utilities.performance_profiler | Memory snapshot 'optimization_dialog_refresh': RSS=85.7MB
2025-09-23 16:42:52,393 | INFO | scripts.Utilities.performance_profiler | Memory snapshot 'optimization_dialog_refresh': RSS=87.5MB
2025-09-23 16:42:57,388 | INFO | scripts.Utilities.performance_profiler | Memory snapshot 'optimization_dialog_refresh': RSS=87.5MB
2025-09-23 16:43:02,395 | INFO | scripts.Utilities.performance_profiler | Memory snapshot 'optimization_dialog_refresh': RSS=87.5MB
2025-09-23 16:43:04,362 | INFO | scripts.Utilities.performance_profiler | Memory snapshot 'optimization_dialog_refresh': RSS=87.5MB
2025-09-24 09:26:24,289 | INFO | scripts.Utilities.optimization_manager | Optimization 'memory_efficient_imports': enabled
2025-09-24 09:26:24,293 | INFO | scripts.Utilities.optimization_manager | Optimization 'streaming_excel_exports': enabled
2025-09-24 09:26:24,294 | INFO | scripts.Utilities.optimization_manager | Optimization 'batch_database_operations': enabled
2025-09-24 09:26:24,294 | INFO | scripts.Utilities.optimization_manager | Optimization 'performance_monitoring': enabled
2025-09-24 09:26:24,295 | INFO | scripts.Utilities.optimization_manager | Optimization 'database_indexes': enabled
2025-09-24 09:26:24,296 | INFO | scripts.Utilities.optimization_manager | Optimization 'adaptive_chunk_sizing': enabled
2025-09-24 09:26:24,302 | INFO | scripts.Utilities.optimized_import_utils | Database optimizations applied successfully
2025-09-24 09:26:24,316 | INFO | scripts.Utilities.optimized_import_utils | Performance indexes created successfully
2025-09-24 09:26:24,321 | INFO | scripts.Utilities.optimization_manager | Database optimizations applied successfully
2025-09-24 09:26:24,322 | INFO | scripts.Utilities.optimization_manager | FWMIS Optimization Status:
2025-09-24 09:26:24,323 | INFO | scripts.Utilities.optimization_manager | ==============================
2025-09-24 09:26:24,324 | INFO | scripts.Utilities.optimization_manager | [OK] memory_efficient_imports: enabled
2025-09-24 09:26:24,325 | INFO | scripts.Utilities.optimization_manager | [OK] streaming_excel_exports: enabled
2025-09-24 09:26:24,326 | INFO | scripts.Utilities.optimization_manager | [OK] batch_database_operations: enabled
2025-09-24 09:26:24,327 | INFO | scripts.Utilities.optimization_manager | [OK] performance_monitoring: enabled
2025-09-24 09:26:24,328 | INFO | scripts.Utilities.optimization_manager | [OK] database_indexes: enabled
2025-09-24 09:26:24,329 | INFO | scripts.Utilities.optimization_manager | [OK] adaptive_chunk_sizing: enabled
2025-09-24 09:26:24,330 | INFO | scripts.Utilities.optimization_manager | 
Overall Status: All optimizations enabled
2025-09-24 09:26:24,336 | INFO | scripts.Utilities.performance_profiler | Memory snapshot 'app_start': RSS=50.1MB
2025-09-24 09:26:24,348 | INFO | scripts.Utilities.performance_profiler | === FWMIS PERFORMANCE REPORT ===
Generated: 2025-09-24 09:26:24

SYSTEM INFORMATION:
  CPU Cores: 12
  Total Memory: 7.6 GB
  Available Memory: 0.9 GB
  Memory Usage: 88.2%

DATABASE SIZE: 0.4 MB

PERFORMANCE RECOMMENDATIONS:
  1. Use streaming for large file imports
  2. Implement batch database operations
  3. Create appropriate database indexes
  4. Monitor memory usage during operations
  5. Use SQL aggregations instead of Python loops
  6. Consider PyPy for 2-7x speed improvements
2025-09-24 09:26:24,362 | INFO | scripts.Utilities.performance_profiler | Performance report saved to data/performance_report.txt
2025-09-24 09:28:18,068 | INFO | scripts.Utilities.optimization_manager | Optimization 'memory_efficient_imports': enabled
2025-09-24 09:28:18,076 | INFO | scripts.Utilities.optimization_manager | Optimization 'streaming_excel_exports': enabled
2025-09-24 09:28:18,078 | INFO | scripts.Utilities.optimization_manager | Optimization 'batch_database_operations': enabled
2025-09-24 09:28:18,079 | INFO | scripts.Utilities.optimization_manager | Optimization 'performance_monitoring': enabled
2025-09-24 09:28:18,080 | INFO | scripts.Utilities.optimization_manager | Optimization 'database_indexes': enabled
2025-09-24 09:28:18,080 | INFO | scripts.Utilities.optimization_manager | Optimization 'adaptive_chunk_sizing': enabled
2025-09-24 09:28:18,112 | INFO | scripts.Utilities.optimized_import_utils | Database optimizations applied successfully
2025-09-24 09:28:18,161 | INFO | scripts.Utilities.optimized_import_utils | Performance indexes created successfully
2025-09-24 09:28:18,178 | INFO | scripts.Utilities.optimization_manager | Database optimizations applied successfully
2025-09-24 09:28:18,179 | INFO | scripts.Utilities.optimization_manager | FWMIS Optimization Status:
2025-09-24 09:28:18,182 | INFO | scripts.Utilities.optimization_manager | ==============================
2025-09-24 09:28:18,186 | INFO | scripts.Utilities.optimization_manager | [OK] memory_efficient_imports: enabled
2025-09-24 09:28:18,189 | INFO | scripts.Utilities.optimization_manager | [OK] streaming_excel_exports: enabled
2025-09-24 09:28:18,191 | INFO | scripts.Utilities.optimization_manager | [OK] batch_database_operations: enabled
2025-09-24 09:28:18,193 | INFO | scripts.Utilities.optimization_manager | [OK] performance_monitoring: enabled
2025-09-24 09:28:18,195 | INFO | scripts.Utilities.optimization_manager | [OK] database_indexes: enabled
2025-09-24 09:28:18,196 | INFO | scripts.Utilities.optimization_manager | [OK] adaptive_chunk_sizing: enabled
2025-09-24 09:28:18,197 | INFO | scripts.Utilities.optimization_manager | 
Overall Status: All optimizations enabled
2025-09-24 09:28:18,199 | INFO | scripts.Utilities.performance_profiler | Memory snapshot 'app_start': RSS=50.2MB
2025-09-24 09:28:18,244 | INFO | scripts.Utilities.performance_profiler | === FWMIS PERFORMANCE REPORT ===
Generated: 2025-09-24 09:28:18

SYSTEM INFORMATION:
  CPU Cores: 12
  Total Memory: 7.6 GB
  Available Memory: 0.4 GB
  Memory Usage: 94.6%

PERFORMANCE RECOMMENDATIONS:
  1. Use streaming for large file imports
  2. Implement batch database operations
  3. Create appropriate database indexes
  4. Monitor memory usage during operations
  5. Use SQL aggregations instead of Python loops
  6. Consider PyPy for 2-7x speed improvements
2025-09-24 09:28:18,250 | ERROR | scripts.Utilities.performance_profiler | Error saving performance report: [Errno 2] No such file or directory: 'data/performance_report.txt'
2025-09-24 09:28:31,321 | INFO | scripts.Utilities.optimization_manager | Optimization 'memory_efficient_imports': enabled
2025-09-24 09:28:31,322 | INFO | scripts.Utilities.optimization_manager | Optimization 'streaming_excel_exports': enabled
2025-09-24 09:28:31,322 | INFO | scripts.Utilities.optimization_manager | Optimization 'batch_database_operations': enabled
2025-09-24 09:28:31,323 | INFO | scripts.Utilities.optimization_manager | Optimization 'performance_monitoring': enabled
2025-09-24 09:28:31,323 | INFO | scripts.Utilities.optimization_manager | Optimization 'database_indexes': enabled
2025-09-24 09:28:31,324 | INFO | scripts.Utilities.optimization_manager | Optimization 'adaptive_chunk_sizing': enabled
2025-09-24 09:28:31,330 | INFO | scripts.Utilities.optimized_import_utils | Database optimizations applied successfully
2025-09-24 09:28:31,338 | INFO | scripts.Utilities.optimized_import_utils | Performance indexes created successfully
2025-09-24 09:28:31,341 | INFO | scripts.Utilities.optimization_manager | Database optimizations applied successfully
2025-09-24 09:28:31,341 | INFO | scripts.Utilities.optimization_manager | FWMIS Optimization Status:
2025-09-24 09:28:31,341 | INFO | scripts.Utilities.optimization_manager | ==============================
2025-09-24 09:28:31,342 | INFO | scripts.Utilities.optimization_manager | [OK] memory_efficient_imports: enabled
2025-09-24 09:28:31,342 | INFO | scripts.Utilities.optimization_manager | [OK] streaming_excel_exports: enabled
2025-09-24 09:28:31,342 | INFO | scripts.Utilities.optimization_manager | [OK] batch_database_operations: enabled
2025-09-24 09:28:31,342 | INFO | scripts.Utilities.optimization_manager | [OK] performance_monitoring: enabled
2025-09-24 09:28:31,343 | INFO | scripts.Utilities.optimization_manager | [OK] database_indexes: enabled
2025-09-24 09:28:31,343 | INFO | scripts.Utilities.optimization_manager | [OK] adaptive_chunk_sizing: enabled
2025-09-24 09:28:31,343 | INFO | scripts.Utilities.optimization_manager | 
Overall Status: All optimizations enabled
2025-09-24 09:28:31,344 | INFO | scripts.Utilities.performance_profiler | Memory snapshot 'app_start': RSS=50.1MB
2025-09-24 09:28:31,354 | INFO | scripts.Utilities.performance_profiler | === FWMIS PERFORMANCE REPORT ===
Generated: 2025-09-24 09:28:31

SYSTEM INFORMATION:
  CPU Cores: 12
  Total Memory: 7.6 GB
  Available Memory: 0.8 GB
  Memory Usage: 89.0%

PERFORMANCE RECOMMENDATIONS:
  1. Use streaming for large file imports
  2. Implement batch database operations
  3. Create appropriate database indexes
  4. Monitor memory usage during operations
  5. Use SQL aggregations instead of Python loops
  6. Consider PyPy for 2-7x speed improvements
2025-09-24 09:28:31,359 | ERROR | scripts.Utilities.performance_profiler | Error saving performance report: [Errno 2] No such file or directory: 'data/performance_report.txt'
2025-09-24 09:28:39,649 | INFO | scripts.Utilities.optimization_manager | Optimization 'memory_efficient_imports': enabled
2025-09-24 09:28:39,649 | INFO | scripts.Utilities.optimization_manager | Optimization 'streaming_excel_exports': enabled
2025-09-24 09:28:39,649 | INFO | scripts.Utilities.optimization_manager | Optimization 'batch_database_operations': enabled
2025-09-24 09:28:39,650 | INFO | scripts.Utilities.optimization_manager | Optimization 'performance_monitoring': enabled
2025-09-24 09:28:39,650 | INFO | scripts.Utilities.optimization_manager | Optimization 'database_indexes': enabled
2025-09-24 09:28:39,650 | INFO | scripts.Utilities.optimization_manager | Optimization 'adaptive_chunk_sizing': enabled
2025-09-24 09:28:39,655 | INFO | scripts.Utilities.optimized_import_utils | Database optimizations applied successfully
2025-09-24 09:28:39,665 | INFO | scripts.Utilities.optimized_import_utils | Performance indexes created successfully
2025-09-24 09:28:39,667 | INFO | scripts.Utilities.optimization_manager | Database optimizations applied successfully
2025-09-24 09:28:39,668 | INFO | scripts.Utilities.optimization_manager | FWMIS Optimization Status:
2025-09-24 09:28:39,668 | INFO | scripts.Utilities.optimization_manager | ==============================
2025-09-24 09:28:39,668 | INFO | scripts.Utilities.optimization_manager | [OK] memory_efficient_imports: enabled
2025-09-24 09:28:39,668 | INFO | scripts.Utilities.optimization_manager | [OK] streaming_excel_exports: enabled
2025-09-24 09:28:39,669 | INFO | scripts.Utilities.optimization_manager | [OK] batch_database_operations: enabled
2025-09-24 09:28:39,669 | INFO | scripts.Utilities.optimization_manager | [OK] performance_monitoring: enabled
2025-09-24 09:28:39,669 | INFO | scripts.Utilities.optimization_manager | [OK] database_indexes: enabled
2025-09-24 09:28:39,669 | INFO | scripts.Utilities.optimization_manager | [OK] adaptive_chunk_sizing: enabled
2025-09-24 09:28:39,670 | INFO | scripts.Utilities.optimization_manager | 
Overall Status: All optimizations enabled
2025-09-24 09:28:39,670 | INFO | scripts.Utilities.performance_profiler | Memory snapshot 'app_start': RSS=50.2MB
2025-09-24 09:28:39,676 | INFO | scripts.Utilities.performance_profiler | === FWMIS PERFORMANCE REPORT ===
Generated: 2025-09-24 09:28:39

SYSTEM INFORMATION:
  CPU Cores: 12
  Total Memory: 7.6 GB
  Available Memory: 0.7 GB
  Memory Usage: 90.8%

PERFORMANCE RECOMMENDATIONS:
  1. Use streaming for large file imports
  2. Implement batch database operations
  3. Create appropriate database indexes
  4. Monitor memory usage during operations
  5. Use SQL aggregations instead of Python loops
  6. Consider PyPy for 2-7x speed improvements
2025-09-24 09:28:39,678 | ERROR | scripts.Utilities.performance_profiler | Error saving performance report: [Errno 2] No such file or directory: 'data/performance_report.txt'
2025-09-24 09:28:47,096 | INFO | scripts.Utilities.optimization_manager | Optimization 'memory_efficient_imports': enabled
2025-09-24 09:28:47,097 | INFO | scripts.Utilities.optimization_manager | Optimization 'streaming_excel_exports': enabled
2025-09-24 09:28:47,097 | INFO | scripts.Utilities.optimization_manager | Optimization 'batch_database_operations': enabled
2025-09-24 09:28:47,097 | INFO | scripts.Utilities.optimization_manager | Optimization 'performance_monitoring': enabled
2025-09-24 09:28:47,098 | INFO | scripts.Utilities.optimization_manager | Optimization 'database_indexes': enabled
2025-09-24 09:28:47,098 | INFO | scripts.Utilities.optimization_manager | Optimization 'adaptive_chunk_sizing': enabled
2025-09-24 09:28:47,104 | INFO | scripts.Utilities.optimized_import_utils | Database optimizations applied successfully
2025-09-24 09:28:47,119 | INFO | scripts.Utilities.optimized_import_utils | Performance indexes created successfully
2025-09-24 09:28:47,124 | INFO | scripts.Utilities.optimization_manager | Database optimizations applied successfully
2025-09-24 09:28:47,124 | INFO | scripts.Utilities.optimization_manager | FWMIS Optimization Status:
2025-09-24 09:28:47,124 | INFO | scripts.Utilities.optimization_manager | ==============================
2025-09-24 09:28:47,125 | INFO | scripts.Utilities.optimization_manager | [OK] memory_efficient_imports: enabled
2025-09-24 09:28:47,125 | INFO | scripts.Utilities.optimization_manager | [OK] streaming_excel_exports: enabled
2025-09-24 09:28:47,126 | INFO | scripts.Utilities.optimization_manager | [OK] batch_database_operations: enabled
2025-09-24 09:28:47,126 | INFO | scripts.Utilities.optimization_manager | [OK] performance_monitoring: enabled
2025-09-24 09:28:47,127 | INFO | scripts.Utilities.optimization_manager | [OK] database_indexes: enabled
2025-09-24 09:28:47,127 | INFO | scripts.Utilities.optimization_manager | [OK] adaptive_chunk_sizing: enabled
2025-09-24 09:28:47,127 | INFO | scripts.Utilities.optimization_manager | 
Overall Status: All optimizations enabled
2025-09-24 09:28:47,129 | INFO | scripts.Utilities.performance_profiler | Memory snapshot 'app_start': RSS=50.2MB
2025-09-24 09:28:47,148 | INFO | scripts.Utilities.performance_profiler | === FWMIS PERFORMANCE REPORT ===
Generated: 2025-09-24 09:28:47

SYSTEM INFORMATION:
  CPU Cores: 12
  Total Memory: 7.6 GB
  Available Memory: 0.8 GB
  Memory Usage: 89.7%

PERFORMANCE RECOMMENDATIONS:
  1. Use streaming for large file imports
  2. Implement batch database operations
  3. Create appropriate database indexes
  4. Monitor memory usage during operations
  5. Use SQL aggregations instead of Python loops
  6. Consider PyPy for 2-7x speed improvements
2025-09-24 09:28:47,152 | ERROR | scripts.Utilities.performance_profiler | Error saving performance report: [Errno 2] No such file or directory: 'data/performance_report.txt'
2025-09-24 09:30:51,601 | INFO | scripts.core.import_worker | ImportWorker starting
2025-09-24 09:30:51,607 | INFO | scripts.core.import_worker | Case inserted
2025-09-24 09:30:51,615 | INFO | scripts.core.import_worker | Copied BAS file
2025-09-24 09:30:51,615 | INFO | scripts.core.import_worker | Successfully committed case
2025-09-24 09:30:51,632 | INFO | scripts.core.import_worker | Imported case
2025-09-24 09:30:51,650 | INFO | scripts.core.import_worker | Case inserted
2025-09-24 09:30:51,660 | INFO | scripts.core.import_worker | Copied BAS file
2025-09-24 09:30:51,661 | INFO | scripts.core.import_worker | Successfully committed case
2025-09-24 09:30:51,687 | INFO | scripts.core.import_worker | Imported case
2025-09-24 09:30:51,696 | INFO | scripts.core.import_worker | Case inserted
2025-09-24 09:30:51,701 | INFO | scripts.core.import_worker | Copied BAS file
2025-09-24 09:30:51,701 | INFO | scripts.core.import_worker | Successfully committed case
2025-09-24 09:30:51,707 | INFO | scripts.core.import_worker | Imported case
2025-09-24 09:30:51,725 | INFO | scripts.core.import_worker | Case inserted
2025-09-24 09:30:51,730 | INFO | scripts.core.import_worker | Copied BAS file
2025-09-24 09:30:51,731 | INFO | scripts.core.import_worker | Successfully committed case
2025-09-24 09:30:51,737 | INFO | scripts.core.import_worker | Imported case
2025-09-24 09:30:51,746 | INFO | scripts.core.import_worker | Case inserted
2025-09-24 09:30:51,753 | INFO | scripts.core.import_worker | Copied BAS file
2025-09-24 09:30:51,754 | INFO | scripts.core.import_worker | Successfully committed case
2025-09-24 09:30:51,762 | INFO | scripts.core.import_worker | Imported case
2025-09-24 09:30:51,772 | INFO | scripts.core.import_worker | Case inserted
2025-09-24 09:30:51,781 | INFO | scripts.core.import_worker | Copied BAS file
2025-09-24 09:30:51,783 | INFO | scripts.core.import_worker | Successfully committed case
2025-09-24 09:30:51,791 | INFO | scripts.core.import_worker | Imported case
2025-09-24 09:30:51,791 | INFO | scripts.core.import_worker | Import completed
2025-09-24 09:31:31,698 | INFO | root | Audit log saved successfully: add_case
2025-09-24 09:32:08,835 | INFO | root | Audit log saved successfully: edit_case
2025-09-24 09:32:08,879 | INFO | root | Audit log saved successfully: assessment_status_change
2025-09-24 09:32:46,718 | INFO | root | Audit log saved successfully: edit_case
2025-09-24 09:32:46,750 | INFO | root | Audit log saved successfully: assessment_status_change
2025-09-24 09:33:15,686 | INFO | root | Audit log saved successfully: edit_case
2025-09-24 09:33:15,723 | INFO | root | Audit log saved successfully: assessment_status_change
2025-09-24 09:33:44,375 | INFO | root | Audit log saved successfully: edit_case
2025-09-24 09:33:44,408 | INFO | root | Audit log saved successfully: assessment_status_change
2025-09-24 09:33:59,412 | INFO | root | Audit log saved successfully: edit_case
2025-09-24 09:33:59,442 | INFO | root | Audit log saved successfully: assessment_status_change
2025-09-24 09:34:21,064 | INFO | root | Audit log saved successfully: edit_case
2025-09-24 09:34:21,107 | INFO | root | Audit log saved successfully: assessment_status_change
2025-09-24 09:34:21,155 | INFO | root | Audit log saved successfully: lc_status_change
2025-09-24 10:42:00,225 | INFO | scripts.Utilities.optimization_manager | Optimization 'memory_efficient_imports': enabled
2025-09-24 10:42:00,226 | INFO | scripts.Utilities.optimization_manager | Optimization 'streaming_excel_exports': enabled
2025-09-24 10:42:00,226 | INFO | scripts.Utilities.optimization_manager | Optimization 'batch_database_operations': enabled
2025-09-24 10:42:00,226 | INFO | scripts.Utilities.optimization_manager | Optimization 'performance_monitoring': enabled
2025-09-24 10:42:00,227 | INFO | scripts.Utilities.optimization_manager | Optimization 'database_indexes': enabled
2025-09-24 10:42:00,227 | INFO | scripts.Utilities.optimization_manager | Optimization 'adaptive_chunk_sizing': enabled
2025-09-24 10:42:00,232 | INFO | scripts.Utilities.optimized_import_utils | Database optimizations applied successfully
2025-09-24 10:42:00,240 | INFO | scripts.Utilities.optimized_import_utils | Performance indexes created successfully
2025-09-24 10:42:00,244 | INFO | scripts.Utilities.optimization_manager | Database optimizations applied successfully
2025-09-24 10:42:00,245 | INFO | scripts.Utilities.optimization_manager | FWMIS Optimization Status:
2025-09-24 10:42:00,247 | INFO | scripts.Utilities.optimization_manager | ==============================
2025-09-24 10:42:00,249 | INFO | scripts.Utilities.optimization_manager | [OK] memory_efficient_imports: enabled
2025-09-24 10:42:00,253 | INFO | scripts.Utilities.optimization_manager | [OK] streaming_excel_exports: enabled
2025-09-24 10:42:00,254 | INFO | scripts.Utilities.optimization_manager | [OK] batch_database_operations: enabled
2025-09-24 10:42:00,254 | INFO | scripts.Utilities.optimization_manager | [OK] performance_monitoring: enabled
2025-09-24 10:42:00,254 | INFO | scripts.Utilities.optimization_manager | [OK] database_indexes: enabled
2025-09-24 10:42:00,255 | INFO | scripts.Utilities.optimization_manager | [OK] adaptive_chunk_sizing: enabled
2025-09-24 10:42:00,255 | INFO | scripts.Utilities.optimization_manager | 
Overall Status: All optimizations enabled
2025-09-24 10:42:00,256 | INFO | scripts.Utilities.performance_profiler | Memory snapshot 'app_start': RSS=50.4MB
2025-09-24 10:42:00,261 | INFO | scripts.Utilities.performance_profiler | === FWMIS PERFORMANCE REPORT ===
Generated: 2025-09-24 10:42:00

SYSTEM INFORMATION:
  CPU Cores: 12
  Total Memory: 7.6 GB
  Available Memory: 1.0 GB
  Memory Usage: 87.1%

PERFORMANCE RECOMMENDATIONS:
  1. Use streaming for large file imports
  2. Implement batch database operations
  3. Create appropriate database indexes
  4. Monitor memory usage during operations
  5. Use SQL aggregations instead of Python loops
  6. Consider PyPy for 2-7x speed improvements
2025-09-24 10:42:00,263 | ERROR | scripts.Utilities.performance_profiler | Error saving performance report: [Errno 2] No such file or directory: 'data/performance_report.txt'
2025-09-24 10:44:09,972 | INFO | root | Audit log saved successfully: add_case
2025-09-24 10:46:09,864 | INFO | scripts.core.import_worker | ImportWorker starting
2025-09-24 10:46:09,871 | INFO | scripts.core.import_worker | Case inserted
2025-09-24 10:46:09,875 | INFO | scripts.core.import_worker | Copied BAS file
2025-09-24 10:46:09,875 | INFO | scripts.core.import_worker | Successfully committed case
2025-09-24 10:46:09,881 | INFO | scripts.core.import_worker | Imported case
2025-09-24 10:46:09,898 | INFO | scripts.core.import_worker | Case inserted
2025-09-24 10:46:09,911 | INFO | scripts.core.import_worker | Copied BAS file
2025-09-24 10:46:09,912 | INFO | scripts.core.import_worker | Successfully committed case
2025-09-24 10:46:09,923 | INFO | scripts.core.import_worker | Imported case
2025-09-24 10:46:09,929 | INFO | scripts.core.import_worker | Case inserted
2025-09-24 10:46:09,933 | INFO | scripts.core.import_worker | Copied BAS file
2025-09-24 10:46:09,933 | INFO | scripts.core.import_worker | Successfully committed case
2025-09-24 10:46:09,943 | INFO | scripts.core.import_worker | Imported case
2025-09-24 10:46:09,955 | INFO | scripts.core.import_worker | Case inserted
2025-09-24 10:46:09,958 | INFO | scripts.core.import_worker | Copied BAS file
2025-09-24 10:46:09,959 | INFO | scripts.core.import_worker | Successfully committed case
2025-09-24 10:46:09,964 | INFO | scripts.core.import_worker | Imported case
2025-09-24 10:46:09,973 | INFO | scripts.core.import_worker | Case inserted
2025-09-24 10:46:09,980 | INFO | scripts.core.import_worker | Copied BAS file
2025-09-24 10:46:09,981 | INFO | scripts.core.import_worker | Successfully committed case
2025-09-24 10:46:09,989 | INFO | scripts.core.import_worker | Imported case
2025-09-24 10:46:09,995 | INFO | scripts.core.import_worker | Case inserted
2025-09-24 10:46:09,998 | INFO | scripts.core.import_worker | Copied BAS file
2025-09-24 10:46:09,998 | INFO | scripts.core.import_worker | Successfully committed case
2025-09-24 10:46:10,008 | INFO | scripts.core.import_worker | Imported case
2025-09-24 10:46:10,009 | INFO | scripts.core.import_worker | Import completed
2025-09-24 10:48:23,657 | INFO | root | Audit log saved successfully: edit_case
2025-09-24 10:48:23,708 | INFO | root | Audit log saved successfully: assessment_status_change
2025-09-24 10:59:33,039 | INFO | scripts.Utilities.optimization_manager | Optimization 'memory_efficient_imports': enabled
2025-09-24 10:59:33,040 | INFO | scripts.Utilities.optimization_manager | Optimization 'streaming_excel_exports': enabled
2025-09-24 10:59:33,040 | INFO | scripts.Utilities.optimization_manager | Optimization 'batch_database_operations': enabled
2025-09-24 10:59:33,041 | INFO | scripts.Utilities.optimization_manager | Optimization 'performance_monitoring': enabled
2025-09-24 10:59:33,041 | INFO | scripts.Utilities.optimization_manager | Optimization 'database_indexes': enabled
2025-09-24 10:59:33,041 | INFO | scripts.Utilities.optimization_manager | Optimization 'adaptive_chunk_sizing': enabled
2025-09-24 10:59:33,046 | INFO | scripts.Utilities.optimized_import_utils | Database optimizations applied successfully
2025-09-24 10:59:33,053 | INFO | scripts.Utilities.optimized_import_utils | Performance indexes created successfully
2025-09-24 10:59:33,055 | INFO | scripts.Utilities.optimization_manager | Database optimizations applied successfully
2025-09-24 10:59:33,055 | INFO | scripts.Utilities.optimization_manager | FWMIS Optimization Status:
2025-09-24 10:59:33,056 | INFO | scripts.Utilities.optimization_manager | ==============================
2025-09-24 10:59:33,056 | INFO | scripts.Utilities.optimization_manager | [OK] memory_efficient_imports: enabled
2025-09-24 10:59:33,056 | INFO | scripts.Utilities.optimization_manager | [OK] streaming_excel_exports: enabled
2025-09-24 10:59:33,056 | INFO | scripts.Utilities.optimization_manager | [OK] batch_database_operations: enabled
2025-09-24 10:59:33,057 | INFO | scripts.Utilities.optimization_manager | [OK] performance_monitoring: enabled
2025-09-24 10:59:33,057 | INFO | scripts.Utilities.optimization_manager | [OK] database_indexes: enabled
2025-09-24 10:59:33,057 | INFO | scripts.Utilities.optimization_manager | [OK] adaptive_chunk_sizing: enabled
2025-09-24 10:59:33,057 | INFO | scripts.Utilities.optimization_manager | 
Overall Status: All optimizations enabled
2025-09-24 10:59:33,058 | INFO | scripts.Utilities.performance_profiler | Memory snapshot 'app_start': RSS=50.2MB
2025-09-24 10:59:33,062 | INFO | scripts.Utilities.performance_profiler | === FWMIS PERFORMANCE REPORT ===
Generated: 2025-09-24 10:59:33

SYSTEM INFORMATION:
  CPU Cores: 12
  Total Memory: 7.6 GB
  Available Memory: 1.3 GB
  Memory Usage: 83.3%

PERFORMANCE RECOMMENDATIONS:
  1. Use streaming for large file imports
  2. Implement batch database operations
  3. Create appropriate database indexes
  4. Monitor memory usage during operations
  5. Use SQL aggregations instead of Python loops
  6. Consider PyPy for 2-7x speed improvements
2025-09-24 10:59:33,063 | ERROR | scripts.Utilities.performance_profiler | Error saving performance report: [Errno 2] No such file or directory: 'data/performance_report.txt'
2025-09-24 11:20:27,677 | INFO | scripts.Utilities.optimization_manager | Optimization 'memory_efficient_imports': enabled
2025-09-24 11:20:27,678 | INFO | scripts.Utilities.optimization_manager | Optimization 'streaming_excel_exports': enabled
2025-09-24 11:20:27,678 | INFO | scripts.Utilities.optimization_manager | Optimization 'batch_database_operations': enabled
2025-09-24 11:20:27,678 | INFO | scripts.Utilities.optimization_manager | Optimization 'performance_monitoring': enabled
2025-09-24 11:20:27,679 | INFO | scripts.Utilities.optimization_manager | Optimization 'database_indexes': enabled
2025-09-24 11:20:27,679 | INFO | scripts.Utilities.optimization_manager | Optimization 'adaptive_chunk_sizing': enabled
2025-09-24 11:20:27,684 | INFO | scripts.Utilities.optimized_import_utils | Database optimizations applied successfully
2025-09-24 11:20:27,694 | INFO | scripts.Utilities.optimized_import_utils | Performance indexes created successfully
2025-09-24 11:20:27,697 | INFO | scripts.Utilities.optimization_manager | Database optimizations applied successfully
2025-09-24 11:20:27,699 | INFO | scripts.Utilities.optimization_manager | FWMIS Optimization Status:
2025-09-24 11:20:27,701 | INFO | scripts.Utilities.optimization_manager | ==============================
2025-09-24 11:20:27,703 | INFO | scripts.Utilities.optimization_manager | [OK] memory_efficient_imports: enabled
2025-09-24 11:20:27,704 | INFO | scripts.Utilities.optimization_manager | [OK] streaming_excel_exports: enabled
2025-09-24 11:20:27,705 | INFO | scripts.Utilities.optimization_manager | [OK] batch_database_operations: enabled
2025-09-24 11:20:27,706 | INFO | scripts.Utilities.optimization_manager | [OK] performance_monitoring: enabled
2025-09-24 11:20:27,707 | INFO | scripts.Utilities.optimization_manager | [OK] database_indexes: enabled
2025-09-24 11:20:27,707 | INFO | scripts.Utilities.optimization_manager | [OK] adaptive_chunk_sizing: enabled
2025-09-24 11:20:27,708 | INFO | scripts.Utilities.optimization_manager | 
Overall Status: All optimizations enabled
2025-09-24 11:20:27,709 | INFO | scripts.Utilities.performance_profiler | Memory snapshot 'app_start': RSS=50.4MB
2025-09-24 11:20:27,726 | INFO | scripts.Utilities.performance_profiler | === FWMIS PERFORMANCE REPORT ===
Generated: 2025-09-24 11:20:27

SYSTEM INFORMATION:
  CPU Cores: 12
  Total Memory: 7.6 GB
  Available Memory: 1.3 GB
  Memory Usage: 82.3%

PERFORMANCE RECOMMENDATIONS:
  1. Use streaming for large file imports
  2. Implement batch database operations
  3. Create appropriate database indexes
  4. Monitor memory usage during operations
  5. Use SQL aggregations instead of Python loops
  6. Consider PyPy for 2-7x speed improvements
2025-09-24 11:20:27,728 | ERROR | scripts.Utilities.performance_profiler | Error saving performance report: [Errno 2] No such file or directory: 'data/performance_report.txt'
2025-09-24 11:21:01,269 | INFO | root | Audit log saved successfully: edit_case
2025-09-24 11:21:01,302 | INFO | root | Audit log saved successfully: assessment_status_change
2025-09-24 11:21:21,311 | INFO | root | Audit log saved successfully: edit_case
2025-09-24 11:21:21,349 | INFO | root | Audit log saved successfully: assessment_status_change
2025-09-24 11:21:33,460 | INFO | root | Audit log saved successfully: edit_case
2025-09-24 11:21:33,564 | INFO | root | Audit log saved successfully: assessment_status_change
2025-09-24 11:21:49,520 | INFO | root | Audit log saved successfully: edit_case
2025-09-24 11:21:49,553 | INFO | root | Audit log saved successfully: assessment_status_change
2025-09-24 11:22:02,537 | INFO | root | Audit log saved successfully: edit_case
2025-09-24 11:22:02,575 | INFO | root | Audit log saved successfully: assessment_status_change
2025-09-24 11:33:38,385 | INFO | scripts.Utilities.optimization_manager | Optimization 'memory_efficient_imports': enabled
2025-09-24 11:33:38,386 | INFO | scripts.Utilities.optimization_manager | Optimization 'streaming_excel_exports': enabled
2025-09-24 11:33:38,386 | INFO | scripts.Utilities.optimization_manager | Optimization 'batch_database_operations': enabled
2025-09-24 11:33:38,387 | INFO | scripts.Utilities.optimization_manager | Optimization 'performance_monitoring': enabled
2025-09-24 11:33:38,387 | INFO | scripts.Utilities.optimization_manager | Optimization 'database_indexes': enabled
2025-09-24 11:33:38,387 | INFO | scripts.Utilities.optimization_manager | Optimization 'adaptive_chunk_sizing': enabled
2025-09-24 11:33:38,398 | INFO | scripts.Utilities.optimized_import_utils | Database optimizations applied successfully
2025-09-24 11:33:38,411 | INFO | scripts.Utilities.optimized_import_utils | Performance indexes created successfully
2025-09-24 11:33:38,418 | INFO | scripts.Utilities.optimization_manager | Database optimizations applied successfully
2025-09-24 11:33:38,419 | INFO | scripts.Utilities.optimization_manager | FWMIS Optimization Status:
2025-09-24 11:33:38,419 | INFO | scripts.Utilities.optimization_manager | ==============================
2025-09-24 11:33:38,420 | INFO | scripts.Utilities.optimization_manager | [OK] memory_efficient_imports: enabled
2025-09-24 11:33:38,420 | INFO | scripts.Utilities.optimization_manager | [OK] streaming_excel_exports: enabled
2025-09-24 11:33:38,420 | INFO | scripts.Utilities.optimization_manager | [OK] batch_database_operations: enabled
2025-09-24 11:33:38,421 | INFO | scripts.Utilities.optimization_manager | [OK] performance_monitoring: enabled
2025-09-24 11:33:38,421 | INFO | scripts.Utilities.optimization_manager | [OK] database_indexes: enabled
2025-09-24 11:33:38,421 | INFO | scripts.Utilities.optimization_manager | [OK] adaptive_chunk_sizing: enabled
2025-09-24 11:33:38,422 | INFO | scripts.Utilities.optimization_manager | 
Overall Status: All optimizations enabled
2025-09-24 11:33:38,422 | INFO | scripts.Utilities.performance_profiler | Memory snapshot 'app_start': RSS=50.1MB
2025-09-24 11:33:38,435 | INFO | scripts.Utilities.performance_profiler | === FWMIS PERFORMANCE REPORT ===
Generated: 2025-09-24 11:33:38

SYSTEM INFORMATION:
  CPU Cores: 12
  Total Memory: 7.6 GB
  Available Memory: 1.1 GB
  Memory Usage: 85.7%

PERFORMANCE RECOMMENDATIONS:
  1. Use streaming for large file imports
  2. Implement batch database operations
  3. Create appropriate database indexes
  4. Monitor memory usage during operations
  5. Use SQL aggregations instead of Python loops
  6. Consider PyPy for 2-7x speed improvements
2025-09-24 11:33:38,436 | ERROR | scripts.Utilities.performance_profiler | Error saving performance report: [Errno 2] No such file or directory: 'data/performance_report.txt'
2025-09-24 12:33:32,949 | INFO | scripts.Utilities.optimization_manager | Optimization 'memory_efficient_imports': enabled
2025-09-24 12:33:32,949 | INFO | scripts.Utilities.optimization_manager | Optimization 'streaming_excel_exports': enabled
2025-09-24 12:33:32,950 | INFO | scripts.Utilities.optimization_manager | Optimization 'batch_database_operations': enabled
2025-09-24 12:33:32,950 | INFO | scripts.Utilities.optimization_manager | Optimization 'performance_monitoring': enabled
2025-09-24 12:33:32,950 | INFO | scripts.Utilities.optimization_manager | Optimization 'database_indexes': enabled
2025-09-24 12:33:32,951 | INFO | scripts.Utilities.optimization_manager | Optimization 'adaptive_chunk_sizing': enabled
2025-09-24 12:33:32,955 | INFO | scripts.Utilities.optimized_import_utils | Database optimizations applied successfully
2025-09-24 12:33:32,965 | INFO | scripts.Utilities.optimized_import_utils | Performance indexes created successfully
2025-09-24 12:33:32,967 | INFO | scripts.Utilities.optimization_manager | Database optimizations applied successfully
2025-09-24 12:33:32,967 | INFO | scripts.Utilities.optimization_manager | FWMIS Optimization Status:
2025-09-24 12:33:32,968 | INFO | scripts.Utilities.optimization_manager | ==============================
2025-09-24 12:33:32,968 | INFO | scripts.Utilities.optimization_manager | [OK] memory_efficient_imports: enabled
2025-09-24 12:33:32,968 | INFO | scripts.Utilities.optimization_manager | [OK] streaming_excel_exports: enabled
2025-09-24 12:33:32,968 | INFO | scripts.Utilities.optimization_manager | [OK] batch_database_operations: enabled
2025-09-24 12:33:32,968 | INFO | scripts.Utilities.optimization_manager | [OK] performance_monitoring: enabled
2025-09-24 12:33:32,969 | INFO | scripts.Utilities.optimization_manager | [OK] database_indexes: enabled
2025-09-24 12:33:32,969 | INFO | scripts.Utilities.optimization_manager | [OK] adaptive_chunk_sizing: enabled
2025-09-24 12:33:32,969 | INFO | scripts.Utilities.optimization_manager | 
Overall Status: All optimizations enabled
2025-09-24 12:33:32,969 | INFO | scripts.Utilities.performance_profiler | Memory snapshot 'app_start': RSS=50.1MB
2025-09-24 12:33:32,976 | INFO | scripts.Utilities.performance_profiler | === FWMIS PERFORMANCE REPORT ===
Generated: 2025-09-24 12:33:32

SYSTEM INFORMATION:
  CPU Cores: 12
  Total Memory: 7.6 GB
  Available Memory: 0.9 GB
  Memory Usage: 88.0%

PERFORMANCE RECOMMENDATIONS:
  1. Use streaming for large file imports
  2. Implement batch database operations
  3. Create appropriate database indexes
  4. Monitor memory usage during operations
  5. Use SQL aggregations instead of Python loops
  6. Consider PyPy for 2-7x speed improvements
2025-09-24 12:33:32,978 | ERROR | scripts.Utilities.performance_profiler | Error saving performance report: [Errno 2] No such file or directory: 'data/performance_report.txt'
2025-09-24 12:46:05,869 | INFO | scripts.Utilities.optimization_manager | Optimization 'memory_efficient_imports': enabled
2025-09-24 12:46:05,870 | INFO | scripts.Utilities.optimization_manager | Optimization 'streaming_excel_exports': enabled
2025-09-24 12:46:05,870 | INFO | scripts.Utilities.optimization_manager | Optimization 'batch_database_operations': enabled
2025-09-24 12:46:05,870 | INFO | scripts.Utilities.optimization_manager | Optimization 'performance_monitoring': enabled
2025-09-24 12:46:05,871 | INFO | scripts.Utilities.optimization_manager | Optimization 'database_indexes': enabled
2025-09-24 12:46:05,871 | INFO | scripts.Utilities.optimization_manager | Optimization 'adaptive_chunk_sizing': enabled
2025-09-24 12:46:05,883 | INFO | scripts.Utilities.optimized_import_utils | Database optimizations applied successfully
2025-09-24 12:46:05,894 | INFO | scripts.Utilities.optimized_import_utils | Performance indexes created successfully
2025-09-24 12:46:05,905 | INFO | scripts.Utilities.optimization_manager | Database optimizations applied successfully
2025-09-24 12:46:05,906 | INFO | scripts.Utilities.optimization_manager | FWMIS Optimization Status:
2025-09-24 12:46:05,907 | INFO | scripts.Utilities.optimization_manager | ==============================
2025-09-24 12:46:05,908 | INFO | scripts.Utilities.optimization_manager | [OK] memory_efficient_imports: enabled
2025-09-24 12:46:05,908 | INFO | scripts.Utilities.optimization_manager | [OK] streaming_excel_exports: enabled
2025-09-24 12:46:05,908 | INFO | scripts.Utilities.optimization_manager | [OK] batch_database_operations: enabled
2025-09-24 12:46:05,909 | INFO | scripts.Utilities.optimization_manager | [OK] performance_monitoring: enabled
2025-09-24 12:46:05,909 | INFO | scripts.Utilities.optimization_manager | [OK] database_indexes: enabled
2025-09-24 12:46:05,910 | INFO | scripts.Utilities.optimization_manager | [OK] adaptive_chunk_sizing: enabled
2025-09-24 12:46:05,910 | INFO | scripts.Utilities.optimization_manager | 
Overall Status: All optimizations enabled
2025-09-24 12:46:05,912 | INFO | scripts.Utilities.performance_profiler | Memory snapshot 'app_start': RSS=50.1MB
2025-09-24 12:46:05,924 | INFO | scripts.Utilities.performance_profiler | === FWMIS PERFORMANCE REPORT ===
Generated: 2025-09-24 12:46:05

SYSTEM INFORMATION:
  CPU Cores: 12
  Total Memory: 7.6 GB
  Available Memory: 1.1 GB
  Memory Usage: 85.3%

PERFORMANCE RECOMMENDATIONS:
  1. Use streaming for large file imports
  2. Implement batch database operations
  3. Create appropriate database indexes
  4. Monitor memory usage during operations
  5. Use SQL aggregations instead of Python loops
  6. Consider PyPy for 2-7x speed improvements
2025-09-24 12:46:05,926 | ERROR | scripts.Utilities.performance_profiler | Error saving performance report: [Errno 2] No such file or directory: 'data/performance_report.txt'
2025-09-24 12:48:42,852 | INFO | scripts.Utilities.optimization_manager | Optimization 'memory_efficient_imports': enabled
2025-09-24 12:48:42,853 | INFO | scripts.Utilities.optimization_manager | Optimization 'streaming_excel_exports': enabled
2025-09-24 12:48:42,853 | INFO | scripts.Utilities.optimization_manager | Optimization 'batch_database_operations': enabled
2025-09-24 12:48:42,854 | INFO | scripts.Utilities.optimization_manager | Optimization 'performance_monitoring': enabled
2025-09-24 12:48:42,854 | INFO | scripts.Utilities.optimization_manager | Optimization 'database_indexes': enabled
2025-09-24 12:48:42,854 | INFO | scripts.Utilities.optimization_manager | Optimization 'adaptive_chunk_sizing': enabled
2025-09-24 12:48:42,860 | INFO | scripts.Utilities.optimized_import_utils | Database optimizations applied successfully
2025-09-24 12:48:42,879 | INFO | scripts.Utilities.optimized_import_utils | Performance indexes created successfully
2025-09-24 12:48:42,883 | INFO | scripts.Utilities.optimization_manager | Database optimizations applied successfully
2025-09-24 12:48:42,884 | INFO | scripts.Utilities.optimization_manager | FWMIS Optimization Status:
2025-09-24 12:48:42,885 | INFO | scripts.Utilities.optimization_manager | ==============================
2025-09-24 12:48:42,885 | INFO | scripts.Utilities.optimization_manager | [OK] memory_efficient_imports: enabled
2025-09-24 12:48:42,886 | INFO | scripts.Utilities.optimization_manager | [OK] streaming_excel_exports: enabled
2025-09-24 12:48:42,887 | INFO | scripts.Utilities.optimization_manager | [OK] batch_database_operations: enabled
2025-09-24 12:48:42,888 | INFO | scripts.Utilities.optimization_manager | [OK] performance_monitoring: enabled
2025-09-24 12:48:42,889 | INFO | scripts.Utilities.optimization_manager | [OK] database_indexes: enabled
2025-09-24 12:48:42,890 | INFO | scripts.Utilities.optimization_manager | [OK] adaptive_chunk_sizing: enabled
2025-09-24 12:48:42,891 | INFO | scripts.Utilities.optimization_manager | 
Overall Status: All optimizations enabled
2025-09-24 12:48:42,892 | INFO | scripts.Utilities.performance_profiler | Memory snapshot 'app_start': RSS=50.2MB
2025-09-24 12:48:42,899 | INFO | scripts.Utilities.performance_profiler | === FWMIS PERFORMANCE REPORT ===
Generated: 2025-09-24 12:48:42

SYSTEM INFORMATION:
  CPU Cores: 12
  Total Memory: 7.6 GB
  Available Memory: 1.1 GB
  Memory Usage: 85.0%

PERFORMANCE RECOMMENDATIONS:
  1. Use streaming for large file imports
  2. Implement batch database operations
  3. Create appropriate database indexes
  4. Monitor memory usage during operations
  5. Use SQL aggregations instead of Python loops
  6. Consider PyPy for 2-7x speed improvements
2025-09-24 12:48:42,901 | ERROR | scripts.Utilities.performance_profiler | Error saving performance report: [Errno 2] No such file or directory: 'data/performance_report.txt'
2025-09-24 12:52:22,198 | INFO | scripts.Utilities.optimization_manager | Optimization 'memory_efficient_imports': enabled
2025-09-24 12:52:22,199 | INFO | scripts.Utilities.optimization_manager | Optimization 'streaming_excel_exports': enabled
2025-09-24 12:52:22,199 | INFO | scripts.Utilities.optimization_manager | Optimization 'batch_database_operations': enabled
2025-09-24 12:52:22,199 | INFO | scripts.Utilities.optimization_manager | Optimization 'performance_monitoring': enabled
2025-09-24 12:52:22,200 | INFO | scripts.Utilities.optimization_manager | Optimization 'database_indexes': enabled
2025-09-24 12:52:22,200 | INFO | scripts.Utilities.optimization_manager | Optimization 'adaptive_chunk_sizing': enabled
2025-09-24 12:52:22,206 | INFO | scripts.Utilities.optimized_import_utils | Database optimizations applied successfully
2025-09-24 12:52:22,213 | INFO | scripts.Utilities.optimized_import_utils | Performance indexes created successfully
2025-09-24 12:52:22,215 | INFO | scripts.Utilities.optimization_manager | Database optimizations applied successfully
2025-09-24 12:52:22,216 | INFO | scripts.Utilities.optimization_manager | FWMIS Optimization Status:
2025-09-24 12:52:22,216 | INFO | scripts.Utilities.optimization_manager | ==============================
2025-09-24 12:52:22,216 | INFO | scripts.Utilities.optimization_manager | [OK] memory_efficient_imports: enabled
2025-09-24 12:52:22,217 | INFO | scripts.Utilities.optimization_manager | [OK] streaming_excel_exports: enabled
2025-09-24 12:52:22,217 | INFO | scripts.Utilities.optimization_manager | [OK] batch_database_operations: enabled
2025-09-24 12:52:22,217 | INFO | scripts.Utilities.optimization_manager | [OK] performance_monitoring: enabled
2025-09-24 12:52:22,218 | INFO | scripts.Utilities.optimization_manager | [OK] database_indexes: enabled
2025-09-24 12:52:22,218 | INFO | scripts.Utilities.optimization_manager | [OK] adaptive_chunk_sizing: enabled
2025-09-24 12:52:22,218 | INFO | scripts.Utilities.optimization_manager | 
Overall Status: All optimizations enabled
2025-09-24 12:52:22,219 | INFO | scripts.Utilities.performance_profiler | Memory snapshot 'app_start': RSS=50.3MB
2025-09-24 12:52:22,223 | INFO | scripts.Utilities.performance_profiler | === FWMIS PERFORMANCE REPORT ===
Generated: 2025-09-24 12:52:22

SYSTEM INFORMATION:
  CPU Cores: 12
  Total Memory: 7.6 GB
  Available Memory: 1.2 GB
  Memory Usage: 84.8%

PERFORMANCE RECOMMENDATIONS:
  1. Use streaming for large file imports
  2. Implement batch database operations
  3. Create appropriate database indexes
  4. Monitor memory usage during operations
  5. Use SQL aggregations instead of Python loops
  6. Consider PyPy for 2-7x speed improvements
2025-09-24 12:52:22,225 | ERROR | scripts.Utilities.performance_profiler | Error saving performance report: [Errno 2] No such file or directory: 'data/performance_report.txt'
2025-09-24 13:08:02,393 | INFO | scripts.Utilities.optimization_manager | Optimization 'memory_efficient_imports': enabled
2025-09-24 13:08:02,393 | INFO | scripts.Utilities.optimization_manager | Optimization 'streaming_excel_exports': enabled
2025-09-24 13:08:02,393 | INFO | scripts.Utilities.optimization_manager | Optimization 'batch_database_operations': enabled
2025-09-24 13:08:02,394 | INFO | scripts.Utilities.optimization_manager | Optimization 'performance_monitoring': enabled
2025-09-24 13:08:02,394 | INFO | scripts.Utilities.optimization_manager | Optimization 'database_indexes': enabled
2025-09-24 13:08:02,394 | INFO | scripts.Utilities.optimization_manager | Optimization 'adaptive_chunk_sizing': enabled
2025-09-24 13:08:02,401 | INFO | scripts.Utilities.optimized_import_utils | Database optimizations applied successfully
2025-09-24 13:08:02,408 | INFO | scripts.Utilities.optimized_import_utils | Performance indexes created successfully
2025-09-24 13:08:02,410 | INFO | scripts.Utilities.optimization_manager | Database optimizations applied successfully
2025-09-24 13:08:02,411 | INFO | scripts.Utilities.optimization_manager | FWMIS Optimization Status:
2025-09-24 13:08:02,411 | INFO | scripts.Utilities.optimization_manager | ==============================
2025-09-24 13:08:02,411 | INFO | scripts.Utilities.optimization_manager | [OK] memory_efficient_imports: enabled
2025-09-24 13:08:02,411 | INFO | scripts.Utilities.optimization_manager | [OK] streaming_excel_exports: enabled
2025-09-24 13:08:02,412 | INFO | scripts.Utilities.optimization_manager | [OK] batch_database_operations: enabled
2025-09-24 13:08:02,412 | INFO | scripts.Utilities.optimization_manager | [OK] performance_monitoring: enabled
2025-09-24 13:08:02,412 | INFO | scripts.Utilities.optimization_manager | [OK] database_indexes: enabled
2025-09-24 13:08:02,413 | INFO | scripts.Utilities.optimization_manager | [OK] adaptive_chunk_sizing: enabled
2025-09-24 13:08:02,413 | INFO | scripts.Utilities.optimization_manager | 
Overall Status: All optimizations enabled
2025-09-24 13:08:02,413 | INFO | scripts.Utilities.performance_profiler | Memory snapshot 'app_start': RSS=50.2MB
2025-09-24 13:08:02,418 | INFO | scripts.Utilities.performance_profiler | === FWMIS PERFORMANCE REPORT ===
Generated: 2025-09-24 13:08:02

SYSTEM INFORMATION:
  CPU Cores: 12
  Total Memory: 7.6 GB
  Available Memory: 1.3 GB
  Memory Usage: 83.6%

PERFORMANCE RECOMMENDATIONS:
  1. Use streaming for large file imports
  2. Implement batch database operations
  3. Create appropriate database indexes
  4. Monitor memory usage during operations
  5. Use SQL aggregations instead of Python loops
  6. Consider PyPy for 2-7x speed improvements
2025-09-24 13:08:02,420 | ERROR | scripts.Utilities.performance_profiler | Error saving performance report: [Errno 2] No such file or directory: 'data/performance_report.txt'
2025-09-24 13:36:23,988 | INFO | scripts.Utilities.optimization_manager | Optimization 'memory_efficient_imports': enabled
2025-09-24 13:36:23,989 | INFO | scripts.Utilities.optimization_manager | Optimization 'streaming_excel_exports': enabled
2025-09-24 13:36:23,989 | INFO | scripts.Utilities.optimization_manager | Optimization 'batch_database_operations': enabled
2025-09-24 13:36:23,989 | INFO | scripts.Utilities.optimization_manager | Optimization 'performance_monitoring': enabled
2025-09-24 13:36:23,990 | INFO | scripts.Utilities.optimization_manager | Optimization 'database_indexes': enabled
2025-09-24 13:36:23,990 | INFO | scripts.Utilities.optimization_manager | Optimization 'adaptive_chunk_sizing': enabled
2025-09-24 13:36:23,995 | INFO | scripts.Utilities.optimized_import_utils | Database optimizations applied successfully
2025-09-24 13:36:24,004 | INFO | scripts.Utilities.optimized_import_utils | Performance indexes created successfully
2025-09-24 13:36:24,007 | INFO | scripts.Utilities.optimization_manager | Database optimizations applied successfully
2025-09-24 13:36:24,007 | INFO | scripts.Utilities.optimization_manager | FWMIS Optimization Status:
2025-09-24 13:36:24,008 | INFO | scripts.Utilities.optimization_manager | ==============================
2025-09-24 13:36:24,008 | INFO | scripts.Utilities.optimization_manager | [OK] memory_efficient_imports: enabled
2025-09-24 13:36:24,009 | INFO | scripts.Utilities.optimization_manager | [OK] streaming_excel_exports: enabled
2025-09-24 13:36:24,009 | INFO | scripts.Utilities.optimization_manager | [OK] batch_database_operations: enabled
2025-09-24 13:36:24,010 | INFO | scripts.Utilities.optimization_manager | [OK] performance_monitoring: enabled
2025-09-24 13:36:24,010 | INFO | scripts.Utilities.optimization_manager | [OK] database_indexes: enabled
2025-09-24 13:36:24,010 | INFO | scripts.Utilities.optimization_manager | [OK] adaptive_chunk_sizing: enabled
2025-09-24 13:36:24,011 | INFO | scripts.Utilities.optimization_manager | 
Overall Status: All optimizations enabled
2025-09-24 13:36:24,011 | INFO | scripts.Utilities.performance_profiler | Memory snapshot 'app_start': RSS=50.1MB
2025-09-24 13:36:24,025 | INFO | scripts.Utilities.performance_profiler | === FWMIS PERFORMANCE REPORT ===
Generated: 2025-09-24 13:36:24

SYSTEM INFORMATION:
  CPU Cores: 12
  Total Memory: 7.6 GB
  Available Memory: 1.0 GB
  Memory Usage: 87.4%

PERFORMANCE RECOMMENDATIONS:
  1. Use streaming for large file imports
  2. Implement batch database operations
  3. Create appropriate database indexes
  4. Monitor memory usage during operations
  5. Use SQL aggregations instead of Python loops
  6. Consider PyPy for 2-7x speed improvements
2025-09-24 13:36:24,026 | ERROR | scripts.Utilities.performance_profiler | Error saving performance report: [Errno 2] No such file or directory: 'data/performance_report.txt'
2025-09-24 13:39:02,742 | INFO | scripts.Utilities.optimization_manager | Optimization 'memory_efficient_imports': enabled
2025-09-24 13:39:02,743 | INFO | scripts.Utilities.optimization_manager | Optimization 'streaming_excel_exports': enabled
2025-09-24 13:39:02,744 | INFO | scripts.Utilities.optimization_manager | Optimization 'batch_database_operations': enabled
2025-09-24 13:39:02,744 | INFO | scripts.Utilities.optimization_manager | Optimization 'performance_monitoring': enabled
2025-09-24 13:39:02,744 | INFO | scripts.Utilities.optimization_manager | Optimization 'database_indexes': enabled
2025-09-24 13:39:02,745 | INFO | scripts.Utilities.optimization_manager | Optimization 'adaptive_chunk_sizing': enabled
2025-09-24 13:39:02,751 | INFO | scripts.Utilities.optimized_import_utils | Database optimizations applied successfully
2025-09-24 13:39:02,758 | INFO | scripts.Utilities.optimized_import_utils | Performance indexes created successfully
2025-09-24 13:39:02,761 | INFO | scripts.Utilities.optimization_manager | Database optimizations applied successfully
2025-09-24 13:39:02,761 | INFO | scripts.Utilities.optimization_manager | FWMIS Optimization Status:
2025-09-24 13:39:02,761 | INFO | scripts.Utilities.optimization_manager | ==============================
2025-09-24 13:39:02,762 | INFO | scripts.Utilities.optimization_manager | [OK] memory_efficient_imports: enabled
2025-09-24 13:39:02,762 | INFO | scripts.Utilities.optimization_manager | [OK] streaming_excel_exports: enabled
2025-09-24 13:39:02,762 | INFO | scripts.Utilities.optimization_manager | [OK] batch_database_operations: enabled
2025-09-24 13:39:02,763 | INFO | scripts.Utilities.optimization_manager | [OK] performance_monitoring: enabled
2025-09-24 13:39:02,763 | INFO | scripts.Utilities.optimization_manager | [OK] database_indexes: enabled
2025-09-24 13:39:02,763 | INFO | scripts.Utilities.optimization_manager | [OK] adaptive_chunk_sizing: enabled
2025-09-24 13:39:02,763 | INFO | scripts.Utilities.optimization_manager | 
Overall Status: All optimizations enabled
2025-09-24 13:39:02,764 | INFO | scripts.Utilities.performance_profiler | Memory snapshot 'app_start': RSS=50.2MB
2025-09-24 13:39:02,774 | INFO | scripts.Utilities.performance_profiler | === FWMIS PERFORMANCE REPORT ===
Generated: 2025-09-24 13:39:02

SYSTEM INFORMATION:
  CPU Cores: 12
  Total Memory: 7.6 GB
  Available Memory: 0.9 GB
  Memory Usage: 87.7%

PERFORMANCE RECOMMENDATIONS:
  1. Use streaming for large file imports
  2. Implement batch database operations
  3. Create appropriate database indexes
  4. Monitor memory usage during operations
  5. Use SQL aggregations instead of Python loops
  6. Consider PyPy for 2-7x speed improvements
2025-09-24 13:39:02,776 | ERROR | scripts.Utilities.performance_profiler | Error saving performance report: [Errno 2] No such file or directory: 'data/performance_report.txt'
2025-09-24 13:41:48,099 | INFO | scripts.Utilities.optimization_manager | Optimization 'memory_efficient_imports': enabled
2025-09-24 13:41:48,100 | INFO | scripts.Utilities.optimization_manager | Optimization 'streaming_excel_exports': enabled
2025-09-24 13:41:48,100 | INFO | scripts.Utilities.optimization_manager | Optimization 'batch_database_operations': enabled
2025-09-24 13:41:48,101 | INFO | scripts.Utilities.optimization_manager | Optimization 'performance_monitoring': enabled
2025-09-24 13:41:48,101 | INFO | scripts.Utilities.optimization_manager | Optimization 'database_indexes': enabled
2025-09-24 13:41:48,101 | INFO | scripts.Utilities.optimization_manager | Optimization 'adaptive_chunk_sizing': enabled
2025-09-24 13:41:48,106 | INFO | scripts.Utilities.optimized_import_utils | Database optimizations applied successfully
2025-09-24 13:41:48,115 | INFO | scripts.Utilities.optimized_import_utils | Performance indexes created successfully
2025-09-24 13:41:48,118 | INFO | scripts.Utilities.optimization_manager | Database optimizations applied successfully
2025-09-24 13:41:48,118 | INFO | scripts.Utilities.optimization_manager | FWMIS Optimization Status:
2025-09-24 13:41:48,119 | INFO | scripts.Utilities.optimization_manager | ==============================
2025-09-24 13:41:48,119 | INFO | scripts.Utilities.optimization_manager | [OK] memory_efficient_imports: enabled
2025-09-24 13:41:48,119 | INFO | scripts.Utilities.optimization_manager | [OK] streaming_excel_exports: enabled
2025-09-24 13:41:48,120 | INFO | scripts.Utilities.optimization_manager | [OK] batch_database_operations: enabled
2025-09-24 13:41:48,120 | INFO | scripts.Utilities.optimization_manager | [OK] performance_monitoring: enabled
2025-09-24 13:41:48,120 | INFO | scripts.Utilities.optimization_manager | [OK] database_indexes: enabled
2025-09-24 13:41:48,121 | INFO | scripts.Utilities.optimization_manager | [OK] adaptive_chunk_sizing: enabled
2025-09-24 13:41:48,121 | INFO | scripts.Utilities.optimization_manager | 
Overall Status: All optimizations enabled
2025-09-24 13:41:48,122 | INFO | scripts.Utilities.performance_profiler | Memory snapshot 'app_start': RSS=50.2MB
2025-09-24 13:41:48,133 | INFO | scripts.Utilities.performance_profiler | === FWMIS PERFORMANCE REPORT ===
Generated: 2025-09-24 13:41:48

SYSTEM INFORMATION:
  CPU Cores: 12
  Total Memory: 7.6 GB
  Available Memory: 0.9 GB
  Memory Usage: 88.7%

PERFORMANCE RECOMMENDATIONS:
  1. Use streaming for large file imports
  2. Implement batch database operations
  3. Create appropriate database indexes
  4. Monitor memory usage during operations
  5. Use SQL aggregations instead of Python loops
  6. Consider PyPy for 2-7x speed improvements
2025-09-24 13:41:48,135 | ERROR | scripts.Utilities.performance_profiler | Error saving performance report: [Errno 2] No such file or directory: 'data/performance_report.txt'
2025-09-24 13:44:48,661 | INFO | scripts.Utilities.optimization_manager | Optimization 'memory_efficient_imports': enabled
2025-09-24 13:44:48,662 | INFO | scripts.Utilities.optimization_manager | Optimization 'streaming_excel_exports': enabled
2025-09-24 13:44:48,663 | INFO | scripts.Utilities.optimization_manager | Optimization 'batch_database_operations': enabled
2025-09-24 13:44:48,663 | INFO | scripts.Utilities.optimization_manager | Optimization 'performance_monitoring': enabled
2025-09-24 13:44:48,663 | INFO | scripts.Utilities.optimization_manager | Optimization 'database_indexes': enabled
2025-09-24 13:44:48,664 | INFO | scripts.Utilities.optimization_manager | Optimization 'adaptive_chunk_sizing': enabled
2025-09-24 13:44:48,670 | INFO | scripts.Utilities.optimized_import_utils | Database optimizations applied successfully
2025-09-24 13:44:48,680 | INFO | scripts.Utilities.optimized_import_utils | Performance indexes created successfully
2025-09-24 13:44:48,682 | INFO | scripts.Utilities.optimization_manager | Database optimizations applied successfully
2025-09-24 13:44:48,682 | INFO | scripts.Utilities.optimization_manager | FWMIS Optimization Status:
2025-09-24 13:44:48,683 | INFO | scripts.Utilities.optimization_manager | ==============================
2025-09-24 13:44:48,683 | INFO | scripts.Utilities.optimization_manager | [OK] memory_efficient_imports: enabled
2025-09-24 13:44:48,683 | INFO | scripts.Utilities.optimization_manager | [OK] streaming_excel_exports: enabled
2025-09-24 13:44:48,683 | INFO | scripts.Utilities.optimization_manager | [OK] batch_database_operations: enabled
2025-09-24 13:44:48,683 | INFO | scripts.Utilities.optimization_manager | [OK] performance_monitoring: enabled
2025-09-24 13:44:48,684 | INFO | scripts.Utilities.optimization_manager | [OK] database_indexes: enabled
2025-09-24 13:44:48,684 | INFO | scripts.Utilities.optimization_manager | [OK] adaptive_chunk_sizing: enabled
2025-09-24 13:44:48,684 | INFO | scripts.Utilities.optimization_manager | 
Overall Status: All optimizations enabled
2025-09-24 13:44:48,684 | INFO | scripts.Utilities.performance_profiler | Memory snapshot 'app_start': RSS=50.2MB
2025-09-24 13:44:48,689 | INFO | scripts.Utilities.performance_profiler | === FWMIS PERFORMANCE REPORT ===
Generated: 2025-09-24 13:44:48

SYSTEM INFORMATION:
  CPU Cores: 12
  Total Memory: 7.6 GB
  Available Memory: 0.8 GB
  Memory Usage: 89.1%

PERFORMANCE RECOMMENDATIONS:
  1. Use streaming for large file imports
  2. Implement batch database operations
  3. Create appropriate database indexes
  4. Monitor memory usage during operations
  5. Use SQL aggregations instead of Python loops
  6. Consider PyPy for 2-7x speed improvements
2025-09-24 13:44:48,691 | ERROR | scripts.Utilities.performance_profiler | Error saving performance report: [Errno 2] No such file or directory: 'data/performance_report.txt'
2025-09-24 13:47:43,378 | INFO | scripts.Utilities.optimization_manager | Optimization 'memory_efficient_imports': enabled
2025-09-24 13:47:43,378 | INFO | scripts.Utilities.optimization_manager | Optimization 'streaming_excel_exports': enabled
2025-09-24 13:47:43,379 | INFO | scripts.Utilities.optimization_manager | Optimization 'batch_database_operations': enabled
2025-09-24 13:47:43,379 | INFO | scripts.Utilities.optimization_manager | Optimization 'performance_monitoring': enabled
2025-09-24 13:47:43,379 | INFO | scripts.Utilities.optimization_manager | Optimization 'database_indexes': enabled
2025-09-24 13:47:43,379 | INFO | scripts.Utilities.optimization_manager | Optimization 'adaptive_chunk_sizing': enabled
2025-09-24 13:47:43,384 | INFO | scripts.Utilities.optimized_import_utils | Database optimizations applied successfully
2025-09-24 13:47:43,390 | INFO | scripts.Utilities.optimized_import_utils | Performance indexes created successfully
2025-09-24 13:47:43,392 | INFO | scripts.Utilities.optimization_manager | Database optimizations applied successfully
2025-09-24 13:47:43,392 | INFO | scripts.Utilities.optimization_manager | FWMIS Optimization Status:
2025-09-24 13:47:43,392 | INFO | scripts.Utilities.optimization_manager | ==============================
2025-09-24 13:47:43,392 | INFO | scripts.Utilities.optimization_manager | [OK] memory_efficient_imports: enabled
2025-09-24 13:47:43,393 | INFO | scripts.Utilities.optimization_manager | [OK] streaming_excel_exports: enabled
2025-09-24 13:47:43,393 | INFO | scripts.Utilities.optimization_manager | [OK] batch_database_operations: enabled
2025-09-24 13:47:43,393 | INFO | scripts.Utilities.optimization_manager | [OK] performance_monitoring: enabled
2025-09-24 13:47:43,393 | INFO | scripts.Utilities.optimization_manager | [OK] database_indexes: enabled
2025-09-24 13:47:43,394 | INFO | scripts.Utilities.optimization_manager | [OK] adaptive_chunk_sizing: enabled
2025-09-24 13:47:43,394 | INFO | scripts.Utilities.optimization_manager | 
Overall Status: All optimizations enabled
2025-09-24 13:47:43,395 | INFO | scripts.Utilities.performance_profiler | Memory snapshot 'app_start': RSS=50.1MB
2025-09-24 13:47:43,399 | INFO | scripts.Utilities.performance_profiler | === FWMIS PERFORMANCE REPORT ===
Generated: 2025-09-24 13:47:43

SYSTEM INFORMATION:
  CPU Cores: 12
  Total Memory: 7.6 GB
  Available Memory: 0.9 GB
  Memory Usage: 88.4%

PERFORMANCE RECOMMENDATIONS:
  1. Use streaming for large file imports
  2. Implement batch database operations
  3. Create appropriate database indexes
  4. Monitor memory usage during operations
  5. Use SQL aggregations instead of Python loops
  6. Consider PyPy for 2-7x speed improvements
2025-09-24 13:47:43,399 | ERROR | scripts.Utilities.performance_profiler | Error saving performance report: [Errno 2] No such file or directory: 'data/performance_report.txt'
2025-09-24 13:50:52,054 | INFO | scripts.Utilities.optimization_manager | Optimization 'memory_efficient_imports': enabled
2025-09-24 13:50:52,055 | INFO | scripts.Utilities.optimization_manager | Optimization 'streaming_excel_exports': enabled
2025-09-24 13:50:52,055 | INFO | scripts.Utilities.optimization_manager | Optimization 'batch_database_operations': enabled
2025-09-24 13:50:52,055 | INFO | scripts.Utilities.optimization_manager | Optimization 'performance_monitoring': enabled
2025-09-24 13:50:52,056 | INFO | scripts.Utilities.optimization_manager | Optimization 'database_indexes': enabled
2025-09-24 13:50:52,056 | INFO | scripts.Utilities.optimization_manager | Optimization 'adaptive_chunk_sizing': enabled
2025-09-24 13:50:52,061 | INFO | scripts.Utilities.optimized_import_utils | Database optimizations applied successfully
2025-09-24 13:50:52,070 | INFO | scripts.Utilities.optimized_import_utils | Performance indexes created successfully
2025-09-24 13:50:52,072 | INFO | scripts.Utilities.optimization_manager | Database optimizations applied successfully
2025-09-24 13:50:52,072 | INFO | scripts.Utilities.optimization_manager | FWMIS Optimization Status:
2025-09-24 13:50:52,072 | INFO | scripts.Utilities.optimization_manager | ==============================
2025-09-24 13:50:52,073 | INFO | scripts.Utilities.optimization_manager | [OK] memory_efficient_imports: enabled
2025-09-24 13:50:52,073 | INFO | scripts.Utilities.optimization_manager | [OK] streaming_excel_exports: enabled
2025-09-24 13:50:52,073 | INFO | scripts.Utilities.optimization_manager | [OK] batch_database_operations: enabled
2025-09-24 13:50:52,074 | INFO | scripts.Utilities.optimization_manager | [OK] performance_monitoring: enabled
2025-09-24 13:50:52,074 | INFO | scripts.Utilities.optimization_manager | [OK] database_indexes: enabled
2025-09-24 13:50:52,074 | INFO | scripts.Utilities.optimization_manager | [OK] adaptive_chunk_sizing: enabled
2025-09-24 13:50:52,075 | INFO | scripts.Utilities.optimization_manager | 
Overall Status: All optimizations enabled
2025-09-24 13:50:52,075 | INFO | scripts.Utilities.performance_profiler | Memory snapshot 'app_start': RSS=50.2MB
2025-09-24 13:50:52,086 | INFO | scripts.Utilities.performance_profiler | === FWMIS PERFORMANCE REPORT ===
Generated: 2025-09-24 13:50:52

SYSTEM INFORMATION:
  CPU Cores: 12
  Total Memory: 7.6 GB
  Available Memory: 1.1 GB
  Memory Usage: 85.4%

PERFORMANCE RECOMMENDATIONS:
  1. Use streaming for large file imports
  2. Implement batch database operations
  3. Create appropriate database indexes
  4. Monitor memory usage during operations
  5. Use SQL aggregations instead of Python loops
  6. Consider PyPy for 2-7x speed improvements
2025-09-24 13:50:52,088 | ERROR | scripts.Utilities.performance_profiler | Error saving performance report: [Errno 2] No such file or directory: 'data/performance_report.txt'
2025-09-24 13:51:06,900 | INFO | root | Audit log saved successfully: edit_case
2025-09-24 13:51:06,933 | INFO | root | Audit log saved successfully: assessment_status_change
2025-09-24 13:57:04,862 | INFO | scripts.Utilities.optimization_manager | Optimization 'memory_efficient_imports': enabled
2025-09-24 13:57:04,863 | INFO | scripts.Utilities.optimization_manager | Optimization 'streaming_excel_exports': enabled
2025-09-24 13:57:04,863 | INFO | scripts.Utilities.optimization_manager | Optimization 'batch_database_operations': enabled
2025-09-24 13:57:04,864 | INFO | scripts.Utilities.optimization_manager | Optimization 'performance_monitoring': enabled
2025-09-24 13:57:04,864 | INFO | scripts.Utilities.optimization_manager | Optimization 'database_indexes': enabled
2025-09-24 13:57:04,864 | INFO | scripts.Utilities.optimization_manager | Optimization 'adaptive_chunk_sizing': enabled
2025-09-24 13:57:04,869 | INFO | scripts.Utilities.optimized_import_utils | Database optimizations applied successfully
2025-09-24 13:57:04,877 | INFO | scripts.Utilities.optimized_import_utils | Performance indexes created successfully
2025-09-24 13:57:04,880 | INFO | scripts.Utilities.optimization_manager | Database optimizations applied successfully
2025-09-24 13:57:04,881 | INFO | scripts.Utilities.optimization_manager | FWMIS Optimization Status:
2025-09-24 13:57:04,881 | INFO | scripts.Utilities.optimization_manager | ==============================
2025-09-24 13:57:04,882 | INFO | scripts.Utilities.optimization_manager | [OK] memory_efficient_imports: enabled
2025-09-24 13:57:04,882 | INFO | scripts.Utilities.optimization_manager | [OK] streaming_excel_exports: enabled
2025-09-24 13:57:04,883 | INFO | scripts.Utilities.optimization_manager | [OK] batch_database_operations: enabled
2025-09-24 13:57:04,883 | INFO | scripts.Utilities.optimization_manager | [OK] performance_monitoring: enabled
2025-09-24 13:57:04,884 | INFO | scripts.Utilities.optimization_manager | [OK] database_indexes: enabled
2025-09-24 13:57:04,885 | INFO | scripts.Utilities.optimization_manager | [OK] adaptive_chunk_sizing: enabled
2025-09-24 13:57:04,887 | INFO | scripts.Utilities.optimization_manager | 
Overall Status: All optimizations enabled
2025-09-24 13:57:04,889 | INFO | scripts.Utilities.performance_profiler | Memory snapshot 'app_start': RSS=50.4MB
2025-09-24 13:57:04,900 | INFO | scripts.Utilities.performance_profiler | === FWMIS PERFORMANCE REPORT ===
Generated: 2025-09-24 13:57:04

SYSTEM INFORMATION:
  CPU Cores: 12
  Total Memory: 7.6 GB
  Available Memory: 1.2 GB
  Memory Usage: 84.4%

PERFORMANCE RECOMMENDATIONS:
  1. Use streaming for large file imports
  2. Implement batch database operations
  3. Create appropriate database indexes
  4. Monitor memory usage during operations
  5. Use SQL aggregations instead of Python loops
  6. Consider PyPy for 2-7x speed improvements
2025-09-24 13:57:04,905 | ERROR | scripts.Utilities.performance_profiler | Error saving performance report: [Errno 2] No such file or directory: 'data/performance_report.txt'
2025-09-24 13:57:39,312 | INFO | root | Audit log saved successfully: edit_case
2025-09-24 13:57:39,332 | INFO | root | Audit log saved successfully: assessment_status_change
2025-09-24 13:57:39,375 | INFO | root | Audit log saved successfully: lc_status_change
2025-09-24 13:59:43,373 | INFO | root | Audit log saved successfully: add_case
2025-09-24 14:00:32,662 | INFO | scripts.core.import_worker | ImportWorker starting
2025-09-24 14:00:32,670 | INFO | scripts.core.import_worker | Case inserted
2025-09-24 14:00:32,675 | INFO | scripts.core.import_worker | Copied BAS file
2025-09-24 14:00:32,675 | INFO | scripts.core.import_worker | Successfully committed case
2025-09-24 14:00:32,679 | INFO | scripts.core.import_worker | Imported case
2025-09-24 14:00:32,686 | INFO | scripts.core.import_worker | Case inserted
2025-09-24 14:00:32,690 | INFO | scripts.core.import_worker | Copied BAS file
2025-09-24 14:00:32,690 | INFO | scripts.core.import_worker | Successfully committed case
2025-09-24 14:00:32,695 | INFO | scripts.core.import_worker | Imported case
2025-09-24 14:00:32,712 | INFO | scripts.core.import_worker | Case inserted
2025-09-24 14:00:32,729 | INFO | scripts.core.import_worker | Copied BAS file
2025-09-24 14:00:32,729 | INFO | scripts.core.import_worker | Successfully committed case
2025-09-24 14:00:32,746 | INFO | scripts.core.import_worker | Imported case
2025-09-24 14:00:32,763 | INFO | scripts.core.import_worker | Case inserted
2025-09-24 14:00:32,775 | INFO | scripts.core.import_worker | Copied BAS file
2025-09-24 14:00:32,776 | INFO | scripts.core.import_worker | Successfully committed case
2025-09-24 14:00:32,780 | INFO | scripts.core.import_worker | Imported case
2025-09-24 14:00:32,787 | INFO | scripts.core.import_worker | Case inserted
2025-09-24 14:00:32,796 | INFO | scripts.core.import_worker | Copied BAS file
2025-09-24 14:00:32,796 | INFO | scripts.core.import_worker | Successfully committed case
2025-09-24 14:00:32,807 | INFO | scripts.core.import_worker | Imported case
2025-09-24 14:00:32,820 | INFO | scripts.core.import_worker | Case inserted
2025-09-24 14:00:32,824 | INFO | scripts.core.import_worker | Copied BAS file
2025-09-24 14:00:32,824 | INFO | scripts.core.import_worker | Successfully committed case
2025-09-24 14:00:32,829 | INFO | scripts.core.import_worker | Imported case
2025-09-24 14:00:32,830 | INFO | scripts.core.import_worker | Import completed
2025-09-24 14:09:29,175 | INFO | root | Audit log saved successfully: edit_case
2025-09-24 14:09:29,208 | INFO | root | Audit log saved successfully: assessment_status_change
2025-09-24 14:10:00,734 | INFO | root | Audit log saved successfully: edit_case
2025-09-24 14:10:00,769 | INFO | root | Audit log saved successfully: assessment_status_change
2025-09-24 14:10:18,924 | INFO | root | Audit log saved successfully: edit_case
2025-09-24 14:10:18,961 | INFO | root | Audit log saved successfully: assessment_status_change
2025-09-24 14:10:34,636 | INFO | root | Audit log saved successfully: edit_case
2025-09-24 14:10:34,670 | INFO | root | Audit log saved successfully: assessment_status_change
2025-09-24 14:10:49,269 | INFO | root | Audit log saved successfully: edit_case
2025-09-24 14:10:49,299 | INFO | root | Audit log saved successfully: assessment_status_change
2025-09-24 14:11:01,585 | INFO | root | Audit log saved successfully: edit_case
2025-09-24 14:13:59,514 | INFO | root | Audit log saved successfully: edit_case
2025-09-24 14:13:59,550 | INFO | root | Audit log saved successfully: assessment_status_change
2025-09-24 14:14:22,506 | INFO | root | Audit log saved successfully: edit_case
2025-09-24 14:14:22,561 | INFO | root | Audit log saved successfully: assessment_status_change
2025-09-24 14:14:54,245 | INFO | root | Audit log saved successfully: edit_case
2025-09-24 14:14:54,280 | INFO | root | Audit log saved successfully: assessment_status_change
2025-09-24 14:14:54,302 | INFO | root | Audit log saved successfully: lc_status_change
2025-09-24 14:15:09,573 | INFO | root | Audit log saved successfully: edit_case
2025-09-24 14:15:09,609 | INFO | root | Audit log saved successfully: assessment_status_change
2025-09-24 14:15:09,628 | INFO | root | Audit log saved successfully: lc_status_change
2025-09-24 14:15:19,658 | INFO | root | Audit log saved successfully: edit_case
2025-09-24 14:15:19,693 | INFO | root | Audit log saved successfully: assessment_status_change
2025-09-24 14:15:19,716 | INFO | root | Audit log saved successfully: lc_status_change
2025-09-24 14:15:39,005 | INFO | root | Audit log saved successfully: edit_case
2025-09-24 14:15:39,041 | INFO | root | Audit log saved successfully: assessment_status_change
2025-09-24 14:15:39,067 | INFO | root | Audit log saved successfully: lc_status_change
2025-09-24 14:16:02,709 | INFO | root | Audit log saved successfully: edit_case
2025-09-24 14:16:02,741 | INFO | root | Audit log saved successfully: assessment_status_change
2025-09-24 14:16:02,775 | INFO | root | Audit log saved successfully: lc_status_change
2025-09-24 14:16:19,148 | INFO | root | Audit log saved successfully: edit_case
2025-09-24 14:16:19,183 | INFO | root | Audit log saved successfully: assessment_status_change
2025-09-24 14:16:19,207 | INFO | root | Audit log saved successfully: lc_status_change
2025-09-24 14:16:34,020 | INFO | root | Audit log saved successfully: edit_case
2025-09-24 14:16:34,054 | INFO | root | Audit log saved successfully: assessment_status_change
2025-09-24 14:16:34,072 | INFO | root | Audit log saved successfully: lc_status_change
2025-09-24 14:41:00,805 | INFO | scripts.Utilities.optimization_manager | Optimization 'memory_efficient_imports': enabled
2025-09-24 14:41:00,806 | INFO | scripts.Utilities.optimization_manager | Optimization 'streaming_excel_exports': enabled
2025-09-24 14:41:00,807 | INFO | scripts.Utilities.optimization_manager | Optimization 'batch_database_operations': enabled
2025-09-24 14:41:00,807 | INFO | scripts.Utilities.optimization_manager | Optimization 'performance_monitoring': enabled
2025-09-24 14:41:00,807 | INFO | scripts.Utilities.optimization_manager | Optimization 'database_indexes': enabled
2025-09-24 14:41:00,808 | INFO | scripts.Utilities.optimization_manager | Optimization 'adaptive_chunk_sizing': enabled
2025-09-24 14:41:00,813 | INFO | scripts.Utilities.optimized_import_utils | Database optimizations applied successfully
2025-09-24 14:41:00,820 | INFO | scripts.Utilities.optimized_import_utils | Performance indexes created successfully
2025-09-24 14:41:00,822 | INFO | scripts.Utilities.optimization_manager | Database optimizations applied successfully
2025-09-24 14:41:00,822 | INFO | scripts.Utilities.optimization_manager | FWMIS Optimization Status:
2025-09-24 14:41:00,822 | INFO | scripts.Utilities.optimization_manager | ==============================
2025-09-24 14:41:00,823 | INFO | scripts.Utilities.optimization_manager | [OK] memory_efficient_imports: enabled
2025-09-24 14:41:00,823 | INFO | scripts.Utilities.optimization_manager | [OK] streaming_excel_exports: enabled
2025-09-24 14:41:00,823 | INFO | scripts.Utilities.optimization_manager | [OK] batch_database_operations: enabled
2025-09-24 14:41:00,823 | INFO | scripts.Utilities.optimization_manager | [OK] performance_monitoring: enabled
2025-09-24 14:41:00,824 | INFO | scripts.Utilities.optimization_manager | [OK] database_indexes: enabled
2025-09-24 14:41:00,824 | INFO | scripts.Utilities.optimization_manager | [OK] adaptive_chunk_sizing: enabled
2025-09-24 14:41:00,824 | INFO | scripts.Utilities.optimization_manager | 
Overall Status: All optimizations enabled
2025-09-24 14:41:00,824 | INFO | scripts.Utilities.performance_profiler | Memory snapshot 'app_start': RSS=50.1MB
2025-09-24 14:41:00,829 | INFO | scripts.Utilities.performance_profiler | === FWMIS PERFORMANCE REPORT ===
Generated: 2025-09-24 14:41:00

SYSTEM INFORMATION:
  CPU Cores: 12
  Total Memory: 7.6 GB
  Available Memory: 1.0 GB
  Memory Usage: 87.0%

PERFORMANCE RECOMMENDATIONS:
  1. Use streaming for large file imports
  2. Implement batch database operations
  3. Create appropriate database indexes
  4. Monitor memory usage during operations
  5. Use SQL aggregations instead of Python loops
  6. Consider PyPy for 2-7x speed improvements
2025-09-24 14:41:00,830 | ERROR | scripts.Utilities.performance_profiler | Error saving performance report: [Errno 2] No such file or directory: 'data/performance_report.txt'
2025-09-24 15:20:07,476 | INFO | scripts.Utilities.optimization_manager | Optimization 'memory_efficient_imports': enabled
2025-09-24 15:20:07,476 | INFO | scripts.Utilities.optimization_manager | Optimization 'streaming_excel_exports': enabled
2025-09-24 15:20:07,477 | INFO | scripts.Utilities.optimization_manager | Optimization 'batch_database_operations': enabled
2025-09-24 15:20:07,477 | INFO | scripts.Utilities.optimization_manager | Optimization 'performance_monitoring': enabled
2025-09-24 15:20:07,477 | INFO | scripts.Utilities.optimization_manager | Optimization 'database_indexes': enabled
2025-09-24 15:20:07,477 | INFO | scripts.Utilities.optimization_manager | Optimization 'adaptive_chunk_sizing': enabled
2025-09-24 15:20:07,485 | INFO | scripts.Utilities.optimized_import_utils | Database optimizations applied successfully
2025-09-24 15:20:07,493 | INFO | scripts.Utilities.optimized_import_utils | Performance indexes created successfully
2025-09-24 15:20:07,495 | INFO | scripts.Utilities.optimization_manager | Database optimizations applied successfully
2025-09-24 15:20:07,496 | INFO | scripts.Utilities.optimization_manager | FWMIS Optimization Status:
2025-09-24 15:20:07,496 | INFO | scripts.Utilities.optimization_manager | ==============================
2025-09-24 15:20:07,497 | INFO | scripts.Utilities.optimization_manager | [OK] memory_efficient_imports: enabled
2025-09-24 15:20:07,497 | INFO | scripts.Utilities.optimization_manager | [OK] streaming_excel_exports: enabled
2025-09-24 15:20:07,498 | INFO | scripts.Utilities.optimization_manager | [OK] batch_database_operations: enabled
2025-09-24 15:20:07,498 | INFO | scripts.Utilities.optimization_manager | [OK] performance_monitoring: enabled
2025-09-24 15:20:07,499 | INFO | scripts.Utilities.optimization_manager | [OK] database_indexes: enabled
2025-09-24 15:20:07,500 | INFO | scripts.Utilities.optimization_manager | [OK] adaptive_chunk_sizing: enabled
2025-09-24 15:20:07,501 | INFO | scripts.Utilities.optimization_manager | 
Overall Status: All optimizations enabled
2025-09-24 15:20:07,503 | INFO | scripts.Utilities.performance_profiler | Memory snapshot 'app_start': RSS=50.1MB
2025-09-24 15:20:07,511 | INFO | scripts.Utilities.performance_profiler | === FWMIS PERFORMANCE REPORT ===
Generated: 2025-09-24 15:20:07

SYSTEM INFORMATION:
  CPU Cores: 12
  Total Memory: 7.6 GB
  Available Memory: 1.2 GB
  Memory Usage: 83.7%

PERFORMANCE RECOMMENDATIONS:
  1. Use streaming for large file imports
  2. Implement batch database operations
  3. Create appropriate database indexes
  4. Monitor memory usage during operations
  5. Use SQL aggregations instead of Python loops
  6. Consider PyPy for 2-7x speed improvements
2025-09-24 15:20:07,514 | ERROR | scripts.Utilities.performance_profiler | Error saving performance report: [Errno 2] No such file or directory: 'data/performance_report.txt'
2025-09-24 15:20:22,092 | INFO | scripts.Utilities.optimization_manager | Optimization 'memory_efficient_imports': enabled
2025-09-24 15:20:22,092 | INFO | scripts.Utilities.optimization_manager | Optimization 'streaming_excel_exports': enabled
2025-09-24 15:20:22,093 | INFO | scripts.Utilities.optimization_manager | Optimization 'batch_database_operations': enabled
2025-09-24 15:20:22,093 | INFO | scripts.Utilities.optimization_manager | Optimization 'performance_monitoring': enabled
2025-09-24 15:20:22,093 | INFO | scripts.Utilities.optimization_manager | Optimization 'database_indexes': enabled
2025-09-24 15:20:22,094 | INFO | scripts.Utilities.optimization_manager | Optimization 'adaptive_chunk_sizing': enabled
2025-09-24 15:20:22,098 | INFO | scripts.Utilities.optimized_import_utils | Database optimizations applied successfully
2025-09-24 15:20:22,108 | INFO | scripts.Utilities.optimized_import_utils | Performance indexes created successfully
2025-09-24 15:20:22,118 | INFO | scripts.Utilities.optimization_manager | Database optimizations applied successfully
2025-09-24 15:20:22,119 | INFO | scripts.Utilities.optimization_manager | FWMIS Optimization Status:
2025-09-24 15:20:22,119 | INFO | scripts.Utilities.optimization_manager | ==============================
2025-09-24 15:20:22,119 | INFO | scripts.Utilities.optimization_manager | [OK] memory_efficient_imports: enabled
2025-09-24 15:20:22,120 | INFO | scripts.Utilities.optimization_manager | [OK] streaming_excel_exports: enabled
2025-09-24 15:20:22,120 | INFO | scripts.Utilities.optimization_manager | [OK] batch_database_operations: enabled
2025-09-24 15:20:22,120 | INFO | scripts.Utilities.optimization_manager | [OK] performance_monitoring: enabled
2025-09-24 15:20:22,121 | INFO | scripts.Utilities.optimization_manager | [OK] database_indexes: enabled
2025-09-24 15:20:22,121 | INFO | scripts.Utilities.optimization_manager | [OK] adaptive_chunk_sizing: enabled
2025-09-24 15:20:22,121 | INFO | scripts.Utilities.optimization_manager | 
Overall Status: All optimizations enabled
2025-09-24 15:20:22,122 | INFO | scripts.Utilities.performance_profiler | Memory snapshot 'app_start': RSS=50.2MB
2025-09-24 15:20:22,133 | INFO | scripts.Utilities.performance_profiler | === FWMIS PERFORMANCE REPORT ===
Generated: 2025-09-24 15:20:22

SYSTEM INFORMATION:
  CPU Cores: 12
  Total Memory: 7.6 GB
  Available Memory: 1.3 GB
  Memory Usage: 82.7%

PERFORMANCE RECOMMENDATIONS:
  1. Use streaming for large file imports
  2. Implement batch database operations
  3. Create appropriate database indexes
  4. Monitor memory usage during operations
  5. Use SQL aggregations instead of Python loops
  6. Consider PyPy for 2-7x speed improvements
2025-09-24 15:20:22,134 | ERROR | scripts.Utilities.performance_profiler | Error saving performance report: [Errno 2] No such file or directory: 'data/performance_report.txt'
2025-09-24 15:21:01,718 | INFO | scripts.Utilities.optimization_manager | Optimization 'memory_efficient_imports': enabled
2025-09-24 15:21:01,718 | INFO | scripts.Utilities.optimization_manager | Optimization 'streaming_excel_exports': enabled
2025-09-24 15:21:01,719 | INFO | scripts.Utilities.optimization_manager | Optimization 'batch_database_operations': enabled
2025-09-24 15:21:01,719 | INFO | scripts.Utilities.optimization_manager | Optimization 'performance_monitoring': enabled
2025-09-24 15:21:01,720 | INFO | scripts.Utilities.optimization_manager | Optimization 'database_indexes': enabled
2025-09-24 15:21:01,720 | INFO | scripts.Utilities.optimization_manager | Optimization 'adaptive_chunk_sizing': enabled
2025-09-24 15:21:01,727 | INFO | scripts.Utilities.optimized_import_utils | Database optimizations applied successfully
2025-09-24 15:21:01,735 | INFO | scripts.Utilities.optimized_import_utils | Performance indexes created successfully
2025-09-24 15:21:01,738 | INFO | scripts.Utilities.optimization_manager | Database optimizations applied successfully
2025-09-24 15:21:01,739 | INFO | scripts.Utilities.optimization_manager | FWMIS Optimization Status:
2025-09-24 15:21:01,739 | INFO | scripts.Utilities.optimization_manager | ==============================
2025-09-24 15:21:01,740 | INFO | scripts.Utilities.optimization_manager | [OK] memory_efficient_imports: enabled
2025-09-24 15:21:01,741 | INFO | scripts.Utilities.optimization_manager | [OK] streaming_excel_exports: enabled
2025-09-24 15:21:01,741 | INFO | scripts.Utilities.optimization_manager | [OK] batch_database_operations: enabled
2025-09-24 15:21:01,742 | INFO | scripts.Utilities.optimization_manager | [OK] performance_monitoring: enabled
2025-09-24 15:21:01,742 | INFO | scripts.Utilities.optimization_manager | [OK] database_indexes: enabled
2025-09-24 15:21:01,743 | INFO | scripts.Utilities.optimization_manager | [OK] adaptive_chunk_sizing: enabled
2025-09-24 15:21:01,743 | INFO | scripts.Utilities.optimization_manager | 
Overall Status: All optimizations enabled
2025-09-24 15:21:01,744 | INFO | scripts.Utilities.performance_profiler | Memory snapshot 'app_start': RSS=50.2MB
2025-09-24 15:21:01,756 | INFO | scripts.Utilities.performance_profiler | === FWMIS PERFORMANCE REPORT ===
Generated: 2025-09-24 15:21:01

SYSTEM INFORMATION:
  CPU Cores: 12
  Total Memory: 7.6 GB
  Available Memory: 1.3 GB
  Memory Usage: 83.5%

PERFORMANCE RECOMMENDATIONS:
  1. Use streaming for large file imports
  2. Implement batch database operations
  3. Create appropriate database indexes
  4. Monitor memory usage during operations
  5. Use SQL aggregations instead of Python loops
  6. Consider PyPy for 2-7x speed improvements
2025-09-24 15:21:01,758 | ERROR | scripts.Utilities.performance_profiler | Error saving performance report: [Errno 2] No such file or directory: 'data/performance_report.txt'
2025-09-24 15:41:01,428 | INFO | scripts.Utilities.optimization_manager | Optimization 'memory_efficient_imports': enabled
2025-09-24 15:41:01,429 | INFO | scripts.Utilities.optimization_manager | Optimization 'streaming_excel_exports': enabled
2025-09-24 15:41:01,430 | INFO | scripts.Utilities.optimization_manager | Optimization 'batch_database_operations': enabled
2025-09-24 15:41:01,430 | INFO | scripts.Utilities.optimization_manager | Optimization 'performance_monitoring': enabled
2025-09-24 15:41:01,430 | INFO | scripts.Utilities.optimization_manager | Optimization 'database_indexes': enabled
2025-09-24 15:41:01,430 | INFO | scripts.Utilities.optimization_manager | Optimization 'adaptive_chunk_sizing': enabled
2025-09-24 15:41:01,439 | INFO | scripts.Utilities.optimized_import_utils | Database optimizations applied successfully
2025-09-24 15:41:01,450 | INFO | scripts.Utilities.optimized_import_utils | Performance indexes created successfully
2025-09-24 15:41:01,454 | INFO | scripts.Utilities.optimization_manager | Database optimizations applied successfully
2025-09-24 15:41:01,454 | INFO | scripts.Utilities.optimization_manager | FWMIS Optimization Status:
2025-09-24 15:41:01,455 | INFO | scripts.Utilities.optimization_manager | ==============================
2025-09-24 15:41:01,455 | INFO | scripts.Utilities.optimization_manager | [OK] memory_efficient_imports: enabled
2025-09-24 15:41:01,456 | INFO | scripts.Utilities.optimization_manager | [OK] streaming_excel_exports: enabled
2025-09-24 15:41:01,456 | INFO | scripts.Utilities.optimization_manager | [OK] batch_database_operations: enabled
2025-09-24 15:41:01,457 | INFO | scripts.Utilities.optimization_manager | [OK] performance_monitoring: enabled
2025-09-24 15:41:01,457 | INFO | scripts.Utilities.optimization_manager | [OK] database_indexes: enabled
2025-09-24 15:41:01,458 | INFO | scripts.Utilities.optimization_manager | [OK] adaptive_chunk_sizing: enabled
2025-09-24 15:41:01,458 | INFO | scripts.Utilities.optimization_manager | 
Overall Status: All optimizations enabled
2025-09-24 15:41:01,460 | INFO | scripts.Utilities.performance_profiler | Memory snapshot 'app_start': RSS=50.4MB
2025-09-24 15:41:01,471 | INFO | scripts.Utilities.performance_profiler | === FWMIS PERFORMANCE REPORT ===
Generated: 2025-09-24 15:41:01

SYSTEM INFORMATION:
  CPU Cores: 12
  Total Memory: 7.6 GB
  Available Memory: 0.8 GB
  Memory Usage: 89.7%

PERFORMANCE RECOMMENDATIONS:
  1. Use streaming for large file imports
  2. Implement batch database operations
  3. Create appropriate database indexes
  4. Monitor memory usage during operations
  5. Use SQL aggregations instead of Python loops
  6. Consider PyPy for 2-7x speed improvements
2025-09-24 15:41:01,475 | ERROR | scripts.Utilities.performance_profiler | Error saving performance report: [Errno 2] No such file or directory: 'data/performance_report.txt'
2025-09-24 16:20:58,664 | INFO | scripts.Utilities.optimization_manager | Optimization 'memory_efficient_imports': enabled
2025-09-24 16:20:58,665 | INFO | scripts.Utilities.optimization_manager | Optimization 'streaming_excel_exports': enabled
2025-09-24 16:20:58,665 | INFO | scripts.Utilities.optimization_manager | Optimization 'batch_database_operations': enabled
2025-09-24 16:20:58,666 | INFO | scripts.Utilities.optimization_manager | Optimization 'performance_monitoring': enabled
2025-09-24 16:20:58,666 | INFO | scripts.Utilities.optimization_manager | Optimization 'database_indexes': enabled
2025-09-24 16:20:58,667 | INFO | scripts.Utilities.optimization_manager | Optimization 'adaptive_chunk_sizing': enabled
2025-09-24 16:20:58,676 | INFO | scripts.Utilities.optimized_import_utils | Database optimizations applied successfully
2025-09-24 16:20:58,687 | INFO | scripts.Utilities.optimized_import_utils | Performance indexes created successfully
2025-09-24 16:20:58,691 | INFO | scripts.Utilities.optimization_manager | Database optimizations applied successfully
2025-09-24 16:20:58,691 | INFO | scripts.Utilities.optimization_manager | FWMIS Optimization Status:
2025-09-24 16:20:58,692 | INFO | scripts.Utilities.optimization_manager | ==============================
2025-09-24 16:20:58,692 | INFO | scripts.Utilities.optimization_manager | [OK] memory_efficient_imports: enabled
2025-09-24 16:20:58,692 | INFO | scripts.Utilities.optimization_manager | [OK] streaming_excel_exports: enabled
2025-09-24 16:20:58,693 | INFO | scripts.Utilities.optimization_manager | [OK] batch_database_operations: enabled
2025-09-24 16:20:58,693 | INFO | scripts.Utilities.optimization_manager | [OK] performance_monitoring: enabled
2025-09-24 16:20:58,694 | INFO | scripts.Utilities.optimization_manager | [OK] database_indexes: enabled
2025-09-24 16:20:58,694 | INFO | scripts.Utilities.optimization_manager | [OK] adaptive_chunk_sizing: enabled
2025-09-24 16:20:58,694 | INFO | scripts.Utilities.optimization_manager | 
Overall Status: All optimizations enabled
2025-09-24 16:20:58,696 | INFO | scripts.Utilities.performance_profiler | Memory snapshot 'app_start': RSS=74.4MB
2025-09-24 16:20:58,710 | INFO | scripts.Utilities.performance_profiler | === FWMIS PERFORMANCE REPORT ===
Generated: 2025-09-24 16:20:58

SYSTEM INFORMATION:
  CPU Cores: 12
  Total Memory: 7.6 GB
  Available Memory: 1.0 GB
  Memory Usage: 87.5%

PERFORMANCE RECOMMENDATIONS:
  1. Use streaming for large file imports
  2. Implement batch database operations
  3. Create appropriate database indexes
  4. Monitor memory usage during operations
  5. Use SQL aggregations instead of Python loops
  6. Consider PyPy for 2-7x speed improvements
2025-09-24 16:20:58,711 | ERROR | scripts.Utilities.performance_profiler | Error saving performance report: [Errno 2] No such file or directory: 'data/performance_report.txt'
2025-09-24 17:20:49,639 | INFO | scripts.Utilities.optimization_manager | Optimization 'memory_efficient_imports': enabled
2025-09-24 17:20:49,640 | INFO | scripts.Utilities.optimization_manager | Optimization 'streaming_excel_exports': enabled
2025-09-24 17:20:49,641 | INFO | scripts.Utilities.optimization_manager | Optimization 'batch_database_operations': enabled
2025-09-24 17:20:49,641 | INFO | scripts.Utilities.optimization_manager | Optimization 'performance_monitoring': enabled
2025-09-24 17:20:49,641 | INFO | scripts.Utilities.optimization_manager | Optimization 'database_indexes': enabled
2025-09-24 17:20:49,642 | INFO | scripts.Utilities.optimization_manager | Optimization 'adaptive_chunk_sizing': enabled
2025-09-24 17:20:49,646 | INFO | scripts.Utilities.optimized_import_utils | Database optimizations applied successfully
2025-09-24 17:20:49,657 | INFO | scripts.Utilities.optimized_import_utils | Performance indexes created successfully
2025-09-24 17:20:49,660 | INFO | scripts.Utilities.optimization_manager | Database optimizations applied successfully
2025-09-24 17:20:49,661 | INFO | scripts.Utilities.optimization_manager | FWMIS Optimization Status:
2025-09-24 17:20:49,661 | INFO | scripts.Utilities.optimization_manager | ==============================
2025-09-24 17:20:49,661 | INFO | scripts.Utilities.optimization_manager | [OK] memory_efficient_imports: enabled
2025-09-24 17:20:49,661 | INFO | scripts.Utilities.optimization_manager | [OK] streaming_excel_exports: enabled
2025-09-24 17:20:49,661 | INFO | scripts.Utilities.optimization_manager | [OK] batch_database_operations: enabled
2025-09-24 17:20:49,662 | INFO | scripts.Utilities.optimization_manager | [OK] performance_monitoring: enabled
2025-09-24 17:20:49,662 | INFO | scripts.Utilities.optimization_manager | [OK] database_indexes: enabled
2025-09-24 17:20:49,662 | INFO | scripts.Utilities.optimization_manager | [OK] adaptive_chunk_sizing: enabled
2025-09-24 17:20:49,663 | INFO | scripts.Utilities.optimization_manager | 
Overall Status: All optimizations enabled
2025-09-24 17:20:49,664 | INFO | scripts.Utilities.performance_profiler | Memory snapshot 'app_start': RSS=72.5MB
2025-09-24 17:20:49,677 | INFO | scripts.Utilities.performance_profiler | === FWMIS PERFORMANCE REPORT ===
Generated: 2025-09-24 17:20:49

SYSTEM INFORMATION:
  CPU Cores: 12
  Total Memory: 7.6 GB
  Available Memory: 0.9 GB
  Memory Usage: 88.7%

PERFORMANCE RECOMMENDATIONS:
  1. Use streaming for large file imports
  2. Implement batch database operations
  3. Create appropriate database indexes
  4. Monitor memory usage during operations
  5. Use SQL aggregations instead of Python loops
  6. Consider PyPy for 2-7x speed improvements
2025-09-24 17:20:49,678 | ERROR | scripts.Utilities.performance_profiler | Error saving performance report: [Errno 2] No such file or directory: 'data/performance_report.txt'
2025-09-24 17:42:50,968 | INFO | scripts.Utilities.optimization_manager | Optimization 'memory_efficient_imports': enabled
2025-09-24 17:42:50,970 | INFO | scripts.Utilities.optimization_manager | Optimization 'streaming_excel_exports': enabled
2025-09-24 17:42:50,970 | INFO | scripts.Utilities.optimization_manager | Optimization 'batch_database_operations': enabled
2025-09-24 17:42:50,970 | INFO | scripts.Utilities.optimization_manager | Optimization 'performance_monitoring': enabled
2025-09-24 17:42:50,971 | INFO | scripts.Utilities.optimization_manager | Optimization 'database_indexes': enabled
2025-09-24 17:42:50,971 | INFO | scripts.Utilities.optimization_manager | Optimization 'adaptive_chunk_sizing': enabled
2025-09-24 17:42:50,977 | INFO | scripts.Utilities.optimized_import_utils | Database optimizations applied successfully
2025-09-24 17:42:50,988 | INFO | scripts.Utilities.optimized_import_utils | Performance indexes created successfully
2025-09-24 17:42:50,992 | INFO | scripts.Utilities.optimization_manager | Database optimizations applied successfully
2025-09-24 17:42:50,992 | INFO | scripts.Utilities.optimization_manager | FWMIS Optimization Status:
2025-09-24 17:42:50,992 | INFO | scripts.Utilities.optimization_manager | ==============================
2025-09-24 17:42:50,993 | INFO | scripts.Utilities.optimization_manager | [OK] memory_efficient_imports: enabled
2025-09-24 17:42:50,993 | INFO | scripts.Utilities.optimization_manager | [OK] streaming_excel_exports: enabled
2025-09-24 17:42:50,994 | INFO | scripts.Utilities.optimization_manager | [OK] batch_database_operations: enabled
2025-09-24 17:42:50,994 | INFO | scripts.Utilities.optimization_manager | [OK] performance_monitoring: enabled
2025-09-24 17:42:50,995 | INFO | scripts.Utilities.optimization_manager | [OK] database_indexes: enabled
2025-09-24 17:42:50,995 | INFO | scripts.Utilities.optimization_manager | [OK] adaptive_chunk_sizing: enabled
2025-09-24 17:42:50,995 | INFO | scripts.Utilities.optimization_manager | 
Overall Status: All optimizations enabled
2025-09-24 17:42:50,996 | INFO | scripts.Utilities.performance_profiler | Memory snapshot 'app_start': RSS=73.6MB
2025-09-24 17:42:51,004 | INFO | scripts.Utilities.performance_profiler | === FWMIS PERFORMANCE REPORT ===
Generated: 2025-09-24 17:42:50

SYSTEM INFORMATION:
  CPU Cores: 12
  Total Memory: 7.6 GB
  Available Memory: 0.7 GB
  Memory Usage: 91.5%

PERFORMANCE RECOMMENDATIONS:
  1. Use streaming for large file imports
  2. Implement batch database operations
  3. Create appropriate database indexes
  4. Monitor memory usage during operations
  5. Use SQL aggregations instead of Python loops
  6. Consider PyPy for 2-7x speed improvements
2025-09-24 17:42:51,007 | ERROR | scripts.Utilities.performance_profiler | Error saving performance report: [Errno 2] No such file or directory: 'data/performance_report.txt'
2025-09-24 17:48:32,289 | ERROR | root | Failed to load email templates: no such column: body
2025-09-24 17:48:32,306 | ERROR | root | Failed to load email templates: no such column: body
2025-09-24 18:01:13,042 | INFO | scripts.Utilities.optimization_manager | Optimization 'memory_efficient_imports': enabled
2025-09-24 18:01:13,044 | INFO | scripts.Utilities.optimization_manager | Optimization 'streaming_excel_exports': enabled
2025-09-24 18:01:13,045 | INFO | scripts.Utilities.optimization_manager | Optimization 'batch_database_operations': enabled
2025-09-24 18:01:13,047 | INFO | scripts.Utilities.optimization_manager | Optimization 'performance_monitoring': enabled
2025-09-24 18:01:13,048 | INFO | scripts.Utilities.optimization_manager | Optimization 'database_indexes': enabled
2025-09-24 18:01:13,049 | INFO | scripts.Utilities.optimization_manager | Optimization 'adaptive_chunk_sizing': enabled
2025-09-24 18:01:13,057 | INFO | scripts.Utilities.optimized_import_utils | Database optimizations applied successfully
2025-09-24 18:01:13,064 | INFO | scripts.Utilities.optimized_import_utils | Performance indexes created successfully
2025-09-24 18:01:13,065 | INFO | scripts.Utilities.optimization_manager | Database optimizations applied successfully
2025-09-24 18:01:13,066 | INFO | scripts.Utilities.optimization_manager | FWMIS Optimization Status:
2025-09-24 18:01:13,066 | INFO | scripts.Utilities.optimization_manager | ==============================
2025-09-24 18:01:13,066 | INFO | scripts.Utilities.optimization_manager | [OK] memory_efficient_imports: enabled
2025-09-24 18:01:13,067 | INFO | scripts.Utilities.optimization_manager | [OK] streaming_excel_exports: enabled
2025-09-24 18:01:13,067 | INFO | scripts.Utilities.optimization_manager | [OK] batch_database_operations: enabled
2025-09-24 18:01:13,067 | INFO | scripts.Utilities.optimization_manager | [OK] performance_monitoring: enabled
2025-09-24 18:01:13,067 | INFO | scripts.Utilities.optimization_manager | [OK] database_indexes: enabled
2025-09-24 18:01:13,067 | INFO | scripts.Utilities.optimization_manager | [OK] adaptive_chunk_sizing: enabled
2025-09-24 18:01:13,068 | INFO | scripts.Utilities.optimization_manager | 
Overall Status: All optimizations enabled
2025-09-24 18:01:13,068 | INFO | scripts.Utilities.performance_profiler | Memory snapshot 'app_start': RSS=73.6MB
2025-09-24 18:01:13,074 | INFO | scripts.Utilities.performance_profiler | === FWMIS PERFORMANCE REPORT ===
Generated: 2025-09-24 18:01:13

SYSTEM INFORMATION:
  CPU Cores: 12
  Total Memory: 7.6 GB
  Available Memory: 0.6 GB
  Memory Usage: 92.3%

PERFORMANCE RECOMMENDATIONS:
  1. Use streaming for large file imports
  2. Implement batch database operations
  3. Create appropriate database indexes
  4. Monitor memory usage during operations
  5. Use SQL aggregations instead of Python loops
  6. Consider PyPy for 2-7x speed improvements
2025-09-24 18:01:13,076 | ERROR | scripts.Utilities.performance_profiler | Error saving performance report: [Errno 2] No such file or directory: 'data/performance_report.txt'
2025-09-24 18:09:26,205 | INFO | scripts.Utilities.optimization_manager | Optimization 'memory_efficient_imports': enabled
2025-09-24 18:09:26,205 | INFO | scripts.Utilities.optimization_manager | Optimization 'streaming_excel_exports': enabled
2025-09-24 18:09:26,205 | INFO | scripts.Utilities.optimization_manager | Optimization 'batch_database_operations': enabled
2025-09-24 18:09:26,206 | INFO | scripts.Utilities.optimization_manager | Optimization 'performance_monitoring': enabled
2025-09-24 18:09:26,206 | INFO | scripts.Utilities.optimization_manager | Optimization 'database_indexes': enabled
2025-09-24 18:09:26,206 | INFO | scripts.Utilities.optimization_manager | Optimization 'adaptive_chunk_sizing': enabled
2025-09-24 18:09:26,212 | INFO | scripts.Utilities.optimized_import_utils | Database optimizations applied successfully
2025-09-24 18:09:26,219 | INFO | scripts.Utilities.optimized_import_utils | Performance indexes created successfully
2025-09-24 18:09:26,221 | INFO | scripts.Utilities.optimization_manager | Database optimizations applied successfully
2025-09-24 18:09:26,221 | INFO | scripts.Utilities.optimization_manager | FWMIS Optimization Status:
2025-09-24 18:09:26,222 | INFO | scripts.Utilities.optimization_manager | ==============================
2025-09-24 18:09:26,222 | INFO | scripts.Utilities.optimization_manager | [OK] memory_efficient_imports: enabled
2025-09-24 18:09:26,222 | INFO | scripts.Utilities.optimization_manager | [OK] streaming_excel_exports: enabled
2025-09-24 18:09:26,222 | INFO | scripts.Utilities.optimization_manager | [OK] batch_database_operations: enabled
2025-09-24 18:09:26,223 | INFO | scripts.Utilities.optimization_manager | [OK] performance_monitoring: enabled
2025-09-24 18:09:26,223 | INFO | scripts.Utilities.optimization_manager | [OK] database_indexes: enabled
2025-09-24 18:09:26,223 | INFO | scripts.Utilities.optimization_manager | [OK] adaptive_chunk_sizing: enabled
2025-09-24 18:09:26,223 | INFO | scripts.Utilities.optimization_manager | 
Overall Status: All optimizations enabled
2025-09-24 18:09:26,223 | INFO | scripts.Utilities.performance_profiler | Memory snapshot 'app_start': RSS=73.1MB
2025-09-24 18:09:26,228 | INFO | scripts.Utilities.performance_profiler | === FWMIS PERFORMANCE REPORT ===
Generated: 2025-09-24 18:09:26

SYSTEM INFORMATION:
  CPU Cores: 12
  Total Memory: 7.6 GB
  Available Memory: 0.7 GB
  Memory Usage: 91.0%

PERFORMANCE RECOMMENDATIONS:
  1. Use streaming for large file imports
  2. Implement batch database operations
  3. Create appropriate database indexes
  4. Monitor memory usage during operations
  5. Use SQL aggregations instead of Python loops
  6. Consider PyPy for 2-7x speed improvements
2025-09-24 18:09:26,230 | ERROR | scripts.Utilities.performance_profiler | Error saving performance report: [Errno 2] No such file or directory: 'data/performance_report.txt'
2025-09-24 18:12:00,655 | INFO | scripts.Utilities.optimization_manager | Optimization 'memory_efficient_imports': enabled
2025-09-24 18:12:00,656 | INFO | scripts.Utilities.optimization_manager | Optimization 'streaming_excel_exports': enabled
2025-09-24 18:12:00,656 | INFO | scripts.Utilities.optimization_manager | Optimization 'batch_database_operations': enabled
2025-09-24 18:12:00,657 | INFO | scripts.Utilities.optimization_manager | Optimization 'performance_monitoring': enabled
2025-09-24 18:12:00,657 | INFO | scripts.Utilities.optimization_manager | Optimization 'database_indexes': enabled
2025-09-24 18:12:00,658 | INFO | scripts.Utilities.optimization_manager | Optimization 'adaptive_chunk_sizing': enabled
2025-09-24 18:12:00,663 | INFO | scripts.Utilities.optimized_import_utils | Database optimizations applied successfully
2025-09-24 18:12:00,671 | INFO | scripts.Utilities.optimized_import_utils | Performance indexes created successfully
2025-09-24 18:12:00,674 | INFO | scripts.Utilities.optimization_manager | Database optimizations applied successfully
2025-09-24 18:12:00,674 | INFO | scripts.Utilities.optimization_manager | FWMIS Optimization Status:
2025-09-24 18:12:00,675 | INFO | scripts.Utilities.optimization_manager | ==============================
2025-09-24 18:12:00,675 | INFO | scripts.Utilities.optimization_manager | [OK] memory_efficient_imports: enabled
2025-09-24 18:12:00,676 | INFO | scripts.Utilities.optimization_manager | [OK] streaming_excel_exports: enabled
2025-09-24 18:12:00,676 | INFO | scripts.Utilities.optimization_manager | [OK] batch_database_operations: enabled
2025-09-24 18:12:00,676 | INFO | scripts.Utilities.optimization_manager | [OK] performance_monitoring: enabled
2025-09-24 18:12:00,677 | INFO | scripts.Utilities.optimization_manager | [OK] database_indexes: enabled
2025-09-24 18:12:00,677 | INFO | scripts.Utilities.optimization_manager | [OK] adaptive_chunk_sizing: enabled
2025-09-24 18:12:00,677 | INFO | scripts.Utilities.optimization_manager | 
Overall Status: All optimizations enabled
2025-09-24 18:12:00,679 | INFO | scripts.Utilities.performance_profiler | Memory snapshot 'app_start': RSS=72.6MB
2025-09-24 18:12:00,690 | INFO | scripts.Utilities.performance_profiler | === FWMIS PERFORMANCE REPORT ===
Generated: 2025-09-24 18:12:00

SYSTEM INFORMATION:
  CPU Cores: 12
  Total Memory: 7.6 GB
  Available Memory: 0.6 GB
  Memory Usage: 91.5%

PERFORMANCE RECOMMENDATIONS:
  1. Use streaming for large file imports
  2. Implement batch database operations
  3. Create appropriate database indexes
  4. Monitor memory usage during operations
  5. Use SQL aggregations instead of Python loops
  6. Consider PyPy for 2-7x speed improvements
2025-09-24 18:12:00,691 | ERROR | scripts.Utilities.performance_profiler | Error saving performance report: [Errno 2] No such file or directory: 'data/performance_report.txt'
2025-09-24 18:22:21,459 | INFO | scripts.Utilities.optimization_manager | Optimization 'memory_efficient_imports': enabled
2025-09-24 18:22:21,460 | INFO | scripts.Utilities.optimization_manager | Optimization 'streaming_excel_exports': enabled
2025-09-24 18:22:21,460 | INFO | scripts.Utilities.optimization_manager | Optimization 'batch_database_operations': enabled
2025-09-24 18:22:21,461 | INFO | scripts.Utilities.optimization_manager | Optimization 'performance_monitoring': enabled
2025-09-24 18:22:21,461 | INFO | scripts.Utilities.optimization_manager | Optimization 'database_indexes': enabled
2025-09-24 18:22:21,461 | INFO | scripts.Utilities.optimization_manager | Optimization 'adaptive_chunk_sizing': enabled
2025-09-24 18:22:21,466 | INFO | scripts.Utilities.optimized_import_utils | Database optimizations applied successfully
2025-09-24 18:22:21,474 | INFO | scripts.Utilities.optimized_import_utils | Performance indexes created successfully
2025-09-24 18:22:21,476 | INFO | scripts.Utilities.optimization_manager | Database optimizations applied successfully
2025-09-24 18:22:21,477 | INFO | scripts.Utilities.optimization_manager | FWMIS Optimization Status:
2025-09-24 18:22:21,477 | INFO | scripts.Utilities.optimization_manager | ==============================
2025-09-24 18:22:21,477 | INFO | scripts.Utilities.optimization_manager | [OK] memory_efficient_imports: enabled
2025-09-24 18:22:21,478 | INFO | scripts.Utilities.optimization_manager | [OK] streaming_excel_exports: enabled
2025-09-24 18:22:21,478 | INFO | scripts.Utilities.optimization_manager | [OK] batch_database_operations: enabled
2025-09-24 18:22:21,478 | INFO | scripts.Utilities.optimization_manager | [OK] performance_monitoring: enabled
2025-09-24 18:22:21,478 | INFO | scripts.Utilities.optimization_manager | [OK] database_indexes: enabled
2025-09-24 18:22:21,479 | INFO | scripts.Utilities.optimization_manager | [OK] adaptive_chunk_sizing: enabled
2025-09-24 18:22:21,479 | INFO | scripts.Utilities.optimization_manager | 
Overall Status: All optimizations enabled
2025-09-24 18:22:21,480 | INFO | scripts.Utilities.performance_profiler | Memory snapshot 'app_start': RSS=72.4MB
2025-09-24 18:22:21,486 | INFO | scripts.Utilities.performance_profiler | === FWMIS PERFORMANCE REPORT ===
Generated: 2025-09-24 18:22:21

SYSTEM INFORMATION:
  CPU Cores: 12
  Total Memory: 7.6 GB
  Available Memory: 0.6 GB
  Memory Usage: 92.4%

PERFORMANCE RECOMMENDATIONS:
  1. Use streaming for large file imports
  2. Implement batch database operations
  3. Create appropriate database indexes
  4. Monitor memory usage during operations
  5. Use SQL aggregations instead of Python loops
  6. Consider PyPy for 2-7x speed improvements
2025-09-24 18:22:21,488 | ERROR | scripts.Utilities.performance_profiler | Error saving performance report: [Errno 2] No such file or directory: 'data/performance_report.txt'
2025-09-24 18:24:10,397 | INFO | scripts.Utilities.performance_profiler | Memory snapshot 'optimization_dialog_refresh': RSS=152.3MB
2025-09-24 18:24:16,405 | INFO | scripts.Utilities.performance_profiler | Memory snapshot 'optimization_dialog_refresh': RSS=154.4MB
2025-09-24 18:24:20,816 | INFO | scripts.Utilities.performance_profiler | Memory snapshot 'optimization_dialog_refresh': RSS=154.4MB
2025-09-24 19:45:29,699 | INFO | scripts.Utilities.optimization_manager | Optimization 'memory_efficient_imports': enabled
2025-09-24 19:45:29,699 | INFO | scripts.Utilities.optimization_manager | Optimization 'streaming_excel_exports': enabled
2025-09-24 19:45:29,700 | INFO | scripts.Utilities.optimization_manager | Optimization 'batch_database_operations': enabled
2025-09-24 19:45:29,700 | INFO | scripts.Utilities.optimization_manager | Optimization 'performance_monitoring': enabled
2025-09-24 19:45:29,700 | INFO | scripts.Utilities.optimization_manager | Optimization 'database_indexes': enabled
2025-09-24 19:45:29,700 | INFO | scripts.Utilities.optimization_manager | Optimization 'adaptive_chunk_sizing': enabled
2025-09-24 19:45:29,705 | INFO | scripts.Utilities.optimized_import_utils | Database optimizations applied successfully
2025-09-24 19:45:29,721 | INFO | scripts.Utilities.optimized_import_utils | Performance indexes created successfully
2025-09-24 19:45:29,725 | INFO | scripts.Utilities.optimization_manager | Database optimizations applied successfully
2025-09-24 19:45:29,725 | INFO | scripts.Utilities.optimization_manager | FWMIS Optimization Status:
2025-09-24 19:45:29,726 | INFO | scripts.Utilities.optimization_manager | ==============================
2025-09-24 19:45:29,726 | INFO | scripts.Utilities.optimization_manager | [OK] memory_efficient_imports: enabled
2025-09-24 19:45:29,726 | INFO | scripts.Utilities.optimization_manager | [OK] streaming_excel_exports: enabled
2025-09-24 19:45:29,727 | INFO | scripts.Utilities.optimization_manager | [OK] batch_database_operations: enabled
2025-09-24 19:45:29,727 | INFO | scripts.Utilities.optimization_manager | [OK] performance_monitoring: enabled
2025-09-24 19:45:29,727 | INFO | scripts.Utilities.optimization_manager | [OK] database_indexes: enabled
2025-09-24 19:45:29,728 | INFO | scripts.Utilities.optimization_manager | [OK] adaptive_chunk_sizing: enabled
2025-09-24 19:45:29,728 | INFO | scripts.Utilities.optimization_manager | 
Overall Status: All optimizations enabled
2025-09-24 19:45:29,729 | INFO | scripts.Utilities.performance_profiler | Memory snapshot 'app_start': RSS=73.4MB
2025-09-24 19:45:29,739 | INFO | scripts.Utilities.performance_profiler | === FWMIS PERFORMANCE REPORT ===
Generated: 2025-09-24 19:45:29

SYSTEM INFORMATION:
  CPU Cores: 12
  Total Memory: 7.6 GB
  Available Memory: 1.1 GB
  Memory Usage: 86.0%

PERFORMANCE RECOMMENDATIONS:
  1. Use streaming for large file imports
  2. Implement batch database operations
  3. Create appropriate database indexes
  4. Monitor memory usage during operations
  5. Use SQL aggregations instead of Python loops
  6. Consider PyPy for 2-7x speed improvements
2025-09-24 19:45:29,741 | ERROR | scripts.Utilities.performance_profiler | Error saving performance report: [Errno 2] No such file or directory: 'data/performance_report.txt'
2025-09-24 19:59:16,943 | INFO | scripts.Utilities.optimization_manager | Optimization 'memory_efficient_imports': enabled
2025-09-24 19:59:16,944 | INFO | scripts.Utilities.optimization_manager | Optimization 'streaming_excel_exports': enabled
2025-09-24 19:59:16,944 | INFO | scripts.Utilities.optimization_manager | Optimization 'batch_database_operations': enabled
2025-09-24 19:59:16,944 | INFO | scripts.Utilities.optimization_manager | Optimization 'performance_monitoring': enabled
2025-09-24 19:59:16,945 | INFO | scripts.Utilities.optimization_manager | Optimization 'database_indexes': enabled
2025-09-24 19:59:16,945 | INFO | scripts.Utilities.optimization_manager | Optimization 'adaptive_chunk_sizing': enabled
2025-09-24 19:59:16,950 | INFO | scripts.Utilities.optimized_import_utils | Database optimizations applied successfully
2025-09-24 19:59:16,958 | INFO | scripts.Utilities.optimized_import_utils | Performance indexes created successfully
2025-09-24 19:59:16,960 | INFO | scripts.Utilities.optimization_manager | Database optimizations applied successfully
2025-09-24 19:59:16,961 | INFO | scripts.Utilities.optimization_manager | FWMIS Optimization Status:
2025-09-24 19:59:16,961 | INFO | scripts.Utilities.optimization_manager | ==============================
2025-09-24 19:59:16,962 | INFO | scripts.Utilities.optimization_manager | [OK] memory_efficient_imports: enabled
2025-09-24 19:59:16,962 | INFO | scripts.Utilities.optimization_manager | [OK] streaming_excel_exports: enabled
2025-09-24 19:59:16,962 | INFO | scripts.Utilities.optimization_manager | [OK] batch_database_operations: enabled
2025-09-24 19:59:16,963 | INFO | scripts.Utilities.optimization_manager | [OK] performance_monitoring: enabled
2025-09-24 19:59:16,963 | INFO | scripts.Utilities.optimization_manager | [OK] database_indexes: enabled
2025-09-24 19:59:16,963 | INFO | scripts.Utilities.optimization_manager | [OK] adaptive_chunk_sizing: enabled
2025-09-24 19:59:16,964 | INFO | scripts.Utilities.optimization_manager | 
Overall Status: All optimizations enabled
2025-09-24 19:59:16,964 | INFO | scripts.Utilities.performance_profiler | Memory snapshot 'app_start': RSS=72.7MB
2025-09-24 19:59:16,976 | INFO | scripts.Utilities.performance_profiler | === FWMIS PERFORMANCE REPORT ===
Generated: 2025-09-24 19:59:16

SYSTEM INFORMATION:
  CPU Cores: 12
  Total Memory: 7.6 GB
  Available Memory: 1.1 GB
  Memory Usage: 86.0%

PERFORMANCE RECOMMENDATIONS:
  1. Use streaming for large file imports
  2. Implement batch database operations
  3. Create appropriate database indexes
  4. Monitor memory usage during operations
  5. Use SQL aggregations instead of Python loops
  6. Consider PyPy for 2-7x speed improvements
2025-09-24 19:59:16,978 | ERROR | scripts.Utilities.performance_profiler | Error saving performance report: [Errno 2] No such file or directory: 'data/performance_report.txt'
2025-09-24 20:20:39,982 | INFO | scripts.Utilities.optimization_manager | Optimization 'memory_efficient_imports': enabled
2025-09-24 20:20:39,983 | INFO | scripts.Utilities.optimization_manager | Optimization 'streaming_excel_exports': enabled
2025-09-24 20:20:39,983 | INFO | scripts.Utilities.optimization_manager | Optimization 'batch_database_operations': enabled
2025-09-24 20:20:39,984 | INFO | scripts.Utilities.optimization_manager | Optimization 'performance_monitoring': enabled
2025-09-24 20:20:39,984 | INFO | scripts.Utilities.optimization_manager | Optimization 'database_indexes': enabled
2025-09-24 20:20:39,984 | INFO | scripts.Utilities.optimization_manager | Optimization 'adaptive_chunk_sizing': enabled
2025-09-24 20:20:39,990 | INFO | scripts.Utilities.optimized_import_utils | Database optimizations applied successfully
2025-09-24 20:20:39,997 | INFO | scripts.Utilities.optimized_import_utils | Performance indexes created successfully
2025-09-24 20:20:39,999 | INFO | scripts.Utilities.optimization_manager | Database optimizations applied successfully
2025-09-24 20:20:39,999 | INFO | scripts.Utilities.optimization_manager | FWMIS Optimization Status:
2025-09-24 20:20:39,999 | INFO | scripts.Utilities.optimization_manager | ==============================
2025-09-24 20:20:40,000 | INFO | scripts.Utilities.optimization_manager | [OK] memory_efficient_imports: enabled
2025-09-24 20:20:40,000 | INFO | scripts.Utilities.optimization_manager | [OK] streaming_excel_exports: enabled
2025-09-24 20:20:40,000 | INFO | scripts.Utilities.optimization_manager | [OK] batch_database_operations: enabled
2025-09-24 20:20:40,000 | INFO | scripts.Utilities.optimization_manager | [OK] performance_monitoring: enabled
2025-09-24 20:20:40,001 | INFO | scripts.Utilities.optimization_manager | [OK] database_indexes: enabled
2025-09-24 20:20:40,001 | INFO | scripts.Utilities.optimization_manager | [OK] adaptive_chunk_sizing: enabled
2025-09-24 20:20:40,001 | INFO | scripts.Utilities.optimization_manager | 
Overall Status: All optimizations enabled
2025-09-24 20:20:40,002 | INFO | scripts.Utilities.performance_profiler | Memory snapshot 'app_start': RSS=72.8MB
2025-09-24 20:20:40,006 | INFO | scripts.Utilities.performance_profiler | === FWMIS PERFORMANCE REPORT ===
Generated: 2025-09-24 20:20:40

SYSTEM INFORMATION:
  CPU Cores: 12
  Total Memory: 7.6 GB
  Available Memory: 1.1 GB
  Memory Usage: 85.9%

PERFORMANCE RECOMMENDATIONS:
  1. Use streaming for large file imports
  2. Implement batch database operations
  3. Create appropriate database indexes
  4. Monitor memory usage during operations
  5. Use SQL aggregations instead of Python loops
  6. Consider PyPy for 2-7x speed improvements
2025-09-24 20:20:40,008 | ERROR | scripts.Utilities.performance_profiler | Error saving performance report: [Errno 2] No such file or directory: 'data/performance_report.txt'
2025-09-24 20:36:08,240 | INFO | scripts.Utilities.optimization_manager | Optimization 'memory_efficient_imports': enabled
2025-09-24 20:36:08,242 | INFO | scripts.Utilities.optimization_manager | Optimization 'streaming_excel_exports': enabled
2025-09-24 20:36:08,243 | INFO | scripts.Utilities.optimization_manager | Optimization 'batch_database_operations': enabled
2025-09-24 20:36:08,243 | INFO | scripts.Utilities.optimization_manager | Optimization 'performance_monitoring': enabled
2025-09-24 20:36:08,243 | INFO | scripts.Utilities.optimization_manager | Optimization 'database_indexes': enabled
2025-09-24 20:36:08,244 | INFO | scripts.Utilities.optimization_manager | Optimization 'adaptive_chunk_sizing': enabled
2025-09-24 20:36:08,252 | INFO | scripts.Utilities.optimized_import_utils | Database optimizations applied successfully
2025-09-24 20:36:08,273 | INFO | scripts.Utilities.optimized_import_utils | Performance indexes created successfully
2025-09-24 20:36:08,277 | INFO | scripts.Utilities.optimization_manager | Database optimizations applied successfully
2025-09-24 20:36:08,278 | INFO | scripts.Utilities.optimization_manager | FWMIS Optimization Status:
2025-09-24 20:36:08,278 | INFO | scripts.Utilities.optimization_manager | ==============================
2025-09-24 20:36:08,278 | INFO | scripts.Utilities.optimization_manager | [OK] memory_efficient_imports: enabled
2025-09-24 20:36:08,279 | INFO | scripts.Utilities.optimization_manager | [OK] streaming_excel_exports: enabled
2025-09-24 20:36:08,279 | INFO | scripts.Utilities.optimization_manager | [OK] batch_database_operations: enabled
2025-09-24 20:36:08,279 | INFO | scripts.Utilities.optimization_manager | [OK] performance_monitoring: enabled
2025-09-24 20:36:08,280 | INFO | scripts.Utilities.optimization_manager | [OK] database_indexes: enabled
2025-09-24 20:36:08,280 | INFO | scripts.Utilities.optimization_manager | [OK] adaptive_chunk_sizing: enabled
2025-09-24 20:36:08,280 | INFO | scripts.Utilities.optimization_manager | 
Overall Status: All optimizations enabled
2025-09-24 20:36:08,281 | INFO | scripts.Utilities.performance_profiler | Memory snapshot 'app_start': RSS=72.6MB
2025-09-24 20:36:08,286 | INFO | scripts.Utilities.performance_profiler | === FWMIS PERFORMANCE REPORT ===
Generated: 2025-09-24 20:36:08

SYSTEM INFORMATION:
  CPU Cores: 12
  Total Memory: 7.6 GB
  Available Memory: 0.8 GB
  Memory Usage: 89.6%

PERFORMANCE RECOMMENDATIONS:
  1. Use streaming for large file imports
  2. Implement batch database operations
  3. Create appropriate database indexes
  4. Monitor memory usage during operations
  5. Use SQL aggregations instead of Python loops
  6. Consider PyPy for 2-7x speed improvements
2025-09-24 20:36:08,287 | ERROR | scripts.Utilities.performance_profiler | Error saving performance report: [Errno 2] No such file or directory: 'data/performance_report.txt'
2025-09-24 20:42:52,253 | INFO | scripts.Utilities.optimization_manager | Optimization 'memory_efficient_imports': enabled
2025-09-24 20:42:52,253 | INFO | scripts.Utilities.optimization_manager | Optimization 'streaming_excel_exports': enabled
2025-09-24 20:42:52,254 | INFO | scripts.Utilities.optimization_manager | Optimization 'batch_database_operations': enabled
2025-09-24 20:42:52,254 | INFO | scripts.Utilities.optimization_manager | Optimization 'performance_monitoring': enabled
2025-09-24 20:42:52,255 | INFO | scripts.Utilities.optimization_manager | Optimization 'database_indexes': enabled
2025-09-24 20:42:52,255 | INFO | scripts.Utilities.optimization_manager | Optimization 'adaptive_chunk_sizing': enabled
2025-09-24 20:42:52,262 | INFO | scripts.Utilities.optimized_import_utils | Database optimizations applied successfully
2025-09-24 20:42:52,270 | INFO | scripts.Utilities.optimized_import_utils | Performance indexes created successfully
2025-09-24 20:42:52,272 | INFO | scripts.Utilities.optimization_manager | Database optimizations applied successfully
2025-09-24 20:42:52,272 | INFO | scripts.Utilities.optimization_manager | FWMIS Optimization Status:
2025-09-24 20:42:52,272 | INFO | scripts.Utilities.optimization_manager | ==============================
2025-09-24 20:42:52,273 | INFO | scripts.Utilities.optimization_manager | [OK] memory_efficient_imports: enabled
2025-09-24 20:42:52,273 | INFO | scripts.Utilities.optimization_manager | [OK] streaming_excel_exports: enabled
2025-09-24 20:42:52,273 | INFO | scripts.Utilities.optimization_manager | [OK] batch_database_operations: enabled
2025-09-24 20:42:52,273 | INFO | scripts.Utilities.optimization_manager | [OK] performance_monitoring: enabled
2025-09-24 20:42:52,273 | INFO | scripts.Utilities.optimization_manager | [OK] database_indexes: enabled
2025-09-24 20:42:52,274 | INFO | scripts.Utilities.optimization_manager | [OK] adaptive_chunk_sizing: enabled
2025-09-24 20:42:52,274 | INFO | scripts.Utilities.optimization_manager | 
Overall Status: All optimizations enabled
2025-09-24 20:42:52,274 | INFO | scripts.Utilities.performance_profiler | Memory snapshot 'app_start': RSS=72.7MB
2025-09-24 20:42:52,279 | INFO | scripts.Utilities.performance_profiler | === FWMIS PERFORMANCE REPORT ===
Generated: 2025-09-24 20:42:52

SYSTEM INFORMATION:
  CPU Cores: 12
  Total Memory: 7.6 GB
  Available Memory: 0.9 GB
  Memory Usage: 88.0%

PERFORMANCE RECOMMENDATIONS:
  1. Use streaming for large file imports
  2. Implement batch database operations
  3. Create appropriate database indexes
  4. Monitor memory usage during operations
  5. Use SQL aggregations instead of Python loops
  6. Consider PyPy for 2-7x speed improvements
2025-09-24 20:42:52,281 | ERROR | scripts.Utilities.performance_profiler | Error saving performance report: [Errno 2] No such file or directory: 'data/performance_report.txt'
2025-09-24 20:48:14,668 | INFO | scripts.Utilities.optimization_manager | Optimization 'memory_efficient_imports': enabled
2025-09-24 20:48:14,668 | INFO | scripts.Utilities.optimization_manager | Optimization 'streaming_excel_exports': enabled
2025-09-24 20:48:14,669 | INFO | scripts.Utilities.optimization_manager | Optimization 'batch_database_operations': enabled
2025-09-24 20:48:14,669 | INFO | scripts.Utilities.optimization_manager | Optimization 'performance_monitoring': enabled
2025-09-24 20:48:14,669 | INFO | scripts.Utilities.optimization_manager | Optimization 'database_indexes': enabled
2025-09-24 20:48:14,670 | INFO | scripts.Utilities.optimization_manager | Optimization 'adaptive_chunk_sizing': enabled
2025-09-24 20:48:14,675 | INFO | scripts.Utilities.optimized_import_utils | Database optimizations applied successfully
2025-09-24 20:48:14,685 | INFO | scripts.Utilities.optimized_import_utils | Performance indexes created successfully
2025-09-24 20:48:14,694 | INFO | scripts.Utilities.optimization_manager | Database optimizations applied successfully
2025-09-24 20:48:14,694 | INFO | scripts.Utilities.optimization_manager | FWMIS Optimization Status:
2025-09-24 20:48:14,695 | INFO | scripts.Utilities.optimization_manager | ==============================
2025-09-24 20:48:14,695 | INFO | scripts.Utilities.optimization_manager | [OK] memory_efficient_imports: enabled
2025-09-24 20:48:14,695 | INFO | scripts.Utilities.optimization_manager | [OK] streaming_excel_exports: enabled
2025-09-24 20:48:14,695 | INFO | scripts.Utilities.optimization_manager | [OK] batch_database_operations: enabled
2025-09-24 20:48:14,696 | INFO | scripts.Utilities.optimization_manager | [OK] performance_monitoring: enabled
2025-09-24 20:48:14,696 | INFO | scripts.Utilities.optimization_manager | [OK] database_indexes: enabled
2025-09-24 20:48:14,696 | INFO | scripts.Utilities.optimization_manager | [OK] adaptive_chunk_sizing: enabled
2025-09-24 20:48:14,697 | INFO | scripts.Utilities.optimization_manager | 
Overall Status: All optimizations enabled
2025-09-24 20:48:14,697 | INFO | scripts.Utilities.performance_profiler | Memory snapshot 'app_start': RSS=72.8MB
2025-09-24 20:48:14,708 | INFO | scripts.Utilities.performance_profiler | === FWMIS PERFORMANCE REPORT ===
Generated: 2025-09-24 20:48:14

SYSTEM INFORMATION:
  CPU Cores: 12
  Total Memory: 7.6 GB
  Available Memory: 0.8 GB
  Memory Usage: 89.9%

PERFORMANCE RECOMMENDATIONS:
  1. Use streaming for large file imports
  2. Implement batch database operations
  3. Create appropriate database indexes
  4. Monitor memory usage during operations
  5. Use SQL aggregations instead of Python loops
  6. Consider PyPy for 2-7x speed improvements
2025-09-24 20:48:14,709 | ERROR | scripts.Utilities.performance_profiler | Error saving performance report: [Errno 2] No such file or directory: 'data/performance_report.txt'
2025-09-24 21:02:24,655 | INFO | scripts.Utilities.optimization_manager | Optimization 'memory_efficient_imports': enabled
2025-09-24 21:02:24,656 | INFO | scripts.Utilities.optimization_manager | Optimization 'streaming_excel_exports': enabled
2025-09-24 21:02:24,657 | INFO | scripts.Utilities.optimization_manager | Optimization 'batch_database_operations': enabled
2025-09-24 21:02:24,657 | INFO | scripts.Utilities.optimization_manager | Optimization 'performance_monitoring': enabled
2025-09-24 21:02:24,657 | INFO | scripts.Utilities.optimization_manager | Optimization 'database_indexes': enabled
2025-09-24 21:02:24,658 | INFO | scripts.Utilities.optimization_manager | Optimization 'adaptive_chunk_sizing': enabled
2025-09-24 21:02:24,664 | INFO | scripts.Utilities.optimized_import_utils | Database optimizations applied successfully
2025-09-24 21:02:24,674 | INFO | scripts.Utilities.optimized_import_utils | Performance indexes created successfully
2025-09-24 21:02:24,677 | INFO | scripts.Utilities.optimization_manager | Database optimizations applied successfully
2025-09-24 21:02:24,678 | INFO | scripts.Utilities.optimization_manager | FWMIS Optimization Status:
2025-09-24 21:02:24,678 | INFO | scripts.Utilities.optimization_manager | ==============================
2025-09-24 21:02:24,678 | INFO | scripts.Utilities.optimization_manager | [OK] memory_efficient_imports: enabled
2025-09-24 21:02:24,679 | INFO | scripts.Utilities.optimization_manager | [OK] streaming_excel_exports: enabled
2025-09-24 21:02:24,679 | INFO | scripts.Utilities.optimization_manager | [OK] batch_database_operations: enabled
2025-09-24 21:02:24,680 | INFO | scripts.Utilities.optimization_manager | [OK] performance_monitoring: enabled
2025-09-24 21:02:24,680 | INFO | scripts.Utilities.optimization_manager | [OK] database_indexes: enabled
2025-09-24 21:02:24,680 | INFO | scripts.Utilities.optimization_manager | [OK] adaptive_chunk_sizing: enabled
2025-09-24 21:02:24,681 | INFO | scripts.Utilities.optimization_manager | 
Overall Status: All optimizations enabled
2025-09-24 21:02:24,682 | INFO | scripts.Utilities.performance_profiler | Memory snapshot 'app_start': RSS=72.7MB
2025-09-24 21:02:24,697 | INFO | scripts.Utilities.performance_profiler | === FWMIS PERFORMANCE REPORT ===
Generated: 2025-09-24 21:02:24

SYSTEM INFORMATION:
  CPU Cores: 12
  Total Memory: 7.6 GB
  Available Memory: 0.6 GB
  Memory Usage: 92.8%

PERFORMANCE RECOMMENDATIONS:
  1. Use streaming for large file imports
  2. Implement batch database operations
  3. Create appropriate database indexes
  4. Monitor memory usage during operations
  5. Use SQL aggregations instead of Python loops
  6. Consider PyPy for 2-7x speed improvements
2025-09-24 21:02:24,706 | ERROR | scripts.Utilities.performance_profiler | Error saving performance report: [Errno 2] No such file or directory: 'data/performance_report.txt'
2025-09-24 21:05:53,783 | INFO | scripts.Utilities.optimization_manager | Optimization 'memory_efficient_imports': enabled
2025-09-24 21:05:53,784 | INFO | scripts.Utilities.optimization_manager | Optimization 'streaming_excel_exports': enabled
2025-09-24 21:05:53,784 | INFO | scripts.Utilities.optimization_manager | Optimization 'batch_database_operations': enabled
2025-09-24 21:05:53,785 | INFO | scripts.Utilities.optimization_manager | Optimization 'performance_monitoring': enabled
2025-09-24 21:05:53,785 | INFO | scripts.Utilities.optimization_manager | Optimization 'database_indexes': enabled
2025-09-24 21:05:53,785 | INFO | scripts.Utilities.optimization_manager | Optimization 'adaptive_chunk_sizing': enabled
2025-09-24 21:05:53,790 | INFO | scripts.Utilities.optimized_import_utils | Database optimizations applied successfully
2025-09-24 21:05:53,797 | INFO | scripts.Utilities.optimized_import_utils | Performance indexes created successfully
2025-09-24 21:05:53,800 | INFO | scripts.Utilities.optimization_manager | Database optimizations applied successfully
2025-09-24 21:05:53,800 | INFO | scripts.Utilities.optimization_manager | FWMIS Optimization Status:
2025-09-24 21:05:53,801 | INFO | scripts.Utilities.optimization_manager | ==============================
2025-09-24 21:05:53,801 | INFO | scripts.Utilities.optimization_manager | [OK] memory_efficient_imports: enabled
2025-09-24 21:05:53,801 | INFO | scripts.Utilities.optimization_manager | [OK] streaming_excel_exports: enabled
2025-09-24 21:05:53,802 | INFO | scripts.Utilities.optimization_manager | [OK] batch_database_operations: enabled
2025-09-24 21:05:53,802 | INFO | scripts.Utilities.optimization_manager | [OK] performance_monitoring: enabled
2025-09-24 21:05:53,802 | INFO | scripts.Utilities.optimization_manager | [OK] database_indexes: enabled
2025-09-24 21:05:53,803 | INFO | scripts.Utilities.optimization_manager | [OK] adaptive_chunk_sizing: enabled
2025-09-24 21:05:53,803 | INFO | scripts.Utilities.optimization_manager | 
Overall Status: All optimizations enabled
2025-09-24 21:05:53,804 | INFO | scripts.Utilities.performance_profiler | Memory snapshot 'app_start': RSS=72.6MB
2025-09-24 21:05:53,817 | INFO | scripts.Utilities.performance_profiler | === FWMIS PERFORMANCE REPORT ===
Generated: 2025-09-24 21:05:53

SYSTEM INFORMATION:
  CPU Cores: 12
  Total Memory: 7.6 GB
  Available Memory: 0.6 GB
  Memory Usage: 91.9%

PERFORMANCE RECOMMENDATIONS:
  1. Use streaming for large file imports
  2. Implement batch database operations
  3. Create appropriate database indexes
  4. Monitor memory usage during operations
  5. Use SQL aggregations instead of Python loops
  6. Consider PyPy for 2-7x speed improvements
2025-09-24 21:05:53,818 | ERROR | scripts.Utilities.performance_profiler | Error saving performance report: [Errno 2] No such file or directory: 'data/performance_report.txt'
2025-09-24 21:06:10,219 | INFO | scripts.Utilities.optimization_manager | Optimization 'memory_efficient_imports': enabled
2025-09-24 21:06:10,219 | INFO | scripts.Utilities.optimization_manager | Optimization 'streaming_excel_exports': enabled
2025-09-24 21:06:10,220 | INFO | scripts.Utilities.optimization_manager | Optimization 'batch_database_operations': enabled
2025-09-24 21:06:10,220 | INFO | scripts.Utilities.optimization_manager | Optimization 'performance_monitoring': enabled
2025-09-24 21:06:10,220 | INFO | scripts.Utilities.optimization_manager | Optimization 'database_indexes': enabled
2025-09-24 21:06:10,221 | INFO | scripts.Utilities.optimization_manager | Optimization 'adaptive_chunk_sizing': enabled
2025-09-24 21:06:10,228 | INFO | scripts.Utilities.optimized_import_utils | Database optimizations applied successfully
2025-09-24 21:06:10,242 | INFO | scripts.Utilities.optimized_import_utils | Performance indexes created successfully
2025-09-24 21:06:10,245 | INFO | scripts.Utilities.optimization_manager | Database optimizations applied successfully
2025-09-24 21:06:10,245 | INFO | scripts.Utilities.optimization_manager | FWMIS Optimization Status:
2025-09-24 21:06:10,246 | INFO | scripts.Utilities.optimization_manager | ==============================
2025-09-24 21:06:10,246 | INFO | scripts.Utilities.optimization_manager | [OK] memory_efficient_imports: enabled
2025-09-24 21:06:10,246 | INFO | scripts.Utilities.optimization_manager | [OK] streaming_excel_exports: enabled
2025-09-24 21:06:10,247 | INFO | scripts.Utilities.optimization_manager | [OK] batch_database_operations: enabled
2025-09-24 21:06:10,247 | INFO | scripts.Utilities.optimization_manager | [OK] performance_monitoring: enabled
2025-09-24 21:06:10,247 | INFO | scripts.Utilities.optimization_manager | [OK] database_indexes: enabled
2025-09-24 21:06:10,247 | INFO | scripts.Utilities.optimization_manager | [OK] adaptive_chunk_sizing: enabled
2025-09-24 21:06:10,248 | INFO | scripts.Utilities.optimization_manager | 
Overall Status: All optimizations enabled
2025-09-24 21:06:10,248 | INFO | scripts.Utilities.performance_profiler | Memory snapshot 'app_start': RSS=73.0MB
2025-09-24 21:06:10,253 | INFO | scripts.Utilities.performance_profiler | === FWMIS PERFORMANCE REPORT ===
Generated: 2025-09-24 21:06:10

SYSTEM INFORMATION:
  CPU Cores: 12
  Total Memory: 7.6 GB
  Available Memory: 0.6 GB
  Memory Usage: 92.3%

PERFORMANCE RECOMMENDATIONS:
  1. Use streaming for large file imports
  2. Implement batch database operations
  3. Create appropriate database indexes
  4. Monitor memory usage during operations
  5. Use SQL aggregations instead of Python loops
  6. Consider PyPy for 2-7x speed improvements
2025-09-24 21:06:10,254 | ERROR | scripts.Utilities.performance_profiler | Error saving performance report: [Errno 2] No such file or directory: 'data/performance_report.txt'
2025-09-24 21:06:22,832 | INFO | scripts.Utilities.optimization_manager | Optimization 'memory_efficient_imports': enabled
2025-09-24 21:06:22,832 | INFO | scripts.Utilities.optimization_manager | Optimization 'streaming_excel_exports': enabled
2025-09-24 21:06:22,833 | INFO | scripts.Utilities.optimization_manager | Optimization 'batch_database_operations': enabled
2025-09-24 21:06:22,833 | INFO | scripts.Utilities.optimization_manager | Optimization 'performance_monitoring': enabled
2025-09-24 21:06:22,833 | INFO | scripts.Utilities.optimization_manager | Optimization 'database_indexes': enabled
2025-09-24 21:06:22,833 | INFO | scripts.Utilities.optimization_manager | Optimization 'adaptive_chunk_sizing': enabled
2025-09-24 21:06:22,838 | INFO | scripts.Utilities.optimized_import_utils | Database optimizations applied successfully
2025-09-24 21:06:22,845 | INFO | scripts.Utilities.optimized_import_utils | Performance indexes created successfully
2025-09-24 21:06:22,847 | INFO | scripts.Utilities.optimization_manager | Database optimizations applied successfully
2025-09-24 21:06:22,847 | INFO | scripts.Utilities.optimization_manager | FWMIS Optimization Status:
2025-09-24 21:06:22,848 | INFO | scripts.Utilities.optimization_manager | ==============================
2025-09-24 21:06:22,848 | INFO | scripts.Utilities.optimization_manager | [OK] memory_efficient_imports: enabled
2025-09-24 21:06:22,848 | INFO | scripts.Utilities.optimization_manager | [OK] streaming_excel_exports: enabled
2025-09-24 21:06:22,848 | INFO | scripts.Utilities.optimization_manager | [OK] batch_database_operations: enabled
2025-09-24 21:06:22,848 | INFO | scripts.Utilities.optimization_manager | [OK] performance_monitoring: enabled
2025-09-24 21:06:22,848 | INFO | scripts.Utilities.optimization_manager | [OK] database_indexes: enabled
2025-09-24 21:06:22,848 | INFO | scripts.Utilities.optimization_manager | [OK] adaptive_chunk_sizing: enabled
2025-09-24 21:06:22,848 | INFO | scripts.Utilities.optimization_manager | 
Overall Status: All optimizations enabled
2025-09-24 21:06:22,848 | INFO | scripts.Utilities.performance_profiler | Memory snapshot 'app_start': RSS=72.5MB
2025-09-24 21:06:22,853 | INFO | scripts.Utilities.performance_profiler | === FWMIS PERFORMANCE REPORT ===
Generated: 2025-09-24 21:06:22

SYSTEM INFORMATION:
  CPU Cores: 12
  Total Memory: 7.6 GB
  Available Memory: 0.5 GB
  Memory Usage: 93.1%

PERFORMANCE RECOMMENDATIONS:
  1. Use streaming for large file imports
  2. Implement batch database operations
  3. Create appropriate database indexes
  4. Monitor memory usage during operations
  5. Use SQL aggregations instead of Python loops
  6. Consider PyPy for 2-7x speed improvements
2025-09-24 21:06:22,854 | ERROR | scripts.Utilities.performance_profiler | Error saving performance report: [Errno 2] No such file or directory: 'data/performance_report.txt'
2025-09-24 21:06:35,590 | INFO | scripts.Utilities.optimization_manager | Optimization 'memory_efficient_imports': enabled
2025-09-24 21:06:35,590 | INFO | scripts.Utilities.optimization_manager | Optimization 'streaming_excel_exports': enabled
2025-09-24 21:06:35,592 | INFO | scripts.Utilities.optimization_manager | Optimization 'batch_database_operations': enabled
2025-09-24 21:06:35,594 | INFO | scripts.Utilities.optimization_manager | Optimization 'performance_monitoring': enabled
2025-09-24 21:06:35,595 | INFO | scripts.Utilities.optimization_manager | Optimization 'database_indexes': enabled
2025-09-24 21:06:35,595 | INFO | scripts.Utilities.optimization_manager | Optimization 'adaptive_chunk_sizing': enabled
2025-09-24 21:06:35,601 | INFO | scripts.Utilities.optimized_import_utils | Database optimizations applied successfully
2025-09-24 21:06:35,608 | INFO | scripts.Utilities.optimized_import_utils | Performance indexes created successfully
2025-09-24 21:06:35,611 | INFO | scripts.Utilities.optimization_manager | Database optimizations applied successfully
2025-09-24 21:06:35,611 | INFO | scripts.Utilities.optimization_manager | FWMIS Optimization Status:
2025-09-24 21:06:35,611 | INFO | scripts.Utilities.optimization_manager | ==============================
2025-09-24 21:06:35,612 | INFO | scripts.Utilities.optimization_manager | [OK] memory_efficient_imports: enabled
2025-09-24 21:06:35,612 | INFO | scripts.Utilities.optimization_manager | [OK] streaming_excel_exports: enabled
2025-09-24 21:06:35,613 | INFO | scripts.Utilities.optimization_manager | [OK] batch_database_operations: enabled
2025-09-24 21:06:35,613 | INFO | scripts.Utilities.optimization_manager | [OK] performance_monitoring: enabled
2025-09-24 21:06:35,614 | INFO | scripts.Utilities.optimization_manager | [OK] database_indexes: enabled
2025-09-24 21:06:35,614 | INFO | scripts.Utilities.optimization_manager | [OK] adaptive_chunk_sizing: enabled
2025-09-24 21:06:35,614 | INFO | scripts.Utilities.optimization_manager | 
Overall Status: All optimizations enabled
2025-09-24 21:06:35,615 | INFO | scripts.Utilities.performance_profiler | Memory snapshot 'app_start': RSS=72.7MB
2025-09-24 21:06:35,620 | INFO | scripts.Utilities.performance_profiler | === FWMIS PERFORMANCE REPORT ===
Generated: 2025-09-24 21:06:35

SYSTEM INFORMATION:
  CPU Cores: 12
  Total Memory: 7.6 GB
  Available Memory: 0.7 GB
  Memory Usage: 91.4%

PERFORMANCE RECOMMENDATIONS:
  1. Use streaming for large file imports
  2. Implement batch database operations
  3. Create appropriate database indexes
  4. Monitor memory usage during operations
  5. Use SQL aggregations instead of Python loops
  6. Consider PyPy for 2-7x speed improvements
2025-09-24 21:06:35,621 | ERROR | scripts.Utilities.performance_profiler | Error saving performance report: [Errno 2] No such file or directory: 'data/performance_report.txt'
2025-09-24 21:09:51,490 | INFO | scripts.Utilities.optimization_manager | Optimization 'memory_efficient_imports': enabled
2025-09-24 21:09:51,491 | INFO | scripts.Utilities.optimization_manager | Optimization 'streaming_excel_exports': enabled
2025-09-24 21:09:51,492 | INFO | scripts.Utilities.optimization_manager | Optimization 'batch_database_operations': enabled
2025-09-24 21:09:51,492 | INFO | scripts.Utilities.optimization_manager | Optimization 'performance_monitoring': enabled
2025-09-24 21:09:51,492 | INFO | scripts.Utilities.optimization_manager | Optimization 'database_indexes': enabled
2025-09-24 21:09:51,492 | INFO | scripts.Utilities.optimization_manager | Optimization 'adaptive_chunk_sizing': enabled
2025-09-24 21:09:51,497 | INFO | scripts.Utilities.optimized_import_utils | Database optimizations applied successfully
2025-09-24 21:09:51,504 | INFO | scripts.Utilities.optimized_import_utils | Performance indexes created successfully
2025-09-24 21:09:51,505 | INFO | scripts.Utilities.optimization_manager | Database optimizations applied successfully
2025-09-24 21:09:51,506 | INFO | scripts.Utilities.optimization_manager | FWMIS Optimization Status:
2025-09-24 21:09:51,506 | INFO | scripts.Utilities.optimization_manager | ==============================
2025-09-24 21:09:51,506 | INFO | scripts.Utilities.optimization_manager | [OK] memory_efficient_imports: enabled
2025-09-24 21:09:51,506 | INFO | scripts.Utilities.optimization_manager | [OK] streaming_excel_exports: enabled
2025-09-24 21:09:51,506 | INFO | scripts.Utilities.optimization_manager | [OK] batch_database_operations: enabled
2025-09-24 21:09:51,506 | INFO | scripts.Utilities.optimization_manager | [OK] performance_monitoring: enabled
2025-09-24 21:09:51,506 | INFO | scripts.Utilities.optimization_manager | [OK] database_indexes: enabled
2025-09-24 21:09:51,506 | INFO | scripts.Utilities.optimization_manager | [OK] adaptive_chunk_sizing: enabled
2025-09-24 21:09:51,506 | INFO | scripts.Utilities.optimization_manager | 
Overall Status: All optimizations enabled
2025-09-24 21:09:51,507 | INFO | scripts.Utilities.performance_profiler | Memory snapshot 'app_start': RSS=72.6MB
2025-09-24 21:09:51,512 | INFO | scripts.Utilities.performance_profiler | === FWMIS PERFORMANCE REPORT ===
Generated: 2025-09-24 21:09:51

SYSTEM INFORMATION:
  CPU Cores: 12
  Total Memory: 7.6 GB
  Available Memory: 0.8 GB
  Memory Usage: 89.7%

PERFORMANCE RECOMMENDATIONS:
  1. Use streaming for large file imports
  2. Implement batch database operations
  3. Create appropriate database indexes
  4. Monitor memory usage during operations
  5. Use SQL aggregations instead of Python loops
  6. Consider PyPy for 2-7x speed improvements
2025-09-24 21:09:51,513 | ERROR | scripts.Utilities.performance_profiler | Error saving performance report: [Errno 2] No such file or directory: 'data/performance_report.txt'
2025-09-24 21:24:47,127 | INFO | scripts.Utilities.optimization_manager | Optimization 'memory_efficient_imports': enabled
2025-09-24 21:24:47,128 | INFO | scripts.Utilities.optimization_manager | Optimization 'streaming_excel_exports': enabled
2025-09-24 21:24:47,128 | INFO | scripts.Utilities.optimization_manager | Optimization 'batch_database_operations': enabled
2025-09-24 21:24:47,129 | INFO | scripts.Utilities.optimization_manager | Optimization 'performance_monitoring': enabled
2025-09-24 21:24:47,129 | INFO | scripts.Utilities.optimization_manager | Optimization 'database_indexes': enabled
2025-09-24 21:24:47,130 | INFO | scripts.Utilities.optimization_manager | Optimization 'adaptive_chunk_sizing': enabled
2025-09-24 21:24:47,136 | INFO | scripts.Utilities.optimized_import_utils | Database optimizations applied successfully
2025-09-24 21:24:47,145 | INFO | scripts.Utilities.optimized_import_utils | Performance indexes created successfully
2025-09-24 21:24:47,149 | INFO | scripts.Utilities.optimization_manager | Database optimizations applied successfully
2025-09-24 21:24:47,150 | INFO | scripts.Utilities.optimization_manager | FWMIS Optimization Status:
2025-09-24 21:24:47,150 | INFO | scripts.Utilities.optimization_manager | ==============================
2025-09-24 21:24:47,151 | INFO | scripts.Utilities.optimization_manager | [OK] memory_efficient_imports: enabled
2025-09-24 21:24:47,151 | INFO | scripts.Utilities.optimization_manager | [OK] streaming_excel_exports: enabled
2025-09-24 21:24:47,151 | INFO | scripts.Utilities.optimization_manager | [OK] batch_database_operations: enabled
2025-09-24 21:24:47,152 | INFO | scripts.Utilities.optimization_manager | [OK] performance_monitoring: enabled
2025-09-24 21:24:47,152 | INFO | scripts.Utilities.optimization_manager | [OK] database_indexes: enabled
2025-09-24 21:24:47,153 | INFO | scripts.Utilities.optimization_manager | [OK] adaptive_chunk_sizing: enabled
2025-09-24 21:24:47,153 | INFO | scripts.Utilities.optimization_manager | 
Overall Status: All optimizations enabled
2025-09-24 21:24:47,155 | INFO | scripts.Utilities.performance_profiler | Memory snapshot 'app_start': RSS=72.7MB
2025-09-24 21:24:47,166 | INFO | scripts.Utilities.performance_profiler | === FWMIS PERFORMANCE REPORT ===
Generated: 2025-09-24 21:24:47

SYSTEM INFORMATION:
  CPU Cores: 12
  Total Memory: 7.6 GB
  Available Memory: 0.8 GB
  Memory Usage: 89.9%

PERFORMANCE RECOMMENDATIONS:
  1. Use streaming for large file imports
  2. Implement batch database operations
  3. Create appropriate database indexes
  4. Monitor memory usage during operations
  5. Use SQL aggregations instead of Python loops
  6. Consider PyPy for 2-7x speed improvements
2025-09-24 21:24:47,168 | ERROR | scripts.Utilities.performance_profiler | Error saving performance report: [Errno 2] No such file or directory: 'data/performance_report.txt'
2025-09-24 21:37:25,363 | INFO | scripts.Utilities.optimization_manager | Optimization 'memory_efficient_imports': enabled
2025-09-24 21:37:25,363 | INFO | scripts.Utilities.optimization_manager | Optimization 'streaming_excel_exports': enabled
2025-09-24 21:37:25,364 | INFO | scripts.Utilities.optimization_manager | Optimization 'batch_database_operations': enabled
2025-09-24 21:37:25,364 | INFO | scripts.Utilities.optimization_manager | Optimization 'performance_monitoring': enabled
2025-09-24 21:37:25,364 | INFO | scripts.Utilities.optimization_manager | Optimization 'database_indexes': enabled
2025-09-24 21:37:25,365 | INFO | scripts.Utilities.optimization_manager | Optimization 'adaptive_chunk_sizing': enabled
2025-09-24 21:37:25,370 | INFO | scripts.Utilities.optimized_import_utils | Database optimizations applied successfully
2025-09-24 21:37:25,381 | INFO | scripts.Utilities.optimized_import_utils | Performance indexes created successfully
2025-09-24 21:37:25,383 | INFO | scripts.Utilities.optimization_manager | Database optimizations applied successfully
2025-09-24 21:37:25,384 | INFO | scripts.Utilities.optimization_manager | FWMIS Optimization Status:
2025-09-24 21:37:25,384 | INFO | scripts.Utilities.optimization_manager | ==============================
2025-09-24 21:37:25,385 | INFO | scripts.Utilities.optimization_manager | [OK] memory_efficient_imports: enabled
2025-09-24 21:37:25,385 | INFO | scripts.Utilities.optimization_manager | [OK] streaming_excel_exports: enabled
2025-09-24 21:37:25,385 | INFO | scripts.Utilities.optimization_manager | [OK] batch_database_operations: enabled
2025-09-24 21:37:25,385 | INFO | scripts.Utilities.optimization_manager | [OK] performance_monitoring: enabled
2025-09-24 21:37:25,386 | INFO | scripts.Utilities.optimization_manager | [OK] database_indexes: enabled
2025-09-24 21:37:25,386 | INFO | scripts.Utilities.optimization_manager | [OK] adaptive_chunk_sizing: enabled
2025-09-24 21:37:25,386 | INFO | scripts.Utilities.optimization_manager | 
Overall Status: All optimizations enabled
2025-09-24 21:37:25,387 | INFO | scripts.Utilities.performance_profiler | Memory snapshot 'app_start': RSS=72.9MB
2025-09-24 21:37:25,393 | INFO | scripts.Utilities.performance_profiler | === FWMIS PERFORMANCE REPORT ===
Generated: 2025-09-24 21:37:25

SYSTEM INFORMATION:
  CPU Cores: 12
  Total Memory: 7.6 GB
  Available Memory: 0.9 GB
  Memory Usage: 88.2%

PERFORMANCE RECOMMENDATIONS:
  1. Use streaming for large file imports
  2. Implement batch database operations
  3. Create appropriate database indexes
  4. Monitor memory usage during operations
  5. Use SQL aggregations instead of Python loops
  6. Consider PyPy for 2-7x speed improvements
2025-09-24 21:37:25,395 | ERROR | scripts.Utilities.performance_profiler | Error saving performance report: [Errno 2] No such file or directory: 'data/performance_report.txt'
2025-09-24 21:46:01,667 | INFO | scripts.Utilities.optimization_manager | Optimization 'memory_efficient_imports': enabled
2025-09-24 21:46:01,668 | INFO | scripts.Utilities.optimization_manager | Optimization 'streaming_excel_exports': enabled
2025-09-24 21:46:01,668 | INFO | scripts.Utilities.optimization_manager | Optimization 'batch_database_operations': enabled
2025-09-24 21:46:01,669 | INFO | scripts.Utilities.optimization_manager | Optimization 'performance_monitoring': enabled
2025-09-24 21:46:01,669 | INFO | scripts.Utilities.optimization_manager | Optimization 'database_indexes': enabled
2025-09-24 21:46:01,669 | INFO | scripts.Utilities.optimization_manager | Optimization 'adaptive_chunk_sizing': enabled
2025-09-24 21:46:01,675 | INFO | scripts.Utilities.optimized_import_utils | Database optimizations applied successfully
2025-09-24 21:46:01,683 | INFO | scripts.Utilities.optimized_import_utils | Performance indexes created successfully
2025-09-24 21:46:01,685 | INFO | scripts.Utilities.optimization_manager | Database optimizations applied successfully
2025-09-24 21:46:01,685 | INFO | scripts.Utilities.optimization_manager | FWMIS Optimization Status:
2025-09-24 21:46:01,686 | INFO | scripts.Utilities.optimization_manager | ==============================
2025-09-24 21:46:01,686 | INFO | scripts.Utilities.optimization_manager | [OK] memory_efficient_imports: enabled
2025-09-24 21:46:01,686 | INFO | scripts.Utilities.optimization_manager | [OK] streaming_excel_exports: enabled
2025-09-24 21:46:01,687 | INFO | scripts.Utilities.optimization_manager | [OK] batch_database_operations: enabled
2025-09-24 21:46:01,687 | INFO | scripts.Utilities.optimization_manager | [OK] performance_monitoring: enabled
2025-09-24 21:46:01,687 | INFO | scripts.Utilities.optimization_manager | [OK] database_indexes: enabled
2025-09-24 21:46:01,688 | INFO | scripts.Utilities.optimization_manager | [OK] adaptive_chunk_sizing: enabled
2025-09-24 21:46:01,688 | INFO | scripts.Utilities.optimization_manager | 
Overall Status: All optimizations enabled
2025-09-24 21:46:01,688 | INFO | scripts.Utilities.performance_profiler | Memory snapshot 'app_start': RSS=72.7MB
2025-09-24 21:46:01,694 | INFO | scripts.Utilities.performance_profiler | === FWMIS PERFORMANCE REPORT ===
Generated: 2025-09-24 21:46:01

SYSTEM INFORMATION:
  CPU Cores: 12
  Total Memory: 7.6 GB
  Available Memory: 1.0 GB
  Memory Usage: 86.6%

PERFORMANCE RECOMMENDATIONS:
  1. Use streaming for large file imports
  2. Implement batch database operations
  3. Create appropriate database indexes
  4. Monitor memory usage during operations
  5. Use SQL aggregations instead of Python loops
  6. Consider PyPy for 2-7x speed improvements
2025-09-24 21:46:01,696 | ERROR | scripts.Utilities.performance_profiler | Error saving performance report: [Errno 2] No such file or directory: 'data/performance_report.txt'
2025-09-24 21:50:04,248 | INFO | scripts.Utilities.optimization_manager | Optimization 'memory_efficient_imports': enabled
2025-09-24 21:50:04,249 | INFO | scripts.Utilities.optimization_manager | Optimization 'streaming_excel_exports': enabled
2025-09-24 21:50:04,249 | INFO | scripts.Utilities.optimization_manager | Optimization 'batch_database_operations': enabled
2025-09-24 21:50:04,250 | INFO | scripts.Utilities.optimization_manager | Optimization 'performance_monitoring': enabled
2025-09-24 21:50:04,250 | INFO | scripts.Utilities.optimization_manager | Optimization 'database_indexes': enabled
2025-09-24 21:50:04,250 | INFO | scripts.Utilities.optimization_manager | Optimization 'adaptive_chunk_sizing': enabled
2025-09-24 21:50:04,256 | INFO | scripts.Utilities.optimized_import_utils | Database optimizations applied successfully
2025-09-24 21:50:04,263 | INFO | scripts.Utilities.optimized_import_utils | Performance indexes created successfully
2025-09-24 21:50:04,266 | INFO | scripts.Utilities.optimization_manager | Database optimizations applied successfully
2025-09-24 21:50:04,267 | INFO | scripts.Utilities.optimization_manager | FWMIS Optimization Status:
2025-09-24 21:50:04,267 | INFO | scripts.Utilities.optimization_manager | ==============================
2025-09-24 21:50:04,268 | INFO | scripts.Utilities.optimization_manager | [OK] memory_efficient_imports: enabled
2025-09-24 21:50:04,268 | INFO | scripts.Utilities.optimization_manager | [OK] streaming_excel_exports: enabled
2025-09-24 21:50:04,268 | INFO | scripts.Utilities.optimization_manager | [OK] batch_database_operations: enabled
2025-09-24 21:50:04,269 | INFO | scripts.Utilities.optimization_manager | [OK] performance_monitoring: enabled
2025-09-24 21:50:04,269 | INFO | scripts.Utilities.optimization_manager | [OK] database_indexes: enabled
2025-09-24 21:50:04,270 | INFO | scripts.Utilities.optimization_manager | [OK] adaptive_chunk_sizing: enabled
2025-09-24 21:50:04,270 | INFO | scripts.Utilities.optimization_manager | 
Overall Status: All optimizations enabled
2025-09-24 21:50:04,270 | INFO | scripts.Utilities.performance_profiler | Memory snapshot 'app_start': RSS=72.9MB
2025-09-24 21:50:04,280 | INFO | scripts.Utilities.performance_profiler | === FWMIS PERFORMANCE REPORT ===
Generated: 2025-09-24 21:50:04

SYSTEM INFORMATION:
  CPU Cores: 12
  Total Memory: 7.6 GB
  Available Memory: 0.8 GB
  Memory Usage: 89.0%

PERFORMANCE RECOMMENDATIONS:
  1. Use streaming for large file imports
  2. Implement batch database operations
  3. Create appropriate database indexes
  4. Monitor memory usage during operations
  5. Use SQL aggregations instead of Python loops
  6. Consider PyPy for 2-7x speed improvements
2025-09-24 21:50:04,283 | ERROR | scripts.Utilities.performance_profiler | Error saving performance report: [Errno 2] No such file or directory: 'data/performance_report.txt'
2025-09-24 22:00:07,345 | INFO | scripts.Utilities.optimization_manager | Optimization 'memory_efficient_imports': enabled
2025-09-24 22:00:07,346 | INFO | scripts.Utilities.optimization_manager | Optimization 'streaming_excel_exports': enabled
2025-09-24 22:00:07,347 | INFO | scripts.Utilities.optimization_manager | Optimization 'batch_database_operations': enabled
2025-09-24 22:00:07,348 | INFO | scripts.Utilities.optimization_manager | Optimization 'performance_monitoring': enabled
2025-09-24 22:00:07,353 | INFO | scripts.Utilities.optimization_manager | Optimization 'database_indexes': enabled
2025-09-24 22:00:07,353 | INFO | scripts.Utilities.optimization_manager | Optimization 'adaptive_chunk_sizing': enabled
2025-09-24 22:00:07,358 | INFO | scripts.Utilities.optimized_import_utils | Database optimizations applied successfully
2025-09-24 22:00:07,364 | INFO | scripts.Utilities.optimized_import_utils | Performance indexes created successfully
2025-09-24 22:00:07,366 | INFO | scripts.Utilities.optimization_manager | Database optimizations applied successfully
2025-09-24 22:00:07,366 | INFO | scripts.Utilities.optimization_manager | FWMIS Optimization Status:
2025-09-24 22:00:07,366 | INFO | scripts.Utilities.optimization_manager | ==============================
2025-09-24 22:00:07,367 | INFO | scripts.Utilities.optimization_manager | [OK] memory_efficient_imports: enabled
2025-09-24 22:00:07,367 | INFO | scripts.Utilities.optimization_manager | [OK] streaming_excel_exports: enabled
2025-09-24 22:00:07,369 | INFO | scripts.Utilities.optimization_manager | [OK] batch_database_operations: enabled
2025-09-24 22:00:07,370 | INFO | scripts.Utilities.optimization_manager | [OK] performance_monitoring: enabled
2025-09-24 22:00:07,370 | INFO | scripts.Utilities.optimization_manager | [OK] database_indexes: enabled
2025-09-24 22:00:07,371 | INFO | scripts.Utilities.optimization_manager | [OK] adaptive_chunk_sizing: enabled
2025-09-24 22:00:07,371 | INFO | scripts.Utilities.optimization_manager | 
Overall Status: All optimizations enabled
2025-09-24 22:00:07,372 | INFO | scripts.Utilities.performance_profiler | Memory snapshot 'app_start': RSS=72.7MB
2025-09-24 22:00:07,377 | INFO | scripts.Utilities.performance_profiler | === FWMIS PERFORMANCE REPORT ===
Generated: 2025-09-24 22:00:07

SYSTEM INFORMATION:
  CPU Cores: 12
  Total Memory: 7.6 GB
  Available Memory: 1.1 GB
  Memory Usage: 85.9%

PERFORMANCE RECOMMENDATIONS:
  1. Use streaming for large file imports
  2. Implement batch database operations
  3. Create appropriate database indexes
  4. Monitor memory usage during operations
  5. Use SQL aggregations instead of Python loops
  6. Consider PyPy for 2-7x speed improvements
2025-09-24 22:00:07,378 | ERROR | scripts.Utilities.performance_profiler | Error saving performance report: [Errno 2] No such file or directory: 'data/performance_report.txt'
2025-09-24 22:14:27,354 | INFO | scripts.Utilities.optimization_manager | Optimization 'memory_efficient_imports': enabled
2025-09-24 22:14:27,355 | INFO | scripts.Utilities.optimization_manager | Optimization 'streaming_excel_exports': enabled
2025-09-24 22:14:27,355 | INFO | scripts.Utilities.optimization_manager | Optimization 'batch_database_operations': enabled
2025-09-24 22:14:27,356 | INFO | scripts.Utilities.optimization_manager | Optimization 'performance_monitoring': enabled
2025-09-24 22:14:27,356 | INFO | scripts.Utilities.optimization_manager | Optimization 'database_indexes': enabled
2025-09-24 22:14:27,356 | INFO | scripts.Utilities.optimization_manager | Optimization 'adaptive_chunk_sizing': enabled
2025-09-24 22:14:27,362 | INFO | scripts.Utilities.optimized_import_utils | Database optimizations applied successfully
2025-09-24 22:14:27,370 | INFO | scripts.Utilities.optimized_import_utils | Performance indexes created successfully
2025-09-24 22:14:27,372 | INFO | scripts.Utilities.optimization_manager | Database optimizations applied successfully
2025-09-24 22:14:27,373 | INFO | scripts.Utilities.optimization_manager | FWMIS Optimization Status:
2025-09-24 22:14:27,373 | INFO | scripts.Utilities.optimization_manager | ==============================
2025-09-24 22:14:27,373 | INFO | scripts.Utilities.optimization_manager | [OK] memory_efficient_imports: enabled
2025-09-24 22:14:27,374 | INFO | scripts.Utilities.optimization_manager | [OK] streaming_excel_exports: enabled
2025-09-24 22:14:27,374 | INFO | scripts.Utilities.optimization_manager | [OK] batch_database_operations: enabled
2025-09-24 22:14:27,374 | INFO | scripts.Utilities.optimization_manager | [OK] performance_monitoring: enabled
2025-09-24 22:14:27,374 | INFO | scripts.Utilities.optimization_manager | [OK] database_indexes: enabled
2025-09-24 22:14:27,375 | INFO | scripts.Utilities.optimization_manager | [OK] adaptive_chunk_sizing: enabled
2025-09-24 22:14:27,375 | INFO | scripts.Utilities.optimization_manager | 
Overall Status: All optimizations enabled
2025-09-24 22:14:27,375 | INFO | scripts.Utilities.performance_profiler | Memory snapshot 'app_start': RSS=72.6MB
2025-09-24 22:14:27,380 | INFO | scripts.Utilities.performance_profiler | === FWMIS PERFORMANCE REPORT ===
Generated: 2025-09-24 22:14:27

SYSTEM INFORMATION:
  CPU Cores: 12
  Total Memory: 7.6 GB
  Available Memory: 0.7 GB
  Memory Usage: 91.5%

PERFORMANCE RECOMMENDATIONS:
  1. Use streaming for large file imports
  2. Implement batch database operations
  3. Create appropriate database indexes
  4. Monitor memory usage during operations
  5. Use SQL aggregations instead of Python loops
  6. Consider PyPy for 2-7x speed improvements
2025-09-24 22:14:27,382 | ERROR | scripts.Utilities.performance_profiler | Error saving performance report: [Errno 2] No such file or directory: 'data/performance_report.txt'
2025-09-24 22:21:44,310 | INFO | scripts.Utilities.optimization_manager | Optimization 'memory_efficient_imports': enabled
2025-09-24 22:21:44,310 | INFO | scripts.Utilities.optimization_manager | Optimization 'streaming_excel_exports': enabled
2025-09-24 22:21:44,311 | INFO | scripts.Utilities.optimization_manager | Optimization 'batch_database_operations': enabled
2025-09-24 22:21:44,311 | INFO | scripts.Utilities.optimization_manager | Optimization 'performance_monitoring': enabled
2025-09-24 22:21:44,312 | INFO | scripts.Utilities.optimization_manager | Optimization 'database_indexes': enabled
2025-09-24 22:21:44,312 | INFO | scripts.Utilities.optimization_manager | Optimization 'adaptive_chunk_sizing': enabled
2025-09-24 22:21:44,317 | INFO | scripts.Utilities.optimized_import_utils | Database optimizations applied successfully
2025-09-24 22:21:44,327 | INFO | scripts.Utilities.optimized_import_utils | Performance indexes created successfully
2025-09-24 22:21:44,336 | INFO | scripts.Utilities.optimization_manager | Database optimizations applied successfully
2025-09-24 22:21:44,337 | INFO | scripts.Utilities.optimization_manager | FWMIS Optimization Status:
2025-09-24 22:21:44,338 | INFO | scripts.Utilities.optimization_manager | ==============================
2025-09-24 22:21:44,338 | INFO | scripts.Utilities.optimization_manager | [OK] memory_efficient_imports: enabled
2025-09-24 22:21:44,338 | INFO | scripts.Utilities.optimization_manager | [OK] streaming_excel_exports: enabled
2025-09-24 22:21:44,339 | INFO | scripts.Utilities.optimization_manager | [OK] batch_database_operations: enabled
2025-09-24 22:21:44,339 | INFO | scripts.Utilities.optimization_manager | [OK] performance_monitoring: enabled
2025-09-24 22:21:44,340 | INFO | scripts.Utilities.optimization_manager | [OK] database_indexes: enabled
2025-09-24 22:21:44,340 | INFO | scripts.Utilities.optimization_manager | [OK] adaptive_chunk_sizing: enabled
2025-09-24 22:21:44,340 | INFO | scripts.Utilities.optimization_manager | 
Overall Status: All optimizations enabled
2025-09-24 22:21:44,341 | INFO | scripts.Utilities.performance_profiler | Memory snapshot 'app_start': RSS=72.7MB
2025-09-24 22:21:44,354 | INFO | scripts.Utilities.performance_profiler | === FWMIS PERFORMANCE REPORT ===
Generated: 2025-09-24 22:21:44

SYSTEM INFORMATION:
  CPU Cores: 12
  Total Memory: 7.6 GB
  Available Memory: 0.6 GB
  Memory Usage: 92.5%

PERFORMANCE RECOMMENDATIONS:
  1. Use streaming for large file imports
  2. Implement batch database operations
  3. Create appropriate database indexes
  4. Monitor memory usage during operations
  5. Use SQL aggregations instead of Python loops
  6. Consider PyPy for 2-7x speed improvements
2025-09-24 22:21:44,356 | ERROR | scripts.Utilities.performance_profiler | Error saving performance report: [Errno 2] No such file or directory: 'data/performance_report.txt'
2025-09-24 22:24:35,859 | INFO | scripts.Utilities.optimization_manager | Optimization 'memory_efficient_imports': enabled
2025-09-24 22:24:35,859 | INFO | scripts.Utilities.optimization_manager | Optimization 'streaming_excel_exports': enabled
2025-09-24 22:24:35,860 | INFO | scripts.Utilities.optimization_manager | Optimization 'batch_database_operations': enabled
2025-09-24 22:24:35,860 | INFO | scripts.Utilities.optimization_manager | Optimization 'performance_monitoring': enabled
2025-09-24 22:24:35,861 | INFO | scripts.Utilities.optimization_manager | Optimization 'database_indexes': enabled
2025-09-24 22:24:35,861 | INFO | scripts.Utilities.optimization_manager | Optimization 'adaptive_chunk_sizing': enabled
2025-09-24 22:24:35,866 | INFO | scripts.Utilities.optimized_import_utils | Database optimizations applied successfully
2025-09-24 22:24:35,875 | INFO | scripts.Utilities.optimized_import_utils | Performance indexes created successfully
2025-09-24 22:24:35,879 | INFO | scripts.Utilities.optimization_manager | Database optimizations applied successfully
2025-09-24 22:24:35,880 | INFO | scripts.Utilities.optimization_manager | FWMIS Optimization Status:
2025-09-24 22:24:35,880 | INFO | scripts.Utilities.optimization_manager | ==============================
2025-09-24 22:24:35,880 | INFO | scripts.Utilities.optimization_manager | [OK] memory_efficient_imports: enabled
2025-09-24 22:24:35,881 | INFO | scripts.Utilities.optimization_manager | [OK] streaming_excel_exports: enabled
2025-09-24 22:24:35,881 | INFO | scripts.Utilities.optimization_manager | [OK] batch_database_operations: enabled
2025-09-24 22:24:35,881 | INFO | scripts.Utilities.optimization_manager | [OK] performance_monitoring: enabled
2025-09-24 22:24:35,882 | INFO | scripts.Utilities.optimization_manager | [OK] database_indexes: enabled
2025-09-24 22:24:35,882 | INFO | scripts.Utilities.optimization_manager | [OK] adaptive_chunk_sizing: enabled
2025-09-24 22:24:35,882 | INFO | scripts.Utilities.optimization_manager | 
Overall Status: All optimizations enabled
2025-09-24 22:24:35,883 | INFO | scripts.Utilities.performance_profiler | Memory snapshot 'app_start': RSS=72.7MB
2025-09-24 22:24:35,896 | INFO | scripts.Utilities.performance_profiler | === FWMIS PERFORMANCE REPORT ===
Generated: 2025-09-24 22:24:35

SYSTEM INFORMATION:
  CPU Cores: 12
  Total Memory: 7.6 GB
  Available Memory: 0.7 GB
  Memory Usage: 90.5%

PERFORMANCE RECOMMENDATIONS:
  1. Use streaming for large file imports
  2. Implement batch database operations
  3. Create appropriate database indexes
  4. Monitor memory usage during operations
  5. Use SQL aggregations instead of Python loops
  6. Consider PyPy for 2-7x speed improvements
2025-09-24 22:24:35,898 | ERROR | scripts.Utilities.performance_profiler | Error saving performance report: [Errno 2] No such file or directory: 'data/performance_report.txt'
2025-09-24 22:27:01,980 | INFO | scripts.Utilities.optimization_manager | Optimization 'memory_efficient_imports': enabled
2025-09-24 22:27:01,980 | INFO | scripts.Utilities.optimization_manager | Optimization 'streaming_excel_exports': enabled
2025-09-24 22:27:01,981 | INFO | scripts.Utilities.optimization_manager | Optimization 'batch_database_operations': enabled
2025-09-24 22:27:01,981 | INFO | scripts.Utilities.optimization_manager | Optimization 'performance_monitoring': enabled
2025-09-24 22:27:01,981 | INFO | scripts.Utilities.optimization_manager | Optimization 'database_indexes': enabled
2025-09-24 22:27:01,982 | INFO | scripts.Utilities.optimization_manager | Optimization 'adaptive_chunk_sizing': enabled
2025-09-24 22:27:01,988 | INFO | scripts.Utilities.optimized_import_utils | Database optimizations applied successfully
2025-09-24 22:27:02,007 | INFO | scripts.Utilities.optimized_import_utils | Performance indexes created successfully
2025-09-24 22:27:02,011 | INFO | scripts.Utilities.optimization_manager | Database optimizations applied successfully
2025-09-24 22:27:02,011 | INFO | scripts.Utilities.optimization_manager | FWMIS Optimization Status:
2025-09-24 22:27:02,012 | INFO | scripts.Utilities.optimization_manager | ==============================
2025-09-24 22:27:02,012 | INFO | scripts.Utilities.optimization_manager | [OK] memory_efficient_imports: enabled
2025-09-24 22:27:02,013 | INFO | scripts.Utilities.optimization_manager | [OK] streaming_excel_exports: enabled
2025-09-24 22:27:02,013 | INFO | scripts.Utilities.optimization_manager | [OK] batch_database_operations: enabled
2025-09-24 22:27:02,014 | INFO | scripts.Utilities.optimization_manager | [OK] performance_monitoring: enabled
2025-09-24 22:27:02,015 | INFO | scripts.Utilities.optimization_manager | [OK] database_indexes: enabled
2025-09-24 22:27:02,016 | INFO | scripts.Utilities.optimization_manager | [OK] adaptive_chunk_sizing: enabled
2025-09-24 22:27:02,017 | INFO | scripts.Utilities.optimization_manager | 
Overall Status: All optimizations enabled
2025-09-24 22:27:02,019 | INFO | scripts.Utilities.performance_profiler | Memory snapshot 'app_start': RSS=72.7MB
2025-09-24 22:27:02,027 | INFO | scripts.Utilities.performance_profiler | === FWMIS PERFORMANCE REPORT ===
Generated: 2025-09-24 22:27:02

SYSTEM INFORMATION:
  CPU Cores: 12
  Total Memory: 7.6 GB
  Available Memory: 0.9 GB
  Memory Usage: 87.8%

PERFORMANCE RECOMMENDATIONS:
  1. Use streaming for large file imports
  2. Implement batch database operations
  3. Create appropriate database indexes
  4. Monitor memory usage during operations
  5. Use SQL aggregations instead of Python loops
  6. Consider PyPy for 2-7x speed improvements
2025-09-24 22:27:02,033 | ERROR | scripts.Utilities.performance_profiler | Error saving performance report: [Errno 2] No such file or directory: 'data/performance_report.txt'
2025-09-24 22:27:16,842 | INFO | scripts.Utilities.optimization_manager | Optimization 'memory_efficient_imports': enabled
2025-09-24 22:27:16,843 | INFO | scripts.Utilities.optimization_manager | Optimization 'streaming_excel_exports': enabled
2025-09-24 22:27:16,843 | INFO | scripts.Utilities.optimization_manager | Optimization 'batch_database_operations': enabled
2025-09-24 22:27:16,844 | INFO | scripts.Utilities.optimization_manager | Optimization 'performance_monitoring': enabled
2025-09-24 22:27:16,844 | INFO | scripts.Utilities.optimization_manager | Optimization 'database_indexes': enabled
2025-09-24 22:27:16,845 | INFO | scripts.Utilities.optimization_manager | Optimization 'adaptive_chunk_sizing': enabled
2025-09-24 22:27:16,851 | INFO | scripts.Utilities.optimized_import_utils | Database optimizations applied successfully
2025-09-24 22:27:16,860 | INFO | scripts.Utilities.optimized_import_utils | Performance indexes created successfully
2025-09-24 22:27:16,863 | INFO | scripts.Utilities.optimization_manager | Database optimizations applied successfully
2025-09-24 22:27:16,863 | INFO | scripts.Utilities.optimization_manager | FWMIS Optimization Status:
2025-09-24 22:27:16,864 | INFO | scripts.Utilities.optimization_manager | ==============================
2025-09-24 22:27:16,864 | INFO | scripts.Utilities.optimization_manager | [OK] memory_efficient_imports: enabled
2025-09-24 22:27:16,864 | INFO | scripts.Utilities.optimization_manager | [OK] streaming_excel_exports: enabled
2025-09-24 22:27:16,864 | INFO | scripts.Utilities.optimization_manager | [OK] batch_database_operations: enabled
2025-09-24 22:27:16,865 | INFO | scripts.Utilities.optimization_manager | [OK] performance_monitoring: enabled
2025-09-24 22:27:16,865 | INFO | scripts.Utilities.optimization_manager | [OK] database_indexes: enabled
2025-09-24 22:27:16,865 | INFO | scripts.Utilities.optimization_manager | [OK] adaptive_chunk_sizing: enabled
2025-09-24 22:27:16,865 | INFO | scripts.Utilities.optimization_manager | 
Overall Status: All optimizations enabled
2025-09-24 22:27:16,866 | INFO | scripts.Utilities.performance_profiler | Memory snapshot 'app_start': RSS=72.6MB
2025-09-24 22:27:16,871 | INFO | scripts.Utilities.performance_profiler | === FWMIS PERFORMANCE REPORT ===
Generated: 2025-09-24 22:27:16

SYSTEM INFORMATION:
  CPU Cores: 12
  Total Memory: 7.6 GB
  Available Memory: 0.9 GB
  Memory Usage: 88.1%

PERFORMANCE RECOMMENDATIONS:
  1. Use streaming for large file imports
  2. Implement batch database operations
  3. Create appropriate database indexes
  4. Monitor memory usage during operations
  5. Use SQL aggregations instead of Python loops
  6. Consider PyPy for 2-7x speed improvements
2025-09-24 22:27:16,872 | ERROR | scripts.Utilities.performance_profiler | Error saving performance report: [Errno 2] No such file or directory: 'data/performance_report.txt'
2025-09-24 22:27:45,811 | INFO | scripts.Utilities.optimization_manager | Optimization 'memory_efficient_imports': enabled
2025-09-24 22:27:45,812 | INFO | scripts.Utilities.optimization_manager | Optimization 'streaming_excel_exports': enabled
2025-09-24 22:27:45,812 | INFO | scripts.Utilities.optimization_manager | Optimization 'batch_database_operations': enabled
2025-09-24 22:27:45,812 | INFO | scripts.Utilities.optimization_manager | Optimization 'performance_monitoring': enabled
2025-09-24 22:27:45,813 | INFO | scripts.Utilities.optimization_manager | Optimization 'database_indexes': enabled
2025-09-24 22:27:45,813 | INFO | scripts.Utilities.optimization_manager | Optimization 'adaptive_chunk_sizing': enabled
2025-09-24 22:27:45,818 | INFO | scripts.Utilities.optimized_import_utils | Database optimizations applied successfully
2025-09-24 22:27:45,829 | INFO | scripts.Utilities.optimized_import_utils | Performance indexes created successfully
2025-09-24 22:27:45,832 | INFO | scripts.Utilities.optimization_manager | Database optimizations applied successfully
2025-09-24 22:27:45,833 | INFO | scripts.Utilities.optimization_manager | FWMIS Optimization Status:
2025-09-24 22:27:45,833 | INFO | scripts.Utilities.optimization_manager | ==============================
2025-09-24 22:27:45,834 | INFO | scripts.Utilities.optimization_manager | [OK] memory_efficient_imports: enabled
2025-09-24 22:27:45,834 | INFO | scripts.Utilities.optimization_manager | [OK] streaming_excel_exports: enabled
2025-09-24 22:27:45,834 | INFO | scripts.Utilities.optimization_manager | [OK] batch_database_operations: enabled
2025-09-24 22:27:45,835 | INFO | scripts.Utilities.optimization_manager | [OK] performance_monitoring: enabled
2025-09-24 22:27:45,835 | INFO | scripts.Utilities.optimization_manager | [OK] database_indexes: enabled
2025-09-24 22:27:45,835 | INFO | scripts.Utilities.optimization_manager | [OK] adaptive_chunk_sizing: enabled
2025-09-24 22:27:45,836 | INFO | scripts.Utilities.optimization_manager | 
Overall Status: All optimizations enabled
2025-09-24 22:27:45,837 | INFO | scripts.Utilities.performance_profiler | Memory snapshot 'app_start': RSS=72.7MB
2025-09-24 22:27:45,847 | INFO | scripts.Utilities.performance_profiler | === FWMIS PERFORMANCE REPORT ===
Generated: 2025-09-24 22:27:45

SYSTEM INFORMATION:
  CPU Cores: 12
  Total Memory: 7.6 GB
  Available Memory: 0.9 GB
  Memory Usage: 87.8%

PERFORMANCE RECOMMENDATIONS:
  1. Use streaming for large file imports
  2. Implement batch database operations
  3. Create appropriate database indexes
  4. Monitor memory usage during operations
  5. Use SQL aggregations instead of Python loops
  6. Consider PyPy for 2-7x speed improvements
2025-09-24 22:27:45,849 | ERROR | scripts.Utilities.performance_profiler | Error saving performance report: [Errno 2] No such file or directory: 'data/performance_report.txt'
2025-09-24 22:29:34,063 | INFO | scripts.Utilities.optimization_manager | Optimization 'memory_efficient_imports': enabled
2025-09-24 22:29:34,063 | INFO | scripts.Utilities.optimization_manager | Optimization 'streaming_excel_exports': enabled
2025-09-24 22:29:34,064 | INFO | scripts.Utilities.optimization_manager | Optimization 'batch_database_operations': enabled
2025-09-24 22:29:34,064 | INFO | scripts.Utilities.optimization_manager | Optimization 'performance_monitoring': enabled
2025-09-24 22:29:34,064 | INFO | scripts.Utilities.optimization_manager | Optimization 'database_indexes': enabled
2025-09-24 22:29:34,064 | INFO | scripts.Utilities.optimization_manager | Optimization 'adaptive_chunk_sizing': enabled
2025-09-24 22:29:34,069 | INFO | scripts.Utilities.optimized_import_utils | Database optimizations applied successfully
2025-09-24 22:29:34,078 | INFO | scripts.Utilities.optimized_import_utils | Performance indexes created successfully
2025-09-24 22:29:34,081 | INFO | scripts.Utilities.optimization_manager | Database optimizations applied successfully
2025-09-24 22:29:34,081 | INFO | scripts.Utilities.optimization_manager | FWMIS Optimization Status:
2025-09-24 22:29:34,082 | INFO | scripts.Utilities.optimization_manager | ==============================
2025-09-24 22:29:34,082 | INFO | scripts.Utilities.optimization_manager | [OK] memory_efficient_imports: enabled
2025-09-24 22:29:34,082 | INFO | scripts.Utilities.optimization_manager | [OK] streaming_excel_exports: enabled
2025-09-24 22:29:34,082 | INFO | scripts.Utilities.optimization_manager | [OK] batch_database_operations: enabled
2025-09-24 22:29:34,082 | INFO | scripts.Utilities.optimization_manager | [OK] performance_monitoring: enabled
2025-09-24 22:29:34,083 | INFO | scripts.Utilities.optimization_manager | [OK] database_indexes: enabled
2025-09-24 22:29:34,083 | INFO | scripts.Utilities.optimization_manager | [OK] adaptive_chunk_sizing: enabled
2025-09-24 22:29:34,083 | INFO | scripts.Utilities.optimization_manager | 
Overall Status: All optimizations enabled
2025-09-24 22:29:34,083 | INFO | scripts.Utilities.performance_profiler | Memory snapshot 'app_start': RSS=73.0MB
2025-09-24 22:29:34,089 | INFO | scripts.Utilities.performance_profiler | === FWMIS PERFORMANCE REPORT ===
Generated: 2025-09-24 22:29:34

SYSTEM INFORMATION:
  CPU Cores: 12
  Total Memory: 7.6 GB
  Available Memory: 0.7 GB
  Memory Usage: 90.8%

PERFORMANCE RECOMMENDATIONS:
  1. Use streaming for large file imports
  2. Implement batch database operations
  3. Create appropriate database indexes
  4. Monitor memory usage during operations
  5. Use SQL aggregations instead of Python loops
  6. Consider PyPy for 2-7x speed improvements
2025-09-24 22:29:34,091 | ERROR | scripts.Utilities.performance_profiler | Error saving performance report: [Errno 2] No such file or directory: 'data/performance_report.txt'
2025-09-24 22:55:59,895 | INFO | scripts.Utilities.optimization_manager | Optimization 'memory_efficient_imports': enabled
2025-09-24 22:55:59,895 | INFO | scripts.Utilities.optimization_manager | Optimization 'streaming_excel_exports': enabled
2025-09-24 22:55:59,896 | INFO | scripts.Utilities.optimization_manager | Optimization 'batch_database_operations': enabled
2025-09-24 22:55:59,896 | INFO | scripts.Utilities.optimization_manager | Optimization 'performance_monitoring': enabled
2025-09-24 22:55:59,896 | INFO | scripts.Utilities.optimization_manager | Optimization 'database_indexes': enabled
2025-09-24 22:55:59,896 | INFO | scripts.Utilities.optimization_manager | Optimization 'adaptive_chunk_sizing': enabled
2025-09-24 22:55:59,901 | INFO | scripts.Utilities.optimized_import_utils | Database optimizations applied successfully
2025-09-24 22:55:59,908 | INFO | scripts.Utilities.optimized_import_utils | Performance indexes created successfully
2025-09-24 22:55:59,910 | INFO | scripts.Utilities.optimization_manager | Database optimizations applied successfully
2025-09-24 22:55:59,911 | INFO | scripts.Utilities.optimization_manager | FWMIS Optimization Status:
2025-09-24 22:55:59,911 | INFO | scripts.Utilities.optimization_manager | ==============================
2025-09-24 22:55:59,911 | INFO | scripts.Utilities.optimization_manager | [OK] memory_efficient_imports: enabled
2025-09-24 22:55:59,911 | INFO | scripts.Utilities.optimization_manager | [OK] streaming_excel_exports: enabled
2025-09-24 22:55:59,912 | INFO | scripts.Utilities.optimization_manager | [OK] batch_database_operations: enabled
2025-09-24 22:55:59,912 | INFO | scripts.Utilities.optimization_manager | [OK] performance_monitoring: enabled
2025-09-24 22:55:59,912 | INFO | scripts.Utilities.optimization_manager | [OK] database_indexes: enabled
2025-09-24 22:55:59,912 | INFO | scripts.Utilities.optimization_manager | [OK] adaptive_chunk_sizing: enabled
2025-09-24 22:55:59,913 | INFO | scripts.Utilities.optimization_manager | 
Overall Status: All optimizations enabled
2025-09-24 22:55:59,913 | INFO | scripts.Utilities.performance_profiler | Memory snapshot 'app_start': RSS=72.9MB
2025-09-24 22:55:59,918 | INFO | scripts.Utilities.performance_profiler | === FWMIS PERFORMANCE REPORT ===
Generated: 2025-09-24 22:55:59

SYSTEM INFORMATION:
  CPU Cores: 12
  Total Memory: 7.6 GB
  Available Memory: 0.6 GB
  Memory Usage: 91.9%

PERFORMANCE RECOMMENDATIONS:
  1. Use streaming for large file imports
  2. Implement batch database operations
  3. Create appropriate database indexes
  4. Monitor memory usage during operations
  5. Use SQL aggregations instead of Python loops
  6. Consider PyPy for 2-7x speed improvements
2025-09-24 22:55:59,919 | ERROR | scripts.Utilities.performance_profiler | Error saving performance report: [Errno 2] No such file or directory: 'data/performance_report.txt'
2025-09-24 22:56:39,569 | INFO | scripts.Utilities.optimization_manager | Optimization 'memory_efficient_imports': enabled
2025-09-24 22:56:39,569 | INFO | scripts.Utilities.optimization_manager | Optimization 'streaming_excel_exports': enabled
2025-09-24 22:56:39,570 | INFO | scripts.Utilities.optimization_manager | Optimization 'batch_database_operations': enabled
2025-09-24 22:56:39,572 | INFO | scripts.Utilities.optimization_manager | Optimization 'performance_monitoring': enabled
2025-09-24 22:56:39,575 | INFO | scripts.Utilities.optimization_manager | Optimization 'database_indexes': enabled
2025-09-24 22:56:39,575 | INFO | scripts.Utilities.optimization_manager | Optimization 'adaptive_chunk_sizing': enabled
2025-09-24 22:56:39,581 | INFO | scripts.Utilities.optimized_import_utils | Database optimizations applied successfully
2025-09-24 22:56:39,588 | INFO | scripts.Utilities.optimized_import_utils | Performance indexes created successfully
2025-09-24 22:56:39,591 | INFO | scripts.Utilities.optimization_manager | Database optimizations applied successfully
2025-09-24 22:56:39,591 | INFO | scripts.Utilities.optimization_manager | FWMIS Optimization Status:
2025-09-24 22:56:39,591 | INFO | scripts.Utilities.optimization_manager | ==============================
2025-09-24 22:56:39,592 | INFO | scripts.Utilities.optimization_manager | [OK] memory_efficient_imports: enabled
2025-09-24 22:56:39,592 | INFO | scripts.Utilities.optimization_manager | [OK] streaming_excel_exports: enabled
2025-09-24 22:56:39,593 | INFO | scripts.Utilities.optimization_manager | [OK] batch_database_operations: enabled
2025-09-24 22:56:39,593 | INFO | scripts.Utilities.optimization_manager | [OK] performance_monitoring: enabled
2025-09-24 22:56:39,594 | INFO | scripts.Utilities.optimization_manager | [OK] database_indexes: enabled
2025-09-24 22:56:39,594 | INFO | scripts.Utilities.optimization_manager | [OK] adaptive_chunk_sizing: enabled
2025-09-24 22:56:39,595 | INFO | scripts.Utilities.optimization_manager | 
Overall Status: All optimizations enabled
2025-09-24 22:56:39,595 | INFO | scripts.Utilities.performance_profiler | Memory snapshot 'app_start': RSS=72.6MB
2025-09-24 22:56:39,608 | INFO | scripts.Utilities.performance_profiler | === FWMIS PERFORMANCE REPORT ===
Generated: 2025-09-24 22:56:39

SYSTEM INFORMATION:
  CPU Cores: 12
  Total Memory: 7.6 GB
  Available Memory: 0.7 GB
  Memory Usage: 91.4%

PERFORMANCE RECOMMENDATIONS:
  1. Use streaming for large file imports
  2. Implement batch database operations
  3. Create appropriate database indexes
  4. Monitor memory usage during operations
  5. Use SQL aggregations instead of Python loops
  6. Consider PyPy for 2-7x speed improvements
2025-09-24 22:56:39,609 | ERROR | scripts.Utilities.performance_profiler | Error saving performance report: [Errno 2] No such file or directory: 'data/performance_report.txt'
2025-09-24 22:59:05,165 | INFO | scripts.Utilities.optimization_manager | Optimization 'memory_efficient_imports': enabled
2025-09-24 22:59:05,166 | INFO | scripts.Utilities.optimization_manager | Optimization 'streaming_excel_exports': enabled
2025-09-24 22:59:05,167 | INFO | scripts.Utilities.optimization_manager | Optimization 'batch_database_operations': enabled
2025-09-24 22:59:05,168 | INFO | scripts.Utilities.optimization_manager | Optimization 'performance_monitoring': enabled
2025-09-24 22:59:05,173 | INFO | scripts.Utilities.optimization_manager | Optimization 'database_indexes': enabled
2025-09-24 22:59:05,173 | INFO | scripts.Utilities.optimization_manager | Optimization 'adaptive_chunk_sizing': enabled
2025-09-24 22:59:05,179 | INFO | scripts.Utilities.optimized_import_utils | Database optimizations applied successfully
2025-09-24 22:59:05,186 | INFO | scripts.Utilities.optimized_import_utils | Performance indexes created successfully
2025-09-24 22:59:05,192 | INFO | scripts.Utilities.optimization_manager | Database optimizations applied successfully
2025-09-24 22:59:05,193 | INFO | scripts.Utilities.optimization_manager | FWMIS Optimization Status:
2025-09-24 22:59:05,193 | INFO | scripts.Utilities.optimization_manager | ==============================
2025-09-24 22:59:05,194 | INFO | scripts.Utilities.optimization_manager | [OK] memory_efficient_imports: enabled
2025-09-24 22:59:05,194 | INFO | scripts.Utilities.optimization_manager | [OK] streaming_excel_exports: enabled
2025-09-24 22:59:05,195 | INFO | scripts.Utilities.optimization_manager | [OK] batch_database_operations: enabled
2025-09-24 22:59:05,195 | INFO | scripts.Utilities.optimization_manager | [OK] performance_monitoring: enabled
2025-09-24 22:59:05,196 | INFO | scripts.Utilities.optimization_manager | [OK] database_indexes: enabled
2025-09-24 22:59:05,196 | INFO | scripts.Utilities.optimization_manager | [OK] adaptive_chunk_sizing: enabled
2025-09-24 22:59:05,197 | INFO | scripts.Utilities.optimization_manager | 
Overall Status: All optimizations enabled
2025-09-24 22:59:05,197 | INFO | scripts.Utilities.performance_profiler | Memory snapshot 'app_start': RSS=72.8MB
2025-09-24 22:59:05,203 | INFO | scripts.Utilities.performance_profiler | === FWMIS PERFORMANCE REPORT ===
Generated: 2025-09-24 22:59:05

SYSTEM INFORMATION:
  CPU Cores: 12
  Total Memory: 7.6 GB
  Available Memory: 0.6 GB
  Memory Usage: 91.6%

PERFORMANCE RECOMMENDATIONS:
  1. Use streaming for large file imports
  2. Implement batch database operations
  3. Create appropriate database indexes
  4. Monitor memory usage during operations
  5. Use SQL aggregations instead of Python loops
  6. Consider PyPy for 2-7x speed improvements
2025-09-24 22:59:05,204 | ERROR | scripts.Utilities.performance_profiler | Error saving performance report: [Errno 2] No such file or directory: 'data/performance_report.txt'
2025-09-24 23:01:59,616 | INFO | scripts.Utilities.optimization_manager | Optimization 'memory_efficient_imports': enabled
2025-09-24 23:01:59,616 | INFO | scripts.Utilities.optimization_manager | Optimization 'streaming_excel_exports': enabled
2025-09-24 23:01:59,616 | INFO | scripts.Utilities.optimization_manager | Optimization 'batch_database_operations': enabled
2025-09-24 23:01:59,617 | INFO | scripts.Utilities.optimization_manager | Optimization 'performance_monitoring': enabled
2025-09-24 23:01:59,617 | INFO | scripts.Utilities.optimization_manager | Optimization 'database_indexes': enabled
2025-09-24 23:01:59,617 | INFO | scripts.Utilities.optimization_manager | Optimization 'adaptive_chunk_sizing': enabled
2025-09-24 23:01:59,621 | INFO | scripts.Utilities.optimized_import_utils | Database optimizations applied successfully
2025-09-24 23:01:59,627 | INFO | scripts.Utilities.optimized_import_utils | Performance indexes created successfully
2025-09-24 23:01:59,629 | INFO | scripts.Utilities.optimization_manager | Database optimizations applied successfully
2025-09-24 23:01:59,629 | INFO | scripts.Utilities.optimization_manager | FWMIS Optimization Status:
2025-09-24 23:01:59,629 | INFO | scripts.Utilities.optimization_manager | ==============================
2025-09-24 23:01:59,630 | INFO | scripts.Utilities.optimization_manager | [OK] memory_efficient_imports: enabled
2025-09-24 23:01:59,630 | INFO | scripts.Utilities.optimization_manager | [OK] streaming_excel_exports: enabled
2025-09-24 23:01:59,630 | INFO | scripts.Utilities.optimization_manager | [OK] batch_database_operations: enabled
2025-09-24 23:01:59,630 | INFO | scripts.Utilities.optimization_manager | [OK] performance_monitoring: enabled
2025-09-24 23:01:59,630 | INFO | scripts.Utilities.optimization_manager | [OK] database_indexes: enabled
2025-09-24 23:01:59,630 | INFO | scripts.Utilities.optimization_manager | [OK] adaptive_chunk_sizing: enabled
2025-09-24 23:01:59,631 | INFO | scripts.Utilities.optimization_manager | 
Overall Status: All optimizations enabled
2025-09-24 23:01:59,632 | INFO | scripts.Utilities.performance_profiler | Memory snapshot 'app_start': RSS=72.6MB
2025-09-24 23:01:59,636 | INFO | scripts.Utilities.performance_profiler | === FWMIS PERFORMANCE REPORT ===
Generated: 2025-09-24 23:01:59

SYSTEM INFORMATION:
  CPU Cores: 12
  Total Memory: 7.6 GB
  Available Memory: 0.9 GB
  Memory Usage: 88.2%

PERFORMANCE RECOMMENDATIONS:
  1. Use streaming for large file imports
  2. Implement batch database operations
  3. Create appropriate database indexes
  4. Monitor memory usage during operations
  5. Use SQL aggregations instead of Python loops
  6. Consider PyPy for 2-7x speed improvements
2025-09-24 23:01:59,637 | ERROR | scripts.Utilities.performance_profiler | Error saving performance report: [Errno 2] No such file or directory: 'data/performance_report.txt'
2025-09-25 09:51:53,851 | INFO | scripts.Utilities.optimization_manager | Optimization 'memory_efficient_imports': enabled
2025-09-25 09:51:53,854 | INFO | scripts.Utilities.optimization_manager | Optimization 'streaming_excel_exports': enabled
2025-09-25 09:51:53,855 | INFO | scripts.Utilities.optimization_manager | Optimization 'batch_database_operations': enabled
2025-09-25 09:51:53,857 | INFO | scripts.Utilities.optimization_manager | Optimization 'performance_monitoring': enabled
2025-09-25 09:51:53,858 | INFO | scripts.Utilities.optimization_manager | Optimization 'database_indexes': enabled
2025-09-25 09:51:53,859 | INFO | scripts.Utilities.optimization_manager | Optimization 'adaptive_chunk_sizing': enabled
2025-09-25 09:51:53,875 | INFO | scripts.Utilities.optimized_import_utils | Database optimizations applied successfully
2025-09-25 09:51:53,931 | INFO | scripts.Utilities.optimized_import_utils | Performance indexes created successfully
2025-09-25 09:51:53,943 | INFO | scripts.Utilities.optimization_manager | Database optimizations applied successfully
2025-09-25 09:51:53,945 | INFO | scripts.Utilities.optimization_manager | FWMIS Optimization Status:
2025-09-25 09:51:53,947 | INFO | scripts.Utilities.optimization_manager | ==============================
2025-09-25 09:51:53,949 | INFO | scripts.Utilities.optimization_manager | [OK] memory_efficient_imports: enabled
2025-09-25 09:51:53,950 | INFO | scripts.Utilities.optimization_manager | [OK] streaming_excel_exports: enabled
2025-09-25 09:51:53,951 | INFO | scripts.Utilities.optimization_manager | [OK] batch_database_operations: enabled
2025-09-25 09:51:53,952 | INFO | scripts.Utilities.optimization_manager | [OK] performance_monitoring: enabled
2025-09-25 09:51:53,954 | INFO | scripts.Utilities.optimization_manager | [OK] database_indexes: enabled
2025-09-25 09:51:53,955 | INFO | scripts.Utilities.optimization_manager | [OK] adaptive_chunk_sizing: enabled
2025-09-25 09:51:53,957 | INFO | scripts.Utilities.optimization_manager | 
Overall Status: All optimizations enabled
2025-09-25 09:51:53,959 | INFO | scripts.Utilities.performance_profiler | Memory snapshot 'app_start': RSS=73.5MB
2025-09-25 09:51:53,989 | INFO | scripts.Utilities.performance_profiler | === FWMIS PERFORMANCE REPORT ===
Generated: 2025-09-25 09:51:53

SYSTEM INFORMATION:
  CPU Cores: 12
  Total Memory: 7.6 GB
  Available Memory: 1.0 GB
  Memory Usage: 87.3%

PERFORMANCE RECOMMENDATIONS:
  1. Use streaming for large file imports
  2. Implement batch database operations
  3. Create appropriate database indexes
  4. Monitor memory usage during operations
  5. Use SQL aggregations instead of Python loops
  6. Consider PyPy for 2-7x speed improvements
2025-09-25 09:51:53,991 | ERROR | scripts.Utilities.performance_profiler | Error saving performance report: [Errno 2] No such file or directory: 'data/performance_report.txt'
2025-09-25 10:26:52,238 | INFO | scripts.Utilities.optimization_manager | Optimization 'memory_efficient_imports': enabled
2025-09-25 10:26:52,241 | INFO | scripts.Utilities.optimization_manager | Optimization 'streaming_excel_exports': enabled
2025-09-25 10:26:52,242 | INFO | scripts.Utilities.optimization_manager | Optimization 'batch_database_operations': enabled
2025-09-25 10:26:52,243 | INFO | scripts.Utilities.optimization_manager | Optimization 'performance_monitoring': enabled
2025-09-25 10:26:52,243 | INFO | scripts.Utilities.optimization_manager | Optimization 'database_indexes': enabled
2025-09-25 10:26:52,244 | INFO | scripts.Utilities.optimization_manager | Optimization 'adaptive_chunk_sizing': enabled
2025-09-25 10:26:52,252 | INFO | scripts.Utilities.optimized_import_utils | Database optimizations applied successfully
2025-09-25 10:26:52,267 | INFO | scripts.Utilities.optimized_import_utils | Performance indexes created successfully
2025-09-25 10:26:52,280 | INFO | scripts.Utilities.optimization_manager | Database optimizations applied successfully
2025-09-25 10:26:52,283 | INFO | scripts.Utilities.optimization_manager | FWMIS Optimization Status:
2025-09-25 10:26:52,284 | INFO | scripts.Utilities.optimization_manager | ==============================
2025-09-25 10:26:52,285 | INFO | scripts.Utilities.optimization_manager | [OK] memory_efficient_imports: enabled
2025-09-25 10:26:52,286 | INFO | scripts.Utilities.optimization_manager | [OK] streaming_excel_exports: enabled
2025-09-25 10:26:52,287 | INFO | scripts.Utilities.optimization_manager | [OK] batch_database_operations: enabled
2025-09-25 10:26:52,288 | INFO | scripts.Utilities.optimization_manager | [OK] performance_monitoring: enabled
2025-09-25 10:26:52,289 | INFO | scripts.Utilities.optimization_manager | [OK] database_indexes: enabled
2025-09-25 10:26:52,291 | INFO | scripts.Utilities.optimization_manager | [OK] adaptive_chunk_sizing: enabled
2025-09-25 10:26:52,296 | INFO | scripts.Utilities.optimization_manager | 
Overall Status: All optimizations enabled
2025-09-25 10:26:52,300 | INFO | scripts.Utilities.performance_profiler | Memory snapshot 'app_start': RSS=72.4MB
2025-09-25 10:26:52,333 | INFO | scripts.Utilities.performance_profiler | === FWMIS PERFORMANCE REPORT ===
Generated: 2025-09-25 10:26:52

SYSTEM INFORMATION:
  CPU Cores: 12
  Total Memory: 7.6 GB
  Available Memory: 1.3 GB
  Memory Usage: 83.3%

PERFORMANCE RECOMMENDATIONS:
  1. Use streaming for large file imports
  2. Implement batch database operations
  3. Create appropriate database indexes
  4. Monitor memory usage during operations
  5. Use SQL aggregations instead of Python loops
  6. Consider PyPy for 2-7x speed improvements
2025-09-25 10:26:52,338 | ERROR | scripts.Utilities.performance_profiler | Error saving performance report: [Errno 2] No such file or directory: 'data/performance_report.txt'
2025-09-25 10:42:35,497 | INFO | scripts.Utilities.optimization_manager | Optimization 'memory_efficient_imports': enabled
2025-09-25 10:42:35,499 | INFO | scripts.Utilities.optimization_manager | Optimization 'streaming_excel_exports': enabled
2025-09-25 10:42:35,500 | INFO | scripts.Utilities.optimization_manager | Optimization 'batch_database_operations': enabled
2025-09-25 10:42:35,501 | INFO | scripts.Utilities.optimization_manager | Optimization 'performance_monitoring': enabled
2025-09-25 10:42:35,502 | INFO | scripts.Utilities.optimization_manager | Optimization 'database_indexes': enabled
2025-09-25 10:42:35,502 | INFO | scripts.Utilities.optimization_manager | Optimization 'adaptive_chunk_sizing': enabled
2025-09-25 10:42:35,510 | INFO | scripts.Utilities.optimized_import_utils | Database optimizations applied successfully
2025-09-25 10:42:35,528 | INFO | scripts.Utilities.optimized_import_utils | Performance indexes created successfully
2025-09-25 10:42:35,540 | INFO | scripts.Utilities.optimization_manager | Database optimizations applied successfully
2025-09-25 10:42:35,541 | INFO | scripts.Utilities.optimization_manager | FWMIS Optimization Status:
2025-09-25 10:42:35,541 | INFO | scripts.Utilities.optimization_manager | ==============================
2025-09-25 10:42:35,543 | INFO | scripts.Utilities.optimization_manager | [OK] memory_efficient_imports: enabled
2025-09-25 10:42:35,545 | INFO | scripts.Utilities.optimization_manager | [OK] streaming_excel_exports: enabled
2025-09-25 10:42:35,548 | INFO | scripts.Utilities.optimization_manager | [OK] batch_database_operations: enabled
2025-09-25 10:42:35,549 | INFO | scripts.Utilities.optimization_manager | [OK] performance_monitoring: enabled
2025-09-25 10:42:35,552 | INFO | scripts.Utilities.optimization_manager | [OK] database_indexes: enabled
2025-09-25 10:42:35,556 | INFO | scripts.Utilities.optimization_manager | [OK] adaptive_chunk_sizing: enabled
2025-09-25 10:42:35,568 | INFO | scripts.Utilities.optimization_manager | 
Overall Status: All optimizations enabled
2025-09-25 10:42:35,577 | INFO | scripts.Utilities.performance_profiler | Memory snapshot 'app_start': RSS=73.1MB
2025-09-25 10:42:35,630 | INFO | scripts.Utilities.performance_profiler | === FWMIS PERFORMANCE REPORT ===
Generated: 2025-09-25 10:42:35

SYSTEM INFORMATION:
  CPU Cores: 12
  Total Memory: 7.6 GB
  Available Memory: 0.7 GB
  Memory Usage: 90.3%

PERFORMANCE RECOMMENDATIONS:
  1. Use streaming for large file imports
  2. Implement batch database operations
  3. Create appropriate database indexes
  4. Monitor memory usage during operations
  5. Use SQL aggregations instead of Python loops
  6. Consider PyPy for 2-7x speed improvements
2025-09-25 10:42:35,639 | ERROR | scripts.Utilities.performance_profiler | Error saving performance report: [Errno 2] No such file or directory: 'data/performance_report.txt'
2025-09-25 10:43:44,678 | INFO | root | Audit log saved successfully: annexure_deleted
2025-09-25 10:44:51,462 | INFO | scripts.core.import_worker | ImportWorker starting
2025-09-25 10:44:51,473 | INFO | scripts.core.import_worker | Case inserted
2025-09-25 10:44:51,479 | INFO | scripts.core.import_worker | Copied BAS file
2025-09-25 10:44:51,480 | INFO | scripts.core.import_worker | Successfully committed case
2025-09-25 10:44:51,505 | INFO | scripts.core.import_worker | Imported case
2025-09-25 10:44:51,521 | INFO | scripts.core.import_worker | Case inserted
2025-09-25 10:44:51,539 | INFO | scripts.core.import_worker | Copied BAS file
2025-09-25 10:44:51,540 | INFO | scripts.core.import_worker | Successfully committed case
2025-09-25 10:44:51,572 | INFO | scripts.core.import_worker | Imported case
2025-09-25 10:44:51,594 | INFO | scripts.core.import_worker | Case inserted
2025-09-25 10:44:51,603 | INFO | scripts.core.import_worker | Copied BAS file
2025-09-25 10:44:51,604 | INFO | scripts.core.import_worker | Successfully committed case
2025-09-25 10:44:51,610 | INFO | scripts.core.import_worker | Imported case
2025-09-25 10:44:51,620 | INFO | scripts.core.import_worker | Case inserted
2025-09-25 10:44:51,625 | INFO | scripts.core.import_worker | Copied BAS file
2025-09-25 10:44:51,626 | INFO | scripts.core.import_worker | Successfully committed case
2025-09-25 10:44:51,637 | INFO | scripts.core.import_worker | Imported case
2025-09-25 10:44:51,653 | INFO | scripts.core.import_worker | Case inserted
2025-09-25 10:44:51,657 | INFO | scripts.core.import_worker | Copied BAS file
2025-09-25 10:44:51,658 | INFO | scripts.core.import_worker | Successfully committed case
2025-09-25 10:44:51,666 | INFO | scripts.core.import_worker | Imported case
2025-09-25 10:44:51,672 | INFO | scripts.core.import_worker | Case inserted
2025-09-25 10:44:51,676 | INFO | scripts.core.import_worker | Copied BAS file
2025-09-25 10:44:51,676 | INFO | scripts.core.import_worker | Successfully committed case
2025-09-25 10:44:51,688 | INFO | scripts.core.import_worker | Imported case
2025-09-25 10:44:51,690 | INFO | scripts.core.import_worker | Import completed
2025-09-25 10:45:55,353 | INFO | root | Audit log saved successfully: edit_case
2025-09-25 10:45:55,392 | INFO | root | Audit log saved successfully: assessment_status_change
2025-09-25 10:51:22,517 | INFO | root | Audit log saved successfully: edit_case
2025-09-25 10:51:22,574 | INFO | root | Audit log saved successfully: assessment_status_change
2025-09-25 10:51:22,611 | INFO | root | Audit log saved successfully: lc_status_change
2025-09-25 11:16:29,869 | INFO | scripts.Utilities.optimization_manager | Optimization 'memory_efficient_imports': enabled
2025-09-25 11:16:29,871 | INFO | scripts.Utilities.optimization_manager | Optimization 'streaming_excel_exports': enabled
2025-09-25 11:16:29,871 | INFO | scripts.Utilities.optimization_manager | Optimization 'batch_database_operations': enabled
2025-09-25 11:16:29,872 | INFO | scripts.Utilities.optimization_manager | Optimization 'performance_monitoring': enabled
2025-09-25 11:16:29,872 | INFO | scripts.Utilities.optimization_manager | Optimization 'database_indexes': enabled
2025-09-25 11:16:29,873 | INFO | scripts.Utilities.optimization_manager | Optimization 'adaptive_chunk_sizing': enabled
2025-09-25 11:16:29,881 | INFO | scripts.Utilities.optimized_import_utils | Database optimizations applied successfully
2025-09-25 11:16:29,908 | INFO | scripts.Utilities.optimized_import_utils | Performance indexes created successfully
2025-09-25 11:16:29,922 | INFO | scripts.Utilities.optimization_manager | Database optimizations applied successfully
2025-09-25 11:16:29,923 | INFO | scripts.Utilities.optimization_manager | FWMIS Optimization Status:
2025-09-25 11:16:29,924 | INFO | scripts.Utilities.optimization_manager | ==============================
2025-09-25 11:16:29,925 | INFO | scripts.Utilities.optimization_manager | [OK] memory_efficient_imports: enabled
2025-09-25 11:16:29,926 | INFO | scripts.Utilities.optimization_manager | [OK] streaming_excel_exports: enabled
2025-09-25 11:16:29,929 | INFO | scripts.Utilities.optimization_manager | [OK] batch_database_operations: enabled
2025-09-25 11:16:29,932 | INFO | scripts.Utilities.optimization_manager | [OK] performance_monitoring: enabled
2025-09-25 11:16:29,934 | INFO | scripts.Utilities.optimization_manager | [OK] database_indexes: enabled
2025-09-25 11:16:29,936 | INFO | scripts.Utilities.optimization_manager | [OK] adaptive_chunk_sizing: enabled
2025-09-25 11:16:29,938 | INFO | scripts.Utilities.optimization_manager | 
Overall Status: All optimizations enabled
2025-09-25 11:16:29,940 | INFO | scripts.Utilities.performance_profiler | Memory snapshot 'app_start': RSS=72.8MB
2025-09-25 11:16:29,984 | INFO | scripts.Utilities.performance_profiler | === FWMIS PERFORMANCE REPORT ===
Generated: 2025-09-25 11:16:29

SYSTEM INFORMATION:
  CPU Cores: 12
  Total Memory: 7.6 GB
  Available Memory: 1.0 GB
  Memory Usage: 86.8%

PERFORMANCE RECOMMENDATIONS:
  1. Use streaming for large file imports
  2. Implement batch database operations
  3. Create appropriate database indexes
  4. Monitor memory usage during operations
  5. Use SQL aggregations instead of Python loops
  6. Consider PyPy for 2-7x speed improvements
2025-09-25 11:16:29,988 | ERROR | scripts.Utilities.performance_profiler | Error saving performance report: [Errno 2] No such file or directory: 'data/performance_report.txt'
2025-09-25 12:30:17,365 | INFO | scripts.Utilities.optimization_manager | Optimization 'memory_efficient_imports': enabled
2025-09-25 12:30:17,368 | INFO | scripts.Utilities.optimization_manager | Optimization 'streaming_excel_exports': enabled
2025-09-25 12:30:17,368 | INFO | scripts.Utilities.optimization_manager | Optimization 'batch_database_operations': enabled
2025-09-25 12:30:17,369 | INFO | scripts.Utilities.optimization_manager | Optimization 'performance_monitoring': enabled
2025-09-25 12:30:17,369 | INFO | scripts.Utilities.optimization_manager | Optimization 'database_indexes': enabled
2025-09-25 12:30:17,369 | INFO | scripts.Utilities.optimization_manager | Optimization 'adaptive_chunk_sizing': enabled
2025-09-25 12:30:17,375 | INFO | scripts.Utilities.optimized_import_utils | Database optimizations applied successfully
2025-09-25 12:30:17,389 | INFO | scripts.Utilities.optimized_import_utils | Performance indexes created successfully
2025-09-25 12:30:17,396 | INFO | scripts.Utilities.optimization_manager | Database optimizations applied successfully
2025-09-25 12:30:17,401 | INFO | scripts.Utilities.optimization_manager | FWMIS Optimization Status:
2025-09-25 12:30:17,406 | INFO | scripts.Utilities.optimization_manager | ==============================
2025-09-25 12:30:17,408 | INFO | scripts.Utilities.optimization_manager | [OK] memory_efficient_imports: enabled
2025-09-25 12:30:17,409 | INFO | scripts.Utilities.optimization_manager | [OK] streaming_excel_exports: enabled
2025-09-25 12:30:17,409 | INFO | scripts.Utilities.optimization_manager | [OK] batch_database_operations: enabled
2025-09-25 12:30:17,410 | INFO | scripts.Utilities.optimization_manager | [OK] performance_monitoring: enabled
2025-09-25 12:30:17,411 | INFO | scripts.Utilities.optimization_manager | [OK] database_indexes: enabled
2025-09-25 12:30:17,412 | INFO | scripts.Utilities.optimization_manager | [OK] adaptive_chunk_sizing: enabled
2025-09-25 12:30:17,412 | INFO | scripts.Utilities.optimization_manager | 
Overall Status: All optimizations enabled
2025-09-25 12:30:17,414 | INFO | scripts.Utilities.performance_profiler | Memory snapshot 'app_start': RSS=72.8MB
2025-09-25 12:30:17,442 | INFO | scripts.Utilities.performance_profiler | === FWMIS PERFORMANCE REPORT ===
Generated: 2025-09-25 12:30:17

SYSTEM INFORMATION:
  CPU Cores: 12
  Total Memory: 7.6 GB
  Available Memory: 1.2 GB
  Memory Usage: 84.5%

PERFORMANCE RECOMMENDATIONS:
  1. Use streaming for large file imports
  2. Implement batch database operations
  3. Create appropriate database indexes
  4. Monitor memory usage during operations
  5. Use SQL aggregations instead of Python loops
  6. Consider PyPy for 2-7x speed improvements
2025-09-25 12:30:17,444 | ERROR | scripts.Utilities.performance_profiler | Error saving performance report: [Errno 2] No such file or directory: 'data/performance_report.txt'
2025-09-25 12:32:20,472 | INFO | scripts.Utilities.optimization_manager | Optimization 'memory_efficient_imports': enabled
2025-09-25 12:32:20,473 | INFO | scripts.Utilities.optimization_manager | Optimization 'streaming_excel_exports': enabled
2025-09-25 12:32:20,474 | INFO | scripts.Utilities.optimization_manager | Optimization 'batch_database_operations': enabled
2025-09-25 12:32:20,474 | INFO | scripts.Utilities.optimization_manager | Optimization 'performance_monitoring': enabled
2025-09-25 12:32:20,475 | INFO | scripts.Utilities.optimization_manager | Optimization 'database_indexes': enabled
2025-09-25 12:32:20,476 | INFO | scripts.Utilities.optimization_manager | Optimization 'adaptive_chunk_sizing': enabled
2025-09-25 12:32:20,482 | INFO | scripts.Utilities.optimized_import_utils | Database optimizations applied successfully
2025-09-25 12:32:20,491 | INFO | scripts.Utilities.optimized_import_utils | Performance indexes created successfully
2025-09-25 12:32:20,495 | INFO | scripts.Utilities.optimization_manager | Database optimizations applied successfully
2025-09-25 12:32:20,496 | INFO | scripts.Utilities.optimization_manager | FWMIS Optimization Status:
2025-09-25 12:32:20,496 | INFO | scripts.Utilities.optimization_manager | ==============================
2025-09-25 12:32:20,497 | INFO | scripts.Utilities.optimization_manager | [OK] memory_efficient_imports: enabled
2025-09-25 12:32:20,497 | INFO | scripts.Utilities.optimization_manager | [OK] streaming_excel_exports: enabled
2025-09-25 12:32:20,498 | INFO | scripts.Utilities.optimization_manager | [OK] batch_database_operations: enabled
2025-09-25 12:32:20,498 | INFO | scripts.Utilities.optimization_manager | [OK] performance_monitoring: enabled
2025-09-25 12:32:20,498 | INFO | scripts.Utilities.optimization_manager | [OK] database_indexes: enabled
2025-09-25 12:32:20,499 | INFO | scripts.Utilities.optimization_manager | [OK] adaptive_chunk_sizing: enabled
2025-09-25 12:32:20,499 | INFO | scripts.Utilities.optimization_manager | 
Overall Status: All optimizations enabled
2025-09-25 12:32:20,499 | INFO | scripts.Utilities.performance_profiler | Memory snapshot 'app_start': RSS=72.7MB
2025-09-25 12:32:20,505 | INFO | scripts.Utilities.performance_profiler | === FWMIS PERFORMANCE REPORT ===
Generated: 2025-09-25 12:32:20

SYSTEM INFORMATION:
  CPU Cores: 12
  Total Memory: 7.6 GB
  Available Memory: 1.0 GB
  Memory Usage: 86.8%

PERFORMANCE RECOMMENDATIONS:
  1. Use streaming for large file imports
  2. Implement batch database operations
  3. Create appropriate database indexes
  4. Monitor memory usage during operations
  5. Use SQL aggregations instead of Python loops
  6. Consider PyPy for 2-7x speed improvements
2025-09-25 12:32:20,506 | ERROR | scripts.Utilities.performance_profiler | Error saving performance report: [Errno 2] No such file or directory: 'data/performance_report.txt'
2025-09-25 12:35:41,801 | INFO | scripts.Utilities.optimization_manager | Optimization 'memory_efficient_imports': enabled
2025-09-25 12:35:41,803 | INFO | scripts.Utilities.optimization_manager | Optimization 'streaming_excel_exports': enabled
2025-09-25 12:35:41,804 | INFO | scripts.Utilities.optimization_manager | Optimization 'batch_database_operations': enabled
2025-09-25 12:35:41,807 | INFO | scripts.Utilities.optimization_manager | Optimization 'performance_monitoring': enabled
2025-09-25 12:35:41,807 | INFO | scripts.Utilities.optimization_manager | Optimization 'database_indexes': enabled
2025-09-25 12:35:41,808 | INFO | scripts.Utilities.optimization_manager | Optimization 'adaptive_chunk_sizing': enabled
2025-09-25 12:35:41,815 | INFO | scripts.Utilities.optimized_import_utils | Database optimizations applied successfully
2025-09-25 12:35:41,825 | INFO | scripts.Utilities.optimized_import_utils | Performance indexes created successfully
2025-09-25 12:35:41,828 | INFO | scripts.Utilities.optimization_manager | Database optimizations applied successfully
2025-09-25 12:35:41,829 | INFO | scripts.Utilities.optimization_manager | FWMIS Optimization Status:
2025-09-25 12:35:41,830 | INFO | scripts.Utilities.optimization_manager | ==============================
2025-09-25 12:35:41,831 | INFO | scripts.Utilities.optimization_manager | [OK] memory_efficient_imports: enabled
2025-09-25 12:35:41,833 | INFO | scripts.Utilities.optimization_manager | [OK] streaming_excel_exports: enabled
2025-09-25 12:35:41,833 | INFO | scripts.Utilities.optimization_manager | [OK] batch_database_operations: enabled
2025-09-25 12:35:41,834 | INFO | scripts.Utilities.optimization_manager | [OK] performance_monitoring: enabled
2025-09-25 12:35:41,835 | INFO | scripts.Utilities.optimization_manager | [OK] database_indexes: enabled
2025-09-25 12:35:41,835 | INFO | scripts.Utilities.optimization_manager | [OK] adaptive_chunk_sizing: enabled
2025-09-25 12:35:41,837 | INFO | scripts.Utilities.optimization_manager | 
Overall Status: All optimizations enabled
2025-09-25 12:35:41,838 | INFO | scripts.Utilities.performance_profiler | Memory snapshot 'app_start': RSS=72.7MB
2025-09-25 12:35:41,844 | INFO | scripts.Utilities.performance_profiler | === FWMIS PERFORMANCE REPORT ===
Generated: 2025-09-25 12:35:41

SYSTEM INFORMATION:
  CPU Cores: 12
  Total Memory: 7.6 GB
  Available Memory: 1.2 GB
  Memory Usage: 84.2%

PERFORMANCE RECOMMENDATIONS:
  1. Use streaming for large file imports
  2. Implement batch database operations
  3. Create appropriate database indexes
  4. Monitor memory usage during operations
  5. Use SQL aggregations instead of Python loops
  6. Consider PyPy for 2-7x speed improvements
2025-09-25 12:35:41,845 | ERROR | scripts.Utilities.performance_profiler | Error saving performance report: [Errno 2] No such file or directory: 'data/performance_report.txt'
2025-09-25 12:38:44,288 | INFO | scripts.Utilities.optimization_manager | Optimization 'memory_efficient_imports': enabled
2025-09-25 12:38:44,290 | INFO | scripts.Utilities.optimization_manager | Optimization 'streaming_excel_exports': enabled
2025-09-25 12:38:44,291 | INFO | scripts.Utilities.optimization_manager | Optimization 'batch_database_operations': enabled
2025-09-25 12:38:44,293 | INFO | scripts.Utilities.optimization_manager | Optimization 'performance_monitoring': enabled
2025-09-25 12:38:44,294 | INFO | scripts.Utilities.optimization_manager | Optimization 'database_indexes': enabled
2025-09-25 12:38:44,295 | INFO | scripts.Utilities.optimization_manager | Optimization 'adaptive_chunk_sizing': enabled
2025-09-25 12:38:44,300 | INFO | scripts.Utilities.optimized_import_utils | Database optimizations applied successfully
2025-09-25 12:38:44,312 | INFO | scripts.Utilities.optimized_import_utils | Performance indexes created successfully
2025-09-25 12:38:44,315 | INFO | scripts.Utilities.optimization_manager | Database optimizations applied successfully
2025-09-25 12:38:44,315 | INFO | scripts.Utilities.optimization_manager | FWMIS Optimization Status:
2025-09-25 12:38:44,316 | INFO | scripts.Utilities.optimization_manager | ==============================
2025-09-25 12:38:44,317 | INFO | scripts.Utilities.optimization_manager | [OK] memory_efficient_imports: enabled
2025-09-25 12:38:44,317 | INFO | scripts.Utilities.optimization_manager | [OK] streaming_excel_exports: enabled
2025-09-25 12:38:44,318 | INFO | scripts.Utilities.optimization_manager | [OK] batch_database_operations: enabled
2025-09-25 12:38:44,318 | INFO | scripts.Utilities.optimization_manager | [OK] performance_monitoring: enabled
2025-09-25 12:38:44,319 | INFO | scripts.Utilities.optimization_manager | [OK] database_indexes: enabled
2025-09-25 12:38:44,319 | INFO | scripts.Utilities.optimization_manager | [OK] adaptive_chunk_sizing: enabled
2025-09-25 12:38:44,320 | INFO | scripts.Utilities.optimization_manager | 
Overall Status: All optimizations enabled
2025-09-25 12:38:44,320 | INFO | scripts.Utilities.performance_profiler | Memory snapshot 'app_start': RSS=72.5MB
2025-09-25 12:38:44,327 | INFO | scripts.Utilities.performance_profiler | === FWMIS PERFORMANCE REPORT ===
Generated: 2025-09-25 12:38:44

SYSTEM INFORMATION:
  CPU Cores: 12
  Total Memory: 7.6 GB
  Available Memory: 1.0 GB
  Memory Usage: 86.8%

PERFORMANCE RECOMMENDATIONS:
  1. Use streaming for large file imports
  2. Implement batch database operations
  3. Create appropriate database indexes
  4. Monitor memory usage during operations
  5. Use SQL aggregations instead of Python loops
  6. Consider PyPy for 2-7x speed improvements
2025-09-25 12:38:44,328 | ERROR | scripts.Utilities.performance_profiler | Error saving performance report: [Errno 2] No such file or directory: 'data/performance_report.txt'
2025-09-25 13:06:14,411 | INFO | scripts.Utilities.optimization_manager | Optimization 'memory_efficient_imports': enabled
2025-09-25 13:06:14,412 | INFO | scripts.Utilities.optimization_manager | Optimization 'streaming_excel_exports': enabled
2025-09-25 13:06:14,413 | INFO | scripts.Utilities.optimization_manager | Optimization 'batch_database_operations': enabled
2025-09-25 13:06:14,416 | INFO | scripts.Utilities.optimization_manager | Optimization 'performance_monitoring': enabled
2025-09-25 13:06:14,417 | INFO | scripts.Utilities.optimization_manager | Optimization 'database_indexes': enabled
2025-09-25 13:06:14,417 | INFO | scripts.Utilities.optimization_manager | Optimization 'adaptive_chunk_sizing': enabled
2025-09-25 13:06:14,426 | INFO | scripts.Utilities.optimized_import_utils | Database optimizations applied successfully
2025-09-25 13:06:14,439 | INFO | scripts.Utilities.optimized_import_utils | Performance indexes created successfully
2025-09-25 13:06:14,443 | INFO | scripts.Utilities.optimization_manager | Database optimizations applied successfully
2025-09-25 13:06:14,443 | INFO | scripts.Utilities.optimization_manager | FWMIS Optimization Status:
2025-09-25 13:06:14,444 | INFO | scripts.Utilities.optimization_manager | ==============================
2025-09-25 13:06:14,445 | INFO | scripts.Utilities.optimization_manager | [OK] memory_efficient_imports: enabled
2025-09-25 13:06:14,445 | INFO | scripts.Utilities.optimization_manager | [OK] streaming_excel_exports: enabled
2025-09-25 13:06:14,446 | INFO | scripts.Utilities.optimization_manager | [OK] batch_database_operations: enabled
2025-09-25 13:06:14,446 | INFO | scripts.Utilities.optimization_manager | [OK] performance_monitoring: enabled
2025-09-25 13:06:14,447 | INFO | scripts.Utilities.optimization_manager | [OK] database_indexes: enabled
2025-09-25 13:06:14,447 | INFO | scripts.Utilities.optimization_manager | [OK] adaptive_chunk_sizing: enabled
2025-09-25 13:06:14,449 | INFO | scripts.Utilities.optimization_manager | 
Overall Status: All optimizations enabled
2025-09-25 13:06:14,450 | INFO | scripts.Utilities.performance_profiler | Memory snapshot 'app_start': RSS=72.8MB
2025-09-25 13:06:14,458 | INFO | scripts.Utilities.performance_profiler | === FWMIS PERFORMANCE REPORT ===
Generated: 2025-09-25 13:06:14

SYSTEM INFORMATION:
  CPU Cores: 12
  Total Memory: 7.6 GB
  Available Memory: 1.1 GB
  Memory Usage: 86.0%

PERFORMANCE RECOMMENDATIONS:
  1. Use streaming for large file imports
  2. Implement batch database operations
  3. Create appropriate database indexes
  4. Monitor memory usage during operations
  5. Use SQL aggregations instead of Python loops
  6. Consider PyPy for 2-7x speed improvements
2025-09-25 13:06:14,459 | ERROR | scripts.Utilities.performance_profiler | Error saving performance report: [Errno 2] No such file or directory: 'data/performance_report.txt'
2025-09-25 13:08:54,309 | INFO | scripts.Utilities.optimization_manager | Optimization 'memory_efficient_imports': enabled
2025-09-25 13:08:54,310 | INFO | scripts.Utilities.optimization_manager | Optimization 'streaming_excel_exports': enabled
2025-09-25 13:08:54,312 | INFO | scripts.Utilities.optimization_manager | Optimization 'batch_database_operations': enabled
2025-09-25 13:08:54,312 | INFO | scripts.Utilities.optimization_manager | Optimization 'performance_monitoring': enabled
2025-09-25 13:08:54,315 | INFO | scripts.Utilities.optimization_manager | Optimization 'database_indexes': enabled
2025-09-25 13:08:54,315 | INFO | scripts.Utilities.optimization_manager | Optimization 'adaptive_chunk_sizing': enabled
2025-09-25 13:08:54,322 | INFO | scripts.Utilities.optimized_import_utils | Database optimizations applied successfully
2025-09-25 13:08:54,330 | INFO | scripts.Utilities.optimized_import_utils | Performance indexes created successfully
2025-09-25 13:08:54,333 | INFO | scripts.Utilities.optimization_manager | Database optimizations applied successfully
2025-09-25 13:08:54,334 | INFO | scripts.Utilities.optimization_manager | FWMIS Optimization Status:
2025-09-25 13:08:54,338 | INFO | scripts.Utilities.optimization_manager | ==============================
2025-09-25 13:08:54,339 | INFO | scripts.Utilities.optimization_manager | [OK] memory_efficient_imports: enabled
2025-09-25 13:08:54,339 | INFO | scripts.Utilities.optimization_manager | [OK] streaming_excel_exports: enabled
2025-09-25 13:08:54,340 | INFO | scripts.Utilities.optimization_manager | [OK] batch_database_operations: enabled
2025-09-25 13:08:54,340 | INFO | scripts.Utilities.optimization_manager | [OK] performance_monitoring: enabled
2025-09-25 13:08:54,341 | INFO | scripts.Utilities.optimization_manager | [OK] database_indexes: enabled
2025-09-25 13:08:54,341 | INFO | scripts.Utilities.optimization_manager | [OK] adaptive_chunk_sizing: enabled
2025-09-25 13:08:54,342 | INFO | scripts.Utilities.optimization_manager | 
Overall Status: All optimizations enabled
2025-09-25 13:08:54,343 | INFO | scripts.Utilities.performance_profiler | Memory snapshot 'app_start': RSS=72.6MB
2025-09-25 13:08:54,347 | INFO | scripts.Utilities.performance_profiler | === FWMIS PERFORMANCE REPORT ===
Generated: 2025-09-25 13:08:54

SYSTEM INFORMATION:
  CPU Cores: 12
  Total Memory: 7.6 GB
  Available Memory: 1.0 GB
  Memory Usage: 86.4%

PERFORMANCE RECOMMENDATIONS:
  1. Use streaming for large file imports
  2. Implement batch database operations
  3. Create appropriate database indexes
  4. Monitor memory usage during operations
  5. Use SQL aggregations instead of Python loops
  6. Consider PyPy for 2-7x speed improvements
2025-09-25 13:08:54,348 | ERROR | scripts.Utilities.performance_profiler | Error saving performance report: [Errno 2] No such file or directory: 'data/performance_report.txt'
2025-09-25 13:17:58,633 | INFO | scripts.Utilities.optimization_manager | Optimization 'memory_efficient_imports': enabled
2025-09-25 13:17:58,634 | INFO | scripts.Utilities.optimization_manager | Optimization 'streaming_excel_exports': enabled
2025-09-25 13:17:58,635 | INFO | scripts.Utilities.optimization_manager | Optimization 'batch_database_operations': enabled
2025-09-25 13:17:58,636 | INFO | scripts.Utilities.optimization_manager | Optimization 'performance_monitoring': enabled
2025-09-25 13:17:58,638 | INFO | scripts.Utilities.optimization_manager | Optimization 'database_indexes': enabled
2025-09-25 13:17:58,639 | INFO | scripts.Utilities.optimization_manager | Optimization 'adaptive_chunk_sizing': enabled
2025-09-25 13:17:58,650 | INFO | scripts.Utilities.optimized_import_utils | Database optimizations applied successfully
2025-09-25 13:17:58,660 | INFO | scripts.Utilities.optimized_import_utils | Performance indexes created successfully
2025-09-25 13:17:58,664 | INFO | scripts.Utilities.optimization_manager | Database optimizations applied successfully
2025-09-25 13:17:58,664 | INFO | scripts.Utilities.optimization_manager | FWMIS Optimization Status:
2025-09-25 13:17:58,665 | INFO | scripts.Utilities.optimization_manager | ==============================
2025-09-25 13:17:58,667 | INFO | scripts.Utilities.optimization_manager | [OK] memory_efficient_imports: enabled
2025-09-25 13:17:58,668 | INFO | scripts.Utilities.optimization_manager | [OK] streaming_excel_exports: enabled
2025-09-25 13:17:58,669 | INFO | scripts.Utilities.optimization_manager | [OK] batch_database_operations: enabled
2025-09-25 13:17:58,669 | INFO | scripts.Utilities.optimization_manager | [OK] performance_monitoring: enabled
2025-09-25 13:17:58,670 | INFO | scripts.Utilities.optimization_manager | [OK] database_indexes: enabled
2025-09-25 13:17:58,670 | INFO | scripts.Utilities.optimization_manager | [OK] adaptive_chunk_sizing: enabled
2025-09-25 13:17:58,670 | INFO | scripts.Utilities.optimization_manager | 
Overall Status: All optimizations enabled
2025-09-25 13:17:58,671 | INFO | scripts.Utilities.performance_profiler | Memory snapshot 'app_start': RSS=72.6MB
2025-09-25 13:17:58,677 | INFO | scripts.Utilities.performance_profiler | === FWMIS PERFORMANCE REPORT ===
Generated: 2025-09-25 13:17:58

SYSTEM INFORMATION:
  CPU Cores: 12
  Total Memory: 7.6 GB
  Available Memory: 1.1 GB
  Memory Usage: 86.2%

PERFORMANCE RECOMMENDATIONS:
  1. Use streaming for large file imports
  2. Implement batch database operations
  3. Create appropriate database indexes
  4. Monitor memory usage during operations
  5. Use SQL aggregations instead of Python loops
  6. Consider PyPy for 2-7x speed improvements
2025-09-25 13:17:58,679 | ERROR | scripts.Utilities.performance_profiler | Error saving performance report: [Errno 2] No such file or directory: 'data/performance_report.txt'
2025-09-25 13:25:40,136 | INFO | root | Audit log saved successfully: lc_status_change
2025-09-25 13:39:39,869 | INFO | scripts.Utilities.optimization_manager | Optimization 'memory_efficient_imports': enabled
2025-09-25 13:39:39,871 | INFO | scripts.Utilities.optimization_manager | Optimization 'streaming_excel_exports': enabled
2025-09-25 13:39:39,872 | INFO | scripts.Utilities.optimization_manager | Optimization 'batch_database_operations': enabled
2025-09-25 13:39:39,872 | INFO | scripts.Utilities.optimization_manager | Optimization 'performance_monitoring': enabled
2025-09-25 13:39:39,872 | INFO | scripts.Utilities.optimization_manager | Optimization 'database_indexes': enabled
2025-09-25 13:39:39,873 | INFO | scripts.Utilities.optimization_manager | Optimization 'adaptive_chunk_sizing': enabled
2025-09-25 13:39:39,880 | INFO | scripts.Utilities.optimized_import_utils | Database optimizations applied successfully
2025-09-25 13:39:39,889 | INFO | scripts.Utilities.optimized_import_utils | Performance indexes created successfully
2025-09-25 13:39:39,894 | INFO | scripts.Utilities.optimization_manager | Database optimizations applied successfully
2025-09-25 13:39:39,894 | INFO | scripts.Utilities.optimization_manager | FWMIS Optimization Status:
2025-09-25 13:39:39,895 | INFO | scripts.Utilities.optimization_manager | ==============================
2025-09-25 13:39:39,895 | INFO | scripts.Utilities.optimization_manager | [OK] memory_efficient_imports: enabled
2025-09-25 13:39:39,896 | INFO | scripts.Utilities.optimization_manager | [OK] streaming_excel_exports: enabled
2025-09-25 13:39:39,896 | INFO | scripts.Utilities.optimization_manager | [OK] batch_database_operations: enabled
2025-09-25 13:39:39,897 | INFO | scripts.Utilities.optimization_manager | [OK] performance_monitoring: enabled
2025-09-25 13:39:39,897 | INFO | scripts.Utilities.optimization_manager | [OK] database_indexes: enabled
2025-09-25 13:39:39,898 | INFO | scripts.Utilities.optimization_manager | [OK] adaptive_chunk_sizing: enabled
2025-09-25 13:39:39,898 | INFO | scripts.Utilities.optimization_manager | 
Overall Status: All optimizations enabled
2025-09-25 13:39:39,899 | INFO | scripts.Utilities.performance_profiler | Memory snapshot 'app_start': RSS=72.9MB
2025-09-25 13:39:39,904 | INFO | scripts.Utilities.performance_profiler | === FWMIS PERFORMANCE REPORT ===
Generated: 2025-09-25 13:39:39

SYSTEM INFORMATION:
  CPU Cores: 12
  Total Memory: 7.6 GB
  Available Memory: 0.8 GB
  Memory Usage: 89.7%

PERFORMANCE RECOMMENDATIONS:
  1. Use streaming for large file imports
  2. Implement batch database operations
  3. Create appropriate database indexes
  4. Monitor memory usage during operations
  5. Use SQL aggregations instead of Python loops
  6. Consider PyPy for 2-7x speed improvements
2025-09-25 13:39:39,905 | ERROR | scripts.Utilities.performance_profiler | Error saving performance report: [Errno 2] No such file or directory: 'data/performance_report.txt'
2025-09-25 13:41:55,150 | INFO | scripts.Utilities.optimization_manager | Optimization 'memory_efficient_imports': enabled
2025-09-25 13:41:55,151 | INFO | scripts.Utilities.optimization_manager | Optimization 'streaming_excel_exports': enabled
2025-09-25 13:41:55,152 | INFO | scripts.Utilities.optimization_manager | Optimization 'batch_database_operations': enabled
2025-09-25 13:41:55,153 | INFO | scripts.Utilities.optimization_manager | Optimization 'performance_monitoring': enabled
2025-09-25 13:41:55,155 | INFO | scripts.Utilities.optimization_manager | Optimization 'database_indexes': enabled
2025-09-25 13:41:55,156 | INFO | scripts.Utilities.optimization_manager | Optimization 'adaptive_chunk_sizing': enabled
2025-09-25 13:41:55,162 | INFO | scripts.Utilities.optimized_import_utils | Database optimizations applied successfully
2025-09-25 13:41:55,173 | INFO | scripts.Utilities.optimized_import_utils | Performance indexes created successfully
2025-09-25 13:41:55,175 | INFO | scripts.Utilities.optimization_manager | Database optimizations applied successfully
2025-09-25 13:41:55,176 | INFO | scripts.Utilities.optimization_manager | FWMIS Optimization Status:
2025-09-25 13:41:55,177 | INFO | scripts.Utilities.optimization_manager | ==============================
2025-09-25 13:41:55,178 | INFO | scripts.Utilities.optimization_manager | [OK] memory_efficient_imports: enabled
2025-09-25 13:41:55,179 | INFO | scripts.Utilities.optimization_manager | [OK] streaming_excel_exports: enabled
2025-09-25 13:41:55,179 | INFO | scripts.Utilities.optimization_manager | [OK] batch_database_operations: enabled
2025-09-25 13:41:55,180 | INFO | scripts.Utilities.optimization_manager | [OK] performance_monitoring: enabled
2025-09-25 13:41:55,180 | INFO | scripts.Utilities.optimization_manager | [OK] database_indexes: enabled
2025-09-25 13:41:55,181 | INFO | scripts.Utilities.optimization_manager | [OK] adaptive_chunk_sizing: enabled
2025-09-25 13:41:55,182 | INFO | scripts.Utilities.optimization_manager | 
Overall Status: All optimizations enabled
2025-09-25 13:41:55,183 | INFO | scripts.Utilities.performance_profiler | Memory snapshot 'app_start': RSS=72.8MB
2025-09-25 13:41:55,190 | INFO | scripts.Utilities.performance_profiler | === FWMIS PERFORMANCE REPORT ===
Generated: 2025-09-25 13:41:55

SYSTEM INFORMATION:
  CPU Cores: 12
  Total Memory: 7.6 GB
  Available Memory: 0.7 GB
  Memory Usage: 90.4%

PERFORMANCE RECOMMENDATIONS:
  1. Use streaming for large file imports
  2. Implement batch database operations
  3. Create appropriate database indexes
  4. Monitor memory usage during operations
  5. Use SQL aggregations instead of Python loops
  6. Consider PyPy for 2-7x speed improvements
2025-09-25 13:41:55,191 | ERROR | scripts.Utilities.performance_profiler | Error saving performance report: [Errno 2] No such file or directory: 'data/performance_report.txt'
2025-09-25 13:43:50,699 | INFO | scripts.Utilities.optimization_manager | Optimization 'memory_efficient_imports': enabled
2025-09-25 13:43:50,700 | INFO | scripts.Utilities.optimization_manager | Optimization 'streaming_excel_exports': enabled
2025-09-25 13:43:50,702 | INFO | scripts.Utilities.optimization_manager | Optimization 'batch_database_operations': enabled
2025-09-25 13:43:50,704 | INFO | scripts.Utilities.optimization_manager | Optimization 'performance_monitoring': enabled
2025-09-25 13:43:50,705 | INFO | scripts.Utilities.optimization_manager | Optimization 'database_indexes': enabled
2025-09-25 13:43:50,706 | INFO | scripts.Utilities.optimization_manager | Optimization 'adaptive_chunk_sizing': enabled
2025-09-25 13:43:50,714 | INFO | scripts.Utilities.optimized_import_utils | Database optimizations applied successfully
2025-09-25 13:43:50,724 | INFO | scripts.Utilities.optimized_import_utils | Performance indexes created successfully
2025-09-25 13:43:50,729 | INFO | scripts.Utilities.optimization_manager | Database optimizations applied successfully
2025-09-25 13:43:50,731 | INFO | scripts.Utilities.optimization_manager | FWMIS Optimization Status:
2025-09-25 13:43:50,734 | INFO | scripts.Utilities.optimization_manager | ==============================
2025-09-25 13:43:50,734 | INFO | scripts.Utilities.optimization_manager | [OK] memory_efficient_imports: enabled
2025-09-25 13:43:50,735 | INFO | scripts.Utilities.optimization_manager | [OK] streaming_excel_exports: enabled
2025-09-25 13:43:50,736 | INFO | scripts.Utilities.optimization_manager | [OK] batch_database_operations: enabled
2025-09-25 13:43:50,736 | INFO | scripts.Utilities.optimization_manager | [OK] performance_monitoring: enabled
2025-09-25 13:43:50,737 | INFO | scripts.Utilities.optimization_manager | [OK] database_indexes: enabled
2025-09-25 13:43:50,738 | INFO | scripts.Utilities.optimization_manager | [OK] adaptive_chunk_sizing: enabled
2025-09-25 13:43:50,738 | INFO | scripts.Utilities.optimization_manager | 
Overall Status: All optimizations enabled
2025-09-25 13:43:50,739 | INFO | scripts.Utilities.performance_profiler | Memory snapshot 'app_start': RSS=72.5MB
2025-09-25 13:43:50,745 | INFO | scripts.Utilities.performance_profiler | === FWMIS PERFORMANCE REPORT ===
Generated: 2025-09-25 13:43:50

SYSTEM INFORMATION:
  CPU Cores: 12
  Total Memory: 7.6 GB
  Available Memory: 0.6 GB
  Memory Usage: 91.6%

PERFORMANCE RECOMMENDATIONS:
  1. Use streaming for large file imports
  2. Implement batch database operations
  3. Create appropriate database indexes
  4. Monitor memory usage during operations
  5. Use SQL aggregations instead of Python loops
  6. Consider PyPy for 2-7x speed improvements
2025-09-25 13:43:50,748 | ERROR | scripts.Utilities.performance_profiler | Error saving performance report: [Errno 2] No such file or directory: 'data/performance_report.txt'
2025-09-25 13:55:55,711 | INFO | scripts.Utilities.optimization_manager | Optimization 'memory_efficient_imports': enabled
2025-09-25 13:55:55,714 | INFO | scripts.Utilities.optimization_manager | Optimization 'streaming_excel_exports': enabled
2025-09-25 13:55:55,715 | INFO | scripts.Utilities.optimization_manager | Optimization 'batch_database_operations': enabled
2025-09-25 13:55:55,716 | INFO | scripts.Utilities.optimization_manager | Optimization 'performance_monitoring': enabled
2025-09-25 13:55:55,718 | INFO | scripts.Utilities.optimization_manager | Optimization 'database_indexes': enabled
2025-09-25 13:55:55,719 | INFO | scripts.Utilities.optimization_manager | Optimization 'adaptive_chunk_sizing': enabled
2025-09-25 13:55:55,725 | INFO | scripts.Utilities.optimized_import_utils | Database optimizations applied successfully
2025-09-25 13:55:55,736 | INFO | scripts.Utilities.optimized_import_utils | Performance indexes created successfully
2025-09-25 13:55:55,740 | INFO | scripts.Utilities.optimization_manager | Database optimizations applied successfully
2025-09-25 13:55:55,741 | INFO | scripts.Utilities.optimization_manager | FWMIS Optimization Status:
2025-09-25 13:55:55,741 | INFO | scripts.Utilities.optimization_manager | ==============================
2025-09-25 13:55:55,742 | INFO | scripts.Utilities.optimization_manager | [OK] memory_efficient_imports: enabled
2025-09-25 13:55:55,743 | INFO | scripts.Utilities.optimization_manager | [OK] streaming_excel_exports: enabled
2025-09-25 13:55:55,743 | INFO | scripts.Utilities.optimization_manager | [OK] batch_database_operations: enabled
2025-09-25 13:55:55,743 | INFO | scripts.Utilities.optimization_manager | [OK] performance_monitoring: enabled
2025-09-25 13:55:55,744 | INFO | scripts.Utilities.optimization_manager | [OK] database_indexes: enabled
2025-09-25 13:55:55,745 | INFO | scripts.Utilities.optimization_manager | [OK] adaptive_chunk_sizing: enabled
2025-09-25 13:55:55,745 | INFO | scripts.Utilities.optimization_manager | 
Overall Status: All optimizations enabled
2025-09-25 13:55:55,746 | INFO | scripts.Utilities.performance_profiler | Memory snapshot 'app_start': RSS=72.6MB
2025-09-25 13:55:55,756 | INFO | scripts.Utilities.performance_profiler | === FWMIS PERFORMANCE REPORT ===
Generated: 2025-09-25 13:55:55

SYSTEM INFORMATION:
  CPU Cores: 12
  Total Memory: 7.6 GB
  Available Memory: 1.4 GB
  Memory Usage: 81.6%

PERFORMANCE RECOMMENDATIONS:
  1. Use streaming for large file imports
  2. Implement batch database operations
  3. Create appropriate database indexes
  4. Monitor memory usage during operations
  5. Use SQL aggregations instead of Python loops
  6. Consider PyPy for 2-7x speed improvements
2025-09-25 13:55:55,756 | ERROR | scripts.Utilities.performance_profiler | Error saving performance report: [Errno 2] No such file or directory: 'data/performance_report.txt'
2025-09-25 14:00:44,588 | INFO | scripts.Utilities.optimization_manager | Optimization 'memory_efficient_imports': enabled
2025-09-25 14:00:44,589 | INFO | scripts.Utilities.optimization_manager | Optimization 'streaming_excel_exports': enabled
2025-09-25 14:00:44,591 | INFO | scripts.Utilities.optimization_manager | Optimization 'batch_database_operations': enabled
2025-09-25 14:00:44,591 | INFO | scripts.Utilities.optimization_manager | Optimization 'performance_monitoring': enabled
2025-09-25 14:00:44,594 | INFO | scripts.Utilities.optimization_manager | Optimization 'database_indexes': enabled
2025-09-25 14:00:44,594 | INFO | scripts.Utilities.optimization_manager | Optimization 'adaptive_chunk_sizing': enabled
2025-09-25 14:00:44,600 | INFO | scripts.Utilities.optimized_import_utils | Database optimizations applied successfully
2025-09-25 14:00:44,610 | INFO | scripts.Utilities.optimized_import_utils | Performance indexes created successfully
2025-09-25 14:00:44,612 | INFO | scripts.Utilities.optimization_manager | Database optimizations applied successfully
2025-09-25 14:00:44,612 | INFO | scripts.Utilities.optimization_manager | FWMIS Optimization Status:
2025-09-25 14:00:44,613 | INFO | scripts.Utilities.optimization_manager | ==============================
2025-09-25 14:00:44,613 | INFO | scripts.Utilities.optimization_manager | [OK] memory_efficient_imports: enabled
2025-09-25 14:00:44,614 | INFO | scripts.Utilities.optimization_manager | [OK] streaming_excel_exports: enabled
2025-09-25 14:00:44,615 | INFO | scripts.Utilities.optimization_manager | [OK] batch_database_operations: enabled
2025-09-25 14:00:44,615 | INFO | scripts.Utilities.optimization_manager | [OK] performance_monitoring: enabled
2025-09-25 14:00:44,616 | INFO | scripts.Utilities.optimization_manager | [OK] database_indexes: enabled
2025-09-25 14:00:44,616 | INFO | scripts.Utilities.optimization_manager | [OK] adaptive_chunk_sizing: enabled
2025-09-25 14:00:44,616 | INFO | scripts.Utilities.optimization_manager | 
Overall Status: All optimizations enabled
2025-09-25 14:00:44,617 | INFO | scripts.Utilities.performance_profiler | Memory snapshot 'app_start': RSS=72.4MB
2025-09-25 14:00:44,623 | INFO | scripts.Utilities.performance_profiler | === FWMIS PERFORMANCE REPORT ===
Generated: 2025-09-25 14:00:44

SYSTEM INFORMATION:
  CPU Cores: 12
  Total Memory: 7.6 GB
  Available Memory: 1.4 GB
  Memory Usage: 82.1%

PERFORMANCE RECOMMENDATIONS:
  1. Use streaming for large file imports
  2. Implement batch database operations
  3. Create appropriate database indexes
  4. Monitor memory usage during operations
  5. Use SQL aggregations instead of Python loops
  6. Consider PyPy for 2-7x speed improvements
2025-09-25 14:00:44,624 | ERROR | scripts.Utilities.performance_profiler | Error saving performance report: [Errno 2] No such file or directory: 'data/performance_report.txt'
2025-09-25 14:01:05,722 | INFO | root | Audit log saved successfully: edit_case
2025-09-25 14:01:05,742 | INFO | root | Audit log saved successfully: assessment_status_change
2025-09-25 14:17:19,108 | INFO | scripts.Utilities.optimization_manager | Optimization 'memory_efficient_imports': enabled
2025-09-25 14:17:19,109 | INFO | scripts.Utilities.optimization_manager | Optimization 'streaming_excel_exports': enabled
2025-09-25 14:17:19,110 | INFO | scripts.Utilities.optimization_manager | Optimization 'batch_database_operations': enabled
2025-09-25 14:17:19,111 | INFO | scripts.Utilities.optimization_manager | Optimization 'performance_monitoring': enabled
2025-09-25 14:17:19,113 | INFO | scripts.Utilities.optimization_manager | Optimization 'database_indexes': enabled
2025-09-25 14:17:19,114 | INFO | scripts.Utilities.optimization_manager | Optimization 'adaptive_chunk_sizing': enabled
2025-09-25 14:17:19,123 | INFO | scripts.Utilities.optimized_import_utils | Database optimizations applied successfully
2025-09-25 14:17:19,132 | INFO | scripts.Utilities.optimized_import_utils | Performance indexes created successfully
2025-09-25 14:17:19,136 | INFO | scripts.Utilities.optimization_manager | Database optimizations applied successfully
2025-09-25 14:17:19,137 | INFO | scripts.Utilities.optimization_manager | FWMIS Optimization Status:
2025-09-25 14:17:19,138 | INFO | scripts.Utilities.optimization_manager | ==============================
2025-09-25 14:17:19,138 | INFO | scripts.Utilities.optimization_manager | [OK] memory_efficient_imports: enabled
2025-09-25 14:17:19,139 | INFO | scripts.Utilities.optimization_manager | [OK] streaming_excel_exports: enabled
2025-09-25 14:17:19,139 | INFO | scripts.Utilities.optimization_manager | [OK] batch_database_operations: enabled
2025-09-25 14:17:19,140 | INFO | scripts.Utilities.optimization_manager | [OK] performance_monitoring: enabled
2025-09-25 14:17:19,141 | INFO | scripts.Utilities.optimization_manager | [OK] database_indexes: enabled
2025-09-25 14:17:19,141 | INFO | scripts.Utilities.optimization_manager | [OK] adaptive_chunk_sizing: enabled
2025-09-25 14:17:19,142 | INFO | scripts.Utilities.optimization_manager | 
Overall Status: All optimizations enabled
2025-09-25 14:17:19,142 | INFO | scripts.Utilities.performance_profiler | Memory snapshot 'app_start': RSS=72.8MB
2025-09-25 14:17:19,149 | INFO | scripts.Utilities.performance_profiler | === FWMIS PERFORMANCE REPORT ===
Generated: 2025-09-25 14:17:19

SYSTEM INFORMATION:
  CPU Cores: 12
  Total Memory: 7.6 GB
  Available Memory: 1.3 GB
  Memory Usage: 82.7%

PERFORMANCE RECOMMENDATIONS:
  1. Use streaming for large file imports
  2. Implement batch database operations
  3. Create appropriate database indexes
  4. Monitor memory usage during operations
  5. Use SQL aggregations instead of Python loops
  6. Consider PyPy for 2-7x speed improvements
2025-09-25 14:17:19,150 | ERROR | scripts.Utilities.performance_profiler | Error saving performance report: [Errno 2] No such file or directory: 'data/performance_report.txt'
2025-09-25 14:17:51,772 | INFO | root | Audit log saved successfully: edit_case
2025-09-25 14:17:51,794 | INFO | root | Audit log saved successfully: assessment_status_change
2025-09-25 14:17:51,815 | INFO | root | Audit log saved successfully: lc_status_change
2025-09-25 14:33:25,357 | INFO | scripts.Utilities.optimization_manager | Optimization 'memory_efficient_imports': enabled
2025-09-25 14:33:25,358 | INFO | scripts.Utilities.optimization_manager | Optimization 'streaming_excel_exports': enabled
2025-09-25 14:33:25,359 | INFO | scripts.Utilities.optimization_manager | Optimization 'batch_database_operations': enabled
2025-09-25 14:33:25,359 | INFO | scripts.Utilities.optimization_manager | Optimization 'performance_monitoring': enabled
2025-09-25 14:33:25,360 | INFO | scripts.Utilities.optimization_manager | Optimization 'database_indexes': enabled
2025-09-25 14:33:25,360 | INFO | scripts.Utilities.optimization_manager | Optimization 'adaptive_chunk_sizing': enabled
2025-09-25 14:33:25,369 | INFO | scripts.Utilities.optimized_import_utils | Database optimizations applied successfully
2025-09-25 14:33:25,379 | INFO | scripts.Utilities.optimized_import_utils | Performance indexes created successfully
2025-09-25 14:33:25,383 | INFO | scripts.Utilities.optimization_manager | Database optimizations applied successfully
2025-09-25 14:33:25,385 | INFO | scripts.Utilities.optimization_manager | FWMIS Optimization Status:
2025-09-25 14:33:25,386 | INFO | scripts.Utilities.optimization_manager | ==============================
2025-09-25 14:33:25,387 | INFO | scripts.Utilities.optimization_manager | [OK] memory_efficient_imports: enabled
2025-09-25 14:33:25,388 | INFO | scripts.Utilities.optimization_manager | [OK] streaming_excel_exports: enabled
2025-09-25 14:33:25,389 | INFO | scripts.Utilities.optimization_manager | [OK] batch_database_operations: enabled
2025-09-25 14:33:25,390 | INFO | scripts.Utilities.optimization_manager | [OK] performance_monitoring: enabled
2025-09-25 14:33:25,391 | INFO | scripts.Utilities.optimization_manager | [OK] database_indexes: enabled
2025-09-25 14:33:25,392 | INFO | scripts.Utilities.optimization_manager | [OK] adaptive_chunk_sizing: enabled
2025-09-25 14:33:25,392 | INFO | scripts.Utilities.optimization_manager | 
Overall Status: All optimizations enabled
2025-09-25 14:33:25,394 | INFO | scripts.Utilities.performance_profiler | Memory snapshot 'app_start': RSS=73.2MB
2025-09-25 14:33:25,408 | INFO | scripts.Utilities.performance_profiler | === FWMIS PERFORMANCE REPORT ===
Generated: 2025-09-25 14:33:25

SYSTEM INFORMATION:
  CPU Cores: 12
  Total Memory: 7.6 GB
  Available Memory: 1.1 GB
  Memory Usage: 86.2%

PERFORMANCE RECOMMENDATIONS:
  1. Use streaming for large file imports
  2. Implement batch database operations
  3. Create appropriate database indexes
  4. Monitor memory usage during operations
  5. Use SQL aggregations instead of Python loops
  6. Consider PyPy for 2-7x speed improvements
2025-09-25 14:33:25,410 | ERROR | scripts.Utilities.performance_profiler | Error saving performance report: [Errno 2] No such file or directory: 'data/performance_report.txt'
2025-09-25 14:35:00,074 | INFO | root | Audit log saved successfully: edit_case
2025-09-25 14:35:00,137 | INFO | root | Audit log saved successfully: assessment_status_change
2025-09-25 14:35:00,188 | INFO | root | Audit log saved successfully: lc_status_change
2025-09-25 14:41:53,434 | INFO | root | Audit log saved successfully: edit_case
2025-09-25 14:41:53,503 | INFO | root | Audit log saved successfully: assessment_status_change
2025-09-25 14:41:53,553 | INFO | root | Audit log saved successfully: lc_status_change
2025-09-25 14:42:13,933 | INFO | root | Audit log saved successfully: edit_case
2025-09-25 14:42:14,002 | INFO | root | Audit log saved successfully: assessment_status_change
2025-09-25 14:42:41,731 | INFO | root | Audit log saved successfully: edit_case
2025-09-25 14:42:41,772 | INFO | root | Audit log saved successfully: assessment_status_change
2025-09-25 14:42:41,825 | INFO | root | Audit log saved successfully: lc_status_change
2025-09-25 14:43:06,398 | INFO | root | Audit log saved successfully: edit_case
2025-09-25 14:43:06,448 | INFO | root | Audit log saved successfully: assessment_status_change
2025-09-25 14:43:06,488 | INFO | root | Audit log saved successfully: lc_status_change
2025-09-25 14:43:38,805 | INFO | root | Audit log saved successfully: edit_case
2025-09-25 14:43:38,856 | INFO | root | Audit log saved successfully: assessment_status_change
2025-09-25 14:43:38,886 | INFO | root | Audit log saved successfully: lc_status_change
2025-09-25 15:15:11,978 | INFO | scripts.Utilities.optimization_manager | Optimization 'memory_efficient_imports': enabled
2025-09-25 15:15:11,981 | INFO | scripts.Utilities.optimization_manager | Optimization 'streaming_excel_exports': enabled
2025-09-25 15:15:11,982 | INFO | scripts.Utilities.optimization_manager | Optimization 'batch_database_operations': enabled
2025-09-25 15:15:11,984 | INFO | scripts.Utilities.optimization_manager | Optimization 'performance_monitoring': enabled
2025-09-25 15:15:11,986 | INFO | scripts.Utilities.optimization_manager | Optimization 'database_indexes': enabled
2025-09-25 15:15:11,986 | INFO | scripts.Utilities.optimization_manager | Optimization 'adaptive_chunk_sizing': enabled
2025-09-25 15:15:11,993 | INFO | scripts.Utilities.optimized_import_utils | Database optimizations applied successfully
2025-09-25 15:15:12,003 | INFO | scripts.Utilities.optimized_import_utils | Performance indexes created successfully
2025-09-25 15:15:12,006 | INFO | scripts.Utilities.optimization_manager | Database optimizations applied successfully
2025-09-25 15:15:12,007 | INFO | scripts.Utilities.optimization_manager | FWMIS Optimization Status:
2025-09-25 15:15:12,008 | INFO | scripts.Utilities.optimization_manager | ==============================
2025-09-25 15:15:12,009 | INFO | scripts.Utilities.optimization_manager | [OK] memory_efficient_imports: enabled
2025-09-25 15:15:12,010 | INFO | scripts.Utilities.optimization_manager | [OK] streaming_excel_exports: enabled
2025-09-25 15:15:12,011 | INFO | scripts.Utilities.optimization_manager | [OK] batch_database_operations: enabled
2025-09-25 15:15:12,012 | INFO | scripts.Utilities.optimization_manager | [OK] performance_monitoring: enabled
2025-09-25 15:15:12,013 | INFO | scripts.Utilities.optimization_manager | [OK] database_indexes: enabled
2025-09-25 15:15:12,015 | INFO | scripts.Utilities.optimization_manager | [OK] adaptive_chunk_sizing: enabled
2025-09-25 15:15:12,015 | INFO | scripts.Utilities.optimization_manager | 
Overall Status: All optimizations enabled
2025-09-25 15:15:12,018 | INFO | scripts.Utilities.performance_profiler | Memory snapshot 'app_start': RSS=72.7MB
2025-09-25 15:15:12,023 | INFO | scripts.Utilities.performance_profiler | === FWMIS PERFORMANCE REPORT ===
Generated: 2025-09-25 15:15:12

SYSTEM INFORMATION:
  CPU Cores: 12
  Total Memory: 7.6 GB
  Available Memory: 1.4 GB
  Memory Usage: 81.8%

PERFORMANCE RECOMMENDATIONS:
  1. Use streaming for large file imports
  2. Implement batch database operations
  3. Create appropriate database indexes
  4. Monitor memory usage during operations
  5. Use SQL aggregations instead of Python loops
  6. Consider PyPy for 2-7x speed improvements
2025-09-25 15:15:12,024 | ERROR | scripts.Utilities.performance_profiler | Error saving performance report: [Errno 2] No such file or directory: 'data/performance_report.txt'
2025-09-25 15:15:42,296 | INFO | scripts.Utilities.optimization_manager | Optimization 'memory_efficient_imports': enabled
2025-09-25 15:15:42,297 | INFO | scripts.Utilities.optimization_manager | Optimization 'streaming_excel_exports': enabled
2025-09-25 15:15:42,299 | INFO | scripts.Utilities.optimization_manager | Optimization 'batch_database_operations': enabled
2025-09-25 15:15:42,301 | INFO | scripts.Utilities.optimization_manager | Optimization 'performance_monitoring': enabled
2025-09-25 15:15:42,302 | INFO | scripts.Utilities.optimization_manager | Optimization 'database_indexes': enabled
2025-09-25 15:15:42,303 | INFO | scripts.Utilities.optimization_manager | Optimization 'adaptive_chunk_sizing': enabled
2025-09-25 15:15:42,309 | INFO | scripts.Utilities.optimized_import_utils | Database optimizations applied successfully
2025-09-25 15:15:42,321 | INFO | scripts.Utilities.optimized_import_utils | Performance indexes created successfully
2025-09-25 15:15:42,323 | INFO | scripts.Utilities.optimization_manager | Database optimizations applied successfully
2025-09-25 15:15:42,324 | INFO | scripts.Utilities.optimization_manager | FWMIS Optimization Status:
2025-09-25 15:15:42,325 | INFO | scripts.Utilities.optimization_manager | ==============================
2025-09-25 15:15:42,325 | INFO | scripts.Utilities.optimization_manager | [OK] memory_efficient_imports: enabled
2025-09-25 15:15:42,326 | INFO | scripts.Utilities.optimization_manager | [OK] streaming_excel_exports: enabled
2025-09-25 15:15:42,326 | INFO | scripts.Utilities.optimization_manager | [OK] batch_database_operations: enabled
2025-09-25 15:15:42,329 | INFO | scripts.Utilities.optimization_manager | [OK] performance_monitoring: enabled
2025-09-25 15:15:42,331 | INFO | scripts.Utilities.optimization_manager | [OK] database_indexes: enabled
2025-09-25 15:15:42,332 | INFO | scripts.Utilities.optimization_manager | [OK] adaptive_chunk_sizing: enabled
2025-09-25 15:15:42,333 | INFO | scripts.Utilities.optimization_manager | 
Overall Status: All optimizations enabled
2025-09-25 15:15:42,336 | INFO | scripts.Utilities.performance_profiler | Memory snapshot 'app_start': RSS=72.8MB
2025-09-25 15:15:42,340 | INFO | scripts.Utilities.performance_profiler | === FWMIS PERFORMANCE REPORT ===
Generated: 2025-09-25 15:15:42

SYSTEM INFORMATION:
  CPU Cores: 12
  Total Memory: 7.6 GB
  Available Memory: 1.1 GB
  Memory Usage: 85.1%

PERFORMANCE RECOMMENDATIONS:
  1. Use streaming for large file imports
  2. Implement batch database operations
  3. Create appropriate database indexes
  4. Monitor memory usage during operations
  5. Use SQL aggregations instead of Python loops
  6. Consider PyPy for 2-7x speed improvements
2025-09-25 15:15:42,342 | ERROR | scripts.Utilities.performance_profiler | Error saving performance report: [Errno 2] No such file or directory: 'data/performance_report.txt'
2025-09-25 15:17:38,200 | INFO | scripts.Utilities.optimization_manager | Optimization 'memory_efficient_imports': enabled
2025-09-25 15:17:38,202 | INFO | scripts.Utilities.optimization_manager | Optimization 'streaming_excel_exports': enabled
2025-09-25 15:17:38,202 | INFO | scripts.Utilities.optimization_manager | Optimization 'batch_database_operations': enabled
2025-09-25 15:17:38,202 | INFO | scripts.Utilities.optimization_manager | Optimization 'performance_monitoring': enabled
2025-09-25 15:17:38,203 | INFO | scripts.Utilities.optimization_manager | Optimization 'database_indexes': enabled
2025-09-25 15:17:38,203 | INFO | scripts.Utilities.optimization_manager | Optimization 'adaptive_chunk_sizing': enabled
2025-09-25 15:17:38,208 | INFO | scripts.Utilities.optimized_import_utils | Database optimizations applied successfully
2025-09-25 15:17:38,217 | INFO | scripts.Utilities.optimized_import_utils | Performance indexes created successfully
2025-09-25 15:17:38,219 | INFO | scripts.Utilities.optimization_manager | Database optimizations applied successfully
2025-09-25 15:17:38,220 | INFO | scripts.Utilities.optimization_manager | FWMIS Optimization Status:
2025-09-25 15:17:38,220 | INFO | scripts.Utilities.optimization_manager | ==============================
2025-09-25 15:17:38,220 | INFO | scripts.Utilities.optimization_manager | [OK] memory_efficient_imports: enabled
2025-09-25 15:17:38,220 | INFO | scripts.Utilities.optimization_manager | [OK] streaming_excel_exports: enabled
2025-09-25 15:17:38,221 | INFO | scripts.Utilities.optimization_manager | [OK] batch_database_operations: enabled
2025-09-25 15:17:38,221 | INFO | scripts.Utilities.optimization_manager | [OK] performance_monitoring: enabled
2025-09-25 15:17:38,223 | INFO | scripts.Utilities.optimization_manager | [OK] database_indexes: enabled
2025-09-25 15:17:38,224 | INFO | scripts.Utilities.optimization_manager | [OK] adaptive_chunk_sizing: enabled
2025-09-25 15:17:38,227 | INFO | scripts.Utilities.optimization_manager | 
Overall Status: All optimizations enabled
2025-09-25 15:17:38,228 | INFO | scripts.Utilities.performance_profiler | Memory snapshot 'app_start': RSS=72.8MB
2025-09-25 15:17:38,232 | INFO | scripts.Utilities.performance_profiler | === FWMIS PERFORMANCE REPORT ===
Generated: 2025-09-25 15:17:38

SYSTEM INFORMATION:
  CPU Cores: 12
  Total Memory: 7.6 GB
  Available Memory: 1.3 GB
  Memory Usage: 82.9%

PERFORMANCE RECOMMENDATIONS:
  1. Use streaming for large file imports
  2. Implement batch database operations
  3. Create appropriate database indexes
  4. Monitor memory usage during operations
  5. Use SQL aggregations instead of Python loops
  6. Consider PyPy for 2-7x speed improvements
2025-09-25 15:17:38,233 | ERROR | scripts.Utilities.performance_profiler | Error saving performance report: [Errno 2] No such file or directory: 'data/performance_report.txt'
2025-09-25 15:17:59,325 | INFO | root | Audit log saved successfully: edit_case
2025-09-25 15:17:59,344 | INFO | root | Audit log saved successfully: assessment_status_change
2025-09-25 15:17:59,363 | INFO | root | Audit log saved successfully: lc_status_change
2025-09-25 15:38:39,659 | INFO | scripts.Utilities.optimization_manager | Optimization 'memory_efficient_imports': enabled
2025-09-25 15:38:39,661 | INFO | scripts.Utilities.optimization_manager | Optimization 'streaming_excel_exports': enabled
2025-09-25 15:38:39,662 | INFO | scripts.Utilities.optimization_manager | Optimization 'batch_database_operations': enabled
2025-09-25 15:38:39,662 | INFO | scripts.Utilities.optimization_manager | Optimization 'performance_monitoring': enabled
2025-09-25 15:38:39,663 | INFO | scripts.Utilities.optimization_manager | Optimization 'database_indexes': enabled
2025-09-25 15:38:39,664 | INFO | scripts.Utilities.optimization_manager | Optimization 'adaptive_chunk_sizing': enabled
2025-09-25 15:38:39,670 | INFO | scripts.Utilities.optimized_import_utils | Database optimizations applied successfully
2025-09-25 15:38:39,680 | INFO | scripts.Utilities.optimized_import_utils | Performance indexes created successfully
2025-09-25 15:38:39,684 | INFO | scripts.Utilities.optimization_manager | Database optimizations applied successfully
2025-09-25 15:38:39,685 | INFO | scripts.Utilities.optimization_manager | FWMIS Optimization Status:
2025-09-25 15:38:39,686 | INFO | scripts.Utilities.optimization_manager | ==============================
2025-09-25 15:38:39,686 | INFO | scripts.Utilities.optimization_manager | [OK] memory_efficient_imports: enabled
2025-09-25 15:38:39,687 | INFO | scripts.Utilities.optimization_manager | [OK] streaming_excel_exports: enabled
2025-09-25 15:38:39,688 | INFO | scripts.Utilities.optimization_manager | [OK] batch_database_operations: enabled
2025-09-25 15:38:39,689 | INFO | scripts.Utilities.optimization_manager | [OK] performance_monitoring: enabled
2025-09-25 15:38:39,689 | INFO | scripts.Utilities.optimization_manager | [OK] database_indexes: enabled
2025-09-25 15:38:39,690 | INFO | scripts.Utilities.optimization_manager | [OK] adaptive_chunk_sizing: enabled
2025-09-25 15:38:39,691 | INFO | scripts.Utilities.optimization_manager | 
Overall Status: All optimizations enabled
2025-09-25 15:38:39,692 | INFO | scripts.Utilities.performance_profiler | Memory snapshot 'app_start': RSS=73.2MB
2025-09-25 15:38:39,699 | INFO | scripts.Utilities.performance_profiler | === FWMIS PERFORMANCE REPORT ===
Generated: 2025-09-25 15:38:39

SYSTEM INFORMATION:
  CPU Cores: 12
  Total Memory: 7.6 GB
  Available Memory: 1.0 GB
  Memory Usage: 86.3%

PERFORMANCE RECOMMENDATIONS:
  1. Use streaming for large file imports
  2. Implement batch database operations
  3. Create appropriate database indexes
  4. Monitor memory usage during operations
  5. Use SQL aggregations instead of Python loops
  6. Consider PyPy for 2-7x speed improvements
2025-09-25 15:38:39,701 | ERROR | scripts.Utilities.performance_profiler | Error saving performance report: [Errno 2] No such file or directory: 'data/performance_report.txt'
2025-09-25 15:57:02,077 | INFO | scripts.Utilities.optimization_manager | Optimization 'memory_efficient_imports': enabled
2025-09-25 15:57:02,079 | INFO | scripts.Utilities.optimization_manager | Optimization 'streaming_excel_exports': enabled
2025-09-25 15:57:02,080 | INFO | scripts.Utilities.optimization_manager | Optimization 'batch_database_operations': enabled
2025-09-25 15:57:02,080 | INFO | scripts.Utilities.optimization_manager | Optimization 'performance_monitoring': enabled
2025-09-25 15:57:02,081 | INFO | scripts.Utilities.optimization_manager | Optimization 'database_indexes': enabled
2025-09-25 15:57:02,081 | INFO | scripts.Utilities.optimization_manager | Optimization 'adaptive_chunk_sizing': enabled
2025-09-25 15:57:02,088 | INFO | scripts.Utilities.optimized_import_utils | Database optimizations applied successfully
2025-09-25 15:57:02,096 | INFO | scripts.Utilities.optimized_import_utils | Performance indexes created successfully
2025-09-25 15:57:02,099 | INFO | scripts.Utilities.optimization_manager | Database optimizations applied successfully
2025-09-25 15:57:02,100 | INFO | scripts.Utilities.optimization_manager | FWMIS Optimization Status:
2025-09-25 15:57:02,101 | INFO | scripts.Utilities.optimization_manager | ==============================
2025-09-25 15:57:02,102 | INFO | scripts.Utilities.optimization_manager | [OK] memory_efficient_imports: enabled
2025-09-25 15:57:02,103 | INFO | scripts.Utilities.optimization_manager | [OK] streaming_excel_exports: enabled
2025-09-25 15:57:02,104 | INFO | scripts.Utilities.optimization_manager | [OK] batch_database_operations: enabled
2025-09-25 15:57:02,105 | INFO | scripts.Utilities.optimization_manager | [OK] performance_monitoring: enabled
2025-09-25 15:57:02,105 | INFO | scripts.Utilities.optimization_manager | [OK] database_indexes: enabled
2025-09-25 15:57:02,107 | INFO | scripts.Utilities.optimization_manager | [OK] adaptive_chunk_sizing: enabled
2025-09-25 15:57:02,112 | INFO | scripts.Utilities.optimization_manager | 
Overall Status: All optimizations enabled
2025-09-25 15:57:02,116 | INFO | scripts.Utilities.performance_profiler | Memory snapshot 'app_start': RSS=72.9MB
2025-09-25 15:57:02,132 | INFO | scripts.Utilities.performance_profiler | === FWMIS PERFORMANCE REPORT ===
Generated: 2025-09-25 15:57:02

SYSTEM INFORMATION:
  CPU Cores: 12
  Total Memory: 7.6 GB
  Available Memory: 0.9 GB
  Memory Usage: 88.4%

PERFORMANCE RECOMMENDATIONS:
  1. Use streaming for large file imports
  2. Implement batch database operations
  3. Create appropriate database indexes
  4. Monitor memory usage during operations
  5. Use SQL aggregations instead of Python loops
  6. Consider PyPy for 2-7x speed improvements
2025-09-25 15:57:02,136 | ERROR | scripts.Utilities.performance_profiler | Error saving performance report: [Errno 2] No such file or directory: 'data/performance_report.txt'
2025-09-25 15:58:45,848 | INFO | scripts.Utilities.optimization_manager | Optimization 'memory_efficient_imports': enabled
2025-09-25 15:58:45,849 | INFO | scripts.Utilities.optimization_manager | Optimization 'streaming_excel_exports': enabled
2025-09-25 15:58:45,850 | INFO | scripts.Utilities.optimization_manager | Optimization 'batch_database_operations': enabled
2025-09-25 15:58:45,850 | INFO | scripts.Utilities.optimization_manager | Optimization 'performance_monitoring': enabled
2025-09-25 15:58:45,851 | INFO | scripts.Utilities.optimization_manager | Optimization 'database_indexes': enabled
2025-09-25 15:58:45,852 | INFO | scripts.Utilities.optimization_manager | Optimization 'adaptive_chunk_sizing': enabled
2025-09-25 15:58:45,858 | INFO | scripts.Utilities.optimized_import_utils | Database optimizations applied successfully
2025-09-25 15:58:45,868 | INFO | scripts.Utilities.optimized_import_utils | Performance indexes created successfully
2025-09-25 15:58:45,872 | INFO | scripts.Utilities.optimization_manager | Database optimizations applied successfully
2025-09-25 15:58:45,873 | INFO | scripts.Utilities.optimization_manager | FWMIS Optimization Status:
2025-09-25 15:58:45,875 | INFO | scripts.Utilities.optimization_manager | ==============================
2025-09-25 15:58:45,878 | INFO | scripts.Utilities.optimization_manager | [OK] memory_efficient_imports: enabled
2025-09-25 15:58:45,882 | INFO | scripts.Utilities.optimization_manager | [OK] streaming_excel_exports: enabled
2025-09-25 15:58:45,884 | INFO | scripts.Utilities.optimization_manager | [OK] batch_database_operations: enabled
2025-09-25 15:58:45,885 | INFO | scripts.Utilities.optimization_manager | [OK] performance_monitoring: enabled
2025-09-25 15:58:45,886 | INFO | scripts.Utilities.optimization_manager | [OK] database_indexes: enabled
2025-09-25 15:58:45,886 | INFO | scripts.Utilities.optimization_manager | [OK] adaptive_chunk_sizing: enabled
2025-09-25 15:58:45,887 | INFO | scripts.Utilities.optimization_manager | 
Overall Status: All optimizations enabled
2025-09-25 15:58:45,888 | INFO | scripts.Utilities.performance_profiler | Memory snapshot 'app_start': RSS=72.6MB
2025-09-25 15:58:45,905 | INFO | scripts.Utilities.performance_profiler | === FWMIS PERFORMANCE REPORT ===
Generated: 2025-09-25 15:58:45

SYSTEM INFORMATION:
  CPU Cores: 12
  Total Memory: 7.6 GB
  Available Memory: 0.9 GB
  Memory Usage: 88.8%

PERFORMANCE RECOMMENDATIONS:
  1. Use streaming for large file imports
  2. Implement batch database operations
  3. Create appropriate database indexes
  4. Monitor memory usage during operations
  5. Use SQL aggregations instead of Python loops
  6. Consider PyPy for 2-7x speed improvements
2025-09-25 15:58:45,907 | ERROR | scripts.Utilities.performance_profiler | Error saving performance report: [Errno 2] No such file or directory: 'data/performance_report.txt'
2025-09-25 16:23:50,414 | INFO | scripts.Utilities.optimization_manager | Optimization 'memory_efficient_imports': enabled
2025-09-25 16:23:50,415 | INFO | scripts.Utilities.optimization_manager | Optimization 'streaming_excel_exports': enabled
2025-09-25 16:23:50,416 | INFO | scripts.Utilities.optimization_manager | Optimization 'batch_database_operations': enabled
2025-09-25 16:23:50,417 | INFO | scripts.Utilities.optimization_manager | Optimization 'performance_monitoring': enabled
2025-09-25 16:23:50,418 | INFO | scripts.Utilities.optimization_manager | Optimization 'database_indexes': enabled
2025-09-25 16:23:50,418 | INFO | scripts.Utilities.optimization_manager | Optimization 'adaptive_chunk_sizing': enabled
2025-09-25 16:23:50,425 | INFO | scripts.Utilities.optimized_import_utils | Database optimizations applied successfully
2025-09-25 16:23:50,437 | INFO | scripts.Utilities.optimized_import_utils | Performance indexes created successfully
2025-09-25 16:23:50,442 | INFO | scripts.Utilities.optimization_manager | Database optimizations applied successfully
2025-09-25 16:23:50,447 | INFO | scripts.Utilities.optimization_manager | FWMIS Optimization Status:
2025-09-25 16:23:50,450 | INFO | scripts.Utilities.optimization_manager | ==============================
2025-09-25 16:23:50,452 | INFO | scripts.Utilities.optimization_manager | [OK] memory_efficient_imports: enabled
2025-09-25 16:23:50,452 | INFO | scripts.Utilities.optimization_manager | [OK] streaming_excel_exports: enabled
2025-09-25 16:23:50,453 | INFO | scripts.Utilities.optimization_manager | [OK] batch_database_operations: enabled
2025-09-25 16:23:50,453 | INFO | scripts.Utilities.optimization_manager | [OK] performance_monitoring: enabled
2025-09-25 16:23:50,454 | INFO | scripts.Utilities.optimization_manager | [OK] database_indexes: enabled
2025-09-25 16:23:50,454 | INFO | scripts.Utilities.optimization_manager | [OK] adaptive_chunk_sizing: enabled
2025-09-25 16:23:50,455 | INFO | scripts.Utilities.optimization_manager | 
Overall Status: All optimizations enabled
2025-09-25 16:23:50,456 | INFO | scripts.Utilities.performance_profiler | Memory snapshot 'app_start': RSS=73.1MB
2025-09-25 16:23:50,472 | INFO | scripts.Utilities.performance_profiler | === FWMIS PERFORMANCE REPORT ===
Generated: 2025-09-25 16:23:50

SYSTEM INFORMATION:
  CPU Cores: 12
  Total Memory: 7.6 GB
  Available Memory: 1.2 GB
  Memory Usage: 83.8%

PERFORMANCE RECOMMENDATIONS:
  1. Use streaming for large file imports
  2. Implement batch database operations
  3. Create appropriate database indexes
  4. Monitor memory usage during operations
  5. Use SQL aggregations instead of Python loops
  6. Consider PyPy for 2-7x speed improvements
2025-09-25 16:23:50,474 | ERROR | scripts.Utilities.performance_profiler | Error saving performance report: [Errno 2] No such file or directory: 'data/performance_report.txt'
2025-09-26 10:53:49,831 | INFO | scripts.Utilities.optimization_manager | Optimization 'memory_efficient_imports': enabled
2025-09-26 10:53:49,833 | INFO | scripts.Utilities.optimization_manager | Optimization 'streaming_excel_exports': enabled
2025-09-26 10:53:49,834 | INFO | scripts.Utilities.optimization_manager | Optimization 'batch_database_operations': enabled
2025-09-26 10:53:49,834 | INFO | scripts.Utilities.optimization_manager | Optimization 'performance_monitoring': enabled
2025-09-26 10:53:49,835 | INFO | scripts.Utilities.optimization_manager | Optimization 'database_indexes': enabled
2025-09-26 10:53:49,836 | INFO | scripts.Utilities.optimization_manager | Optimization 'adaptive_chunk_sizing': enabled
2025-09-26 10:53:49,842 | INFO | scripts.Utilities.optimized_import_utils | Database optimizations applied successfully
2025-09-26 10:53:49,855 | INFO | scripts.Utilities.optimized_import_utils | Performance indexes created successfully
2025-09-26 10:53:49,865 | INFO | scripts.Utilities.optimization_manager | Database optimizations applied successfully
2025-09-26 10:53:49,865 | INFO | scripts.Utilities.optimization_manager | FWMIS Optimization Status:
2025-09-26 10:53:49,866 | INFO | scripts.Utilities.optimization_manager | ==============================
2025-09-26 10:53:49,867 | INFO | scripts.Utilities.optimization_manager | [OK] memory_efficient_imports: enabled
2025-09-26 10:53:49,867 | INFO | scripts.Utilities.optimization_manager | [OK] streaming_excel_exports: enabled
2025-09-26 10:53:49,868 | INFO | scripts.Utilities.optimization_manager | [OK] batch_database_operations: enabled
2025-09-26 10:53:49,868 | INFO | scripts.Utilities.optimization_manager | [OK] performance_monitoring: enabled
2025-09-26 10:53:49,869 | INFO | scripts.Utilities.optimization_manager | [OK] database_indexes: enabled
2025-09-26 10:53:49,869 | INFO | scripts.Utilities.optimization_manager | [OK] adaptive_chunk_sizing: enabled
2025-09-26 10:53:49,870 | INFO | scripts.Utilities.optimization_manager | 
Overall Status: All optimizations enabled
2025-09-26 10:53:49,870 | INFO | scripts.Utilities.performance_profiler | Memory snapshot 'app_start': RSS=72.8MB
2025-09-26 10:53:49,876 | INFO | scripts.Utilities.performance_profiler | === FWMIS PERFORMANCE REPORT ===
Generated: 2025-09-26 10:53:49

SYSTEM INFORMATION:
  CPU Cores: 12
  Total Memory: 7.6 GB
  Available Memory: 0.5 GB
  Memory Usage: 94.0%

PERFORMANCE RECOMMENDATIONS:
  1. Use streaming for large file imports
  2. Implement batch database operations
  3. Create appropriate database indexes
  4. Monitor memory usage during operations
  5. Use SQL aggregations instead of Python loops
  6. Consider PyPy for 2-7x speed improvements
2025-09-26 10:53:49,878 | ERROR | scripts.Utilities.performance_profiler | Error saving performance report: [Errno 2] No such file or directory: 'data/performance_report.txt'
2025-09-26 13:40:47,505 | INFO | scripts.Utilities.optimization_manager | Optimization 'memory_efficient_imports': enabled
2025-09-26 13:40:47,507 | INFO | scripts.Utilities.optimization_manager | Optimization 'streaming_excel_exports': enabled
2025-09-26 13:40:47,507 | INFO | scripts.Utilities.optimization_manager | Optimization 'batch_database_operations': enabled
2025-09-26 13:40:47,508 | INFO | scripts.Utilities.optimization_manager | Optimization 'performance_monitoring': enabled
2025-09-26 13:40:47,508 | INFO | scripts.Utilities.optimization_manager | Optimization 'database_indexes': enabled
2025-09-26 13:40:47,508 | INFO | scripts.Utilities.optimization_manager | Optimization 'adaptive_chunk_sizing': enabled
2025-09-26 13:40:47,514 | INFO | scripts.Utilities.optimized_import_utils | Database optimizations applied successfully
2025-09-26 13:40:47,521 | INFO | scripts.Utilities.optimized_import_utils | Performance indexes created successfully
2025-09-26 13:40:47,524 | INFO | scripts.Utilities.optimization_manager | Database optimizations applied successfully
2025-09-26 13:40:47,525 | INFO | scripts.Utilities.optimization_manager | FWMIS Optimization Status:
2025-09-26 13:40:47,525 | INFO | scripts.Utilities.optimization_manager | ==============================
2025-09-26 13:40:47,525 | INFO | scripts.Utilities.optimization_manager | [OK] memory_efficient_imports: enabled
2025-09-26 13:40:47,525 | INFO | scripts.Utilities.optimization_manager | [OK] streaming_excel_exports: enabled
2025-09-26 13:40:47,526 | INFO | scripts.Utilities.optimization_manager | [OK] batch_database_operations: enabled
2025-09-26 13:40:47,526 | INFO | scripts.Utilities.optimization_manager | [OK] performance_monitoring: enabled
2025-09-26 13:40:47,526 | INFO | scripts.Utilities.optimization_manager | [OK] database_indexes: enabled
2025-09-26 13:40:47,527 | INFO | scripts.Utilities.optimization_manager | [OK] adaptive_chunk_sizing: enabled
2025-09-26 13:40:47,527 | INFO | scripts.Utilities.optimization_manager | 
Overall Status: All optimizations enabled
2025-09-26 13:40:47,528 | INFO | scripts.Utilities.performance_profiler | Memory snapshot 'app_start': RSS=73.3MB
2025-09-26 13:40:47,541 | INFO | scripts.Utilities.performance_profiler | === FWMIS PERFORMANCE REPORT ===
Generated: 2025-09-26 13:40:47

SYSTEM INFORMATION:
  CPU Cores: 12
  Total Memory: 7.6 GB
  Available Memory: 0.9 GB
  Memory Usage: 88.5%

PERFORMANCE RECOMMENDATIONS:
  1. Use streaming for large file imports
  2. Implement batch database operations
  3. Create appropriate database indexes
  4. Monitor memory usage during operations
  5. Use SQL aggregations instead of Python loops
  6. Consider PyPy for 2-7x speed improvements
2025-09-26 13:40:47,543 | ERROR | scripts.Utilities.performance_profiler | Error saving performance report: [Errno 2] No such file or directory: 'data/performance_report.txt'
2025-09-26 13:45:52,519 | INFO | scripts.Utilities.optimization_manager | Optimization 'memory_efficient_imports': enabled
2025-09-26 13:45:52,520 | INFO | scripts.Utilities.optimization_manager | Optimization 'streaming_excel_exports': enabled
2025-09-26 13:45:52,521 | INFO | scripts.Utilities.optimization_manager | Optimization 'batch_database_operations': enabled
2025-09-26 13:45:52,521 | INFO | scripts.Utilities.optimization_manager | Optimization 'performance_monitoring': enabled
2025-09-26 13:45:52,522 | INFO | scripts.Utilities.optimization_manager | Optimization 'database_indexes': enabled
2025-09-26 13:45:52,522 | INFO | scripts.Utilities.optimization_manager | Optimization 'adaptive_chunk_sizing': enabled
2025-09-26 13:45:52,532 | INFO | scripts.Utilities.optimized_import_utils | Database optimizations applied successfully
2025-09-26 13:45:52,544 | INFO | scripts.Utilities.optimized_import_utils | Performance indexes created successfully
2025-09-26 13:45:52,547 | INFO | scripts.Utilities.optimization_manager | Database optimizations applied successfully
2025-09-26 13:45:52,548 | INFO | scripts.Utilities.optimization_manager | FWMIS Optimization Status:
2025-09-26 13:45:52,548 | INFO | scripts.Utilities.optimization_manager | ==============================
2025-09-26 13:45:52,549 | INFO | scripts.Utilities.optimization_manager | [OK] memory_efficient_imports: enabled
2025-09-26 13:45:52,549 | INFO | scripts.Utilities.optimization_manager | [OK] streaming_excel_exports: enabled
2025-09-26 13:45:52,550 | INFO | scripts.Utilities.optimization_manager | [OK] batch_database_operations: enabled
2025-09-26 13:45:52,550 | INFO | scripts.Utilities.optimization_manager | [OK] performance_monitoring: enabled
2025-09-26 13:45:52,551 | INFO | scripts.Utilities.optimization_manager | [OK] database_indexes: enabled
2025-09-26 13:45:52,552 | INFO | scripts.Utilities.optimization_manager | [OK] adaptive_chunk_sizing: enabled
2025-09-26 13:45:52,553 | INFO | scripts.Utilities.optimization_manager | 
Overall Status: All optimizations enabled
2025-09-26 13:45:52,555 | INFO | scripts.Utilities.performance_profiler | Memory snapshot 'app_start': RSS=73.5MB
2025-09-26 13:45:52,605 | INFO | scripts.Utilities.performance_profiler | === FWMIS PERFORMANCE REPORT ===
Generated: 2025-09-26 13:45:52

SYSTEM INFORMATION:
  CPU Cores: 12
  Total Memory: 7.6 GB
  Available Memory: 0.5 GB
  Memory Usage: 93.9%

PERFORMANCE RECOMMENDATIONS:
  1. Use streaming for large file imports
  2. Implement batch database operations
  3. Create appropriate database indexes
  4. Monitor memory usage during operations
  5. Use SQL aggregations instead of Python loops
  6. Consider PyPy for 2-7x speed improvements
2025-09-26 13:45:52,611 | ERROR | scripts.Utilities.performance_profiler | Error saving performance report: [Errno 2] No such file or directory: 'data/performance_report.txt'
2025-09-26 13:53:35,171 | INFO | scripts.Utilities.optimization_manager | Optimization 'memory_efficient_imports': enabled
2025-09-26 13:53:35,172 | INFO | scripts.Utilities.optimization_manager | Optimization 'streaming_excel_exports': enabled
2025-09-26 13:53:35,173 | INFO | scripts.Utilities.optimization_manager | Optimization 'batch_database_operations': enabled
2025-09-26 13:53:35,173 | INFO | scripts.Utilities.optimization_manager | Optimization 'performance_monitoring': enabled
2025-09-26 13:53:35,173 | INFO | scripts.Utilities.optimization_manager | Optimization 'database_indexes': enabled
2025-09-26 13:53:35,173 | INFO | scripts.Utilities.optimization_manager | Optimization 'adaptive_chunk_sizing': enabled
2025-09-26 13:53:35,179 | INFO | scripts.Utilities.optimized_import_utils | Database optimizations applied successfully
2025-09-26 13:53:35,188 | INFO | scripts.Utilities.optimized_import_utils | Performance indexes created successfully
2025-09-26 13:53:35,190 | INFO | scripts.Utilities.optimization_manager | Database optimizations applied successfully
2025-09-26 13:53:35,191 | INFO | scripts.Utilities.optimization_manager | FWMIS Optimization Status:
2025-09-26 13:53:35,191 | INFO | scripts.Utilities.optimization_manager | ==============================
2025-09-26 13:53:35,191 | INFO | scripts.Utilities.optimization_manager | [OK] memory_efficient_imports: enabled
2025-09-26 13:53:35,192 | INFO | scripts.Utilities.optimization_manager | [OK] streaming_excel_exports: enabled
2025-09-26 13:53:35,192 | INFO | scripts.Utilities.optimization_manager | [OK] batch_database_operations: enabled
2025-09-26 13:53:35,192 | INFO | scripts.Utilities.optimization_manager | [OK] performance_monitoring: enabled
2025-09-26 13:53:35,192 | INFO | scripts.Utilities.optimization_manager | [OK] database_indexes: enabled
2025-09-26 13:53:35,193 | INFO | scripts.Utilities.optimization_manager | [OK] adaptive_chunk_sizing: enabled
2025-09-26 13:53:35,193 | INFO | scripts.Utilities.optimization_manager | 
Overall Status: All optimizations enabled
2025-09-26 13:53:35,193 | INFO | scripts.Utilities.performance_profiler | Memory snapshot 'app_start': RSS=73.3MB
2025-09-26 13:53:35,199 | INFO | scripts.Utilities.performance_profiler | === FWMIS PERFORMANCE REPORT ===
Generated: 2025-09-26 13:53:35

SYSTEM INFORMATION:
  CPU Cores: 12
  Total Memory: 7.6 GB
  Available Memory: 0.8 GB
  Memory Usage: 90.1%

PERFORMANCE RECOMMENDATIONS:
  1. Use streaming for large file imports
  2. Implement batch database operations
  3. Create appropriate database indexes
  4. Monitor memory usage during operations
  5. Use SQL aggregations instead of Python loops
  6. Consider PyPy for 2-7x speed improvements
2025-09-26 13:53:35,201 | ERROR | scripts.Utilities.performance_profiler | Error saving performance report: [Errno 2] No such file or directory: 'data/performance_report.txt'
2025-09-26 14:11:53,726 | INFO | scripts.Utilities.optimization_manager | Optimization 'memory_efficient_imports': enabled
2025-09-26 14:11:53,727 | INFO | scripts.Utilities.optimization_manager | Optimization 'streaming_excel_exports': enabled
2025-09-26 14:11:53,728 | INFO | scripts.Utilities.optimization_manager | Optimization 'batch_database_operations': enabled
2025-09-26 14:11:53,728 | INFO | scripts.Utilities.optimization_manager | Optimization 'performance_monitoring': enabled
2025-09-26 14:11:53,728 | INFO | scripts.Utilities.optimization_manager | Optimization 'database_indexes': enabled
2025-09-26 14:11:53,728 | INFO | scripts.Utilities.optimization_manager | Optimization 'adaptive_chunk_sizing': enabled
2025-09-26 14:11:53,734 | INFO | scripts.Utilities.optimized_import_utils | Database optimizations applied successfully
2025-09-26 14:11:53,740 | INFO | scripts.Utilities.optimized_import_utils | Performance indexes created successfully
2025-09-26 14:11:53,742 | INFO | scripts.Utilities.optimization_manager | Database optimizations applied successfully
2025-09-26 14:11:53,743 | INFO | scripts.Utilities.optimization_manager | FWMIS Optimization Status:
2025-09-26 14:11:53,743 | INFO | scripts.Utilities.optimization_manager | ==============================
2025-09-26 14:11:53,743 | INFO | scripts.Utilities.optimization_manager | [OK] memory_efficient_imports: enabled
2025-09-26 14:11:53,744 | INFO | scripts.Utilities.optimization_manager | [OK] streaming_excel_exports: enabled
2025-09-26 14:11:53,744 | INFO | scripts.Utilities.optimization_manager | [OK] batch_database_operations: enabled
2025-09-26 14:11:53,744 | INFO | scripts.Utilities.optimization_manager | [OK] performance_monitoring: enabled
2025-09-26 14:11:53,745 | INFO | scripts.Utilities.optimization_manager | [OK] database_indexes: enabled
2025-09-26 14:11:53,745 | INFO | scripts.Utilities.optimization_manager | [OK] adaptive_chunk_sizing: enabled
2025-09-26 14:11:53,745 | INFO | scripts.Utilities.optimization_manager | 
Overall Status: All optimizations enabled
2025-09-26 14:11:53,746 | INFO | scripts.Utilities.performance_profiler | Memory snapshot 'app_start': RSS=73.6MB
2025-09-26 14:11:53,756 | INFO | scripts.Utilities.performance_profiler | === FWMIS PERFORMANCE REPORT ===
Generated: 2025-09-26 14:11:53

SYSTEM INFORMATION:
  CPU Cores: 12
  Total Memory: 7.6 GB
  Available Memory: 0.7 GB
  Memory Usage: 90.7%

PERFORMANCE RECOMMENDATIONS:
  1. Use streaming for large file imports
  2. Implement batch database operations
  3. Create appropriate database indexes
  4. Monitor memory usage during operations
  5. Use SQL aggregations instead of Python loops
  6. Consider PyPy for 2-7x speed improvements
2025-09-26 14:11:53,759 | ERROR | scripts.Utilities.performance_profiler | Error saving performance report: [Errno 2] No such file or directory: 'data/performance_report.txt'
2025-09-26 14:30:49,682 | INFO | scripts.Utilities.optimization_manager | Optimization 'memory_efficient_imports': enabled
2025-09-26 14:30:49,683 | INFO | scripts.Utilities.optimization_manager | Optimization 'streaming_excel_exports': enabled
2025-09-26 14:30:49,684 | INFO | scripts.Utilities.optimization_manager | Optimization 'batch_database_operations': enabled
2025-09-26 14:30:49,684 | INFO | scripts.Utilities.optimization_manager | Optimization 'performance_monitoring': enabled
2025-09-26 14:30:49,684 | INFO | scripts.Utilities.optimization_manager | Optimization 'database_indexes': enabled
2025-09-26 14:30:49,684 | INFO | scripts.Utilities.optimization_manager | Optimization 'adaptive_chunk_sizing': enabled
2025-09-26 14:30:49,689 | INFO | scripts.Utilities.optimized_import_utils | Database optimizations applied successfully
2025-09-26 14:30:49,699 | INFO | scripts.Utilities.optimized_import_utils | Performance indexes created successfully
2025-09-26 14:30:49,710 | INFO | scripts.Utilities.optimization_manager | Database optimizations applied successfully
2025-09-26 14:30:49,710 | INFO | scripts.Utilities.optimization_manager | FWMIS Optimization Status:
2025-09-26 14:30:49,711 | INFO | scripts.Utilities.optimization_manager | ==============================
2025-09-26 14:30:49,711 | INFO | scripts.Utilities.optimization_manager | [OK] memory_efficient_imports: enabled
2025-09-26 14:30:49,711 | INFO | scripts.Utilities.optimization_manager | [OK] streaming_excel_exports: enabled
2025-09-26 14:30:49,712 | INFO | scripts.Utilities.optimization_manager | [OK] batch_database_operations: enabled
2025-09-26 14:30:49,712 | INFO | scripts.Utilities.optimization_manager | [OK] performance_monitoring: enabled
2025-09-26 14:30:49,712 | INFO | scripts.Utilities.optimization_manager | [OK] database_indexes: enabled
2025-09-26 14:30:49,713 | INFO | scripts.Utilities.optimization_manager | [OK] adaptive_chunk_sizing: enabled
2025-09-26 14:30:49,713 | INFO | scripts.Utilities.optimization_manager | 
Overall Status: All optimizations enabled
2025-09-26 14:30:49,713 | INFO | scripts.Utilities.performance_profiler | Memory snapshot 'app_start': RSS=73.3MB
2025-09-26 14:30:49,727 | INFO | scripts.Utilities.performance_profiler | === FWMIS PERFORMANCE REPORT ===
Generated: 2025-09-26 14:30:49

SYSTEM INFORMATION:
  CPU Cores: 12
  Total Memory: 7.6 GB
  Available Memory: 0.7 GB
  Memory Usage: 90.2%

PERFORMANCE RECOMMENDATIONS:
  1. Use streaming for large file imports
  2. Implement batch database operations
  3. Create appropriate database indexes
  4. Monitor memory usage during operations
  5. Use SQL aggregations instead of Python loops
  6. Consider PyPy for 2-7x speed improvements
2025-09-26 14:30:49,729 | ERROR | scripts.Utilities.performance_profiler | Error saving performance report: [Errno 2] No such file or directory: 'data/performance_report.txt'
2025-09-26 16:23:17,341 | INFO | scripts.Utilities.optimization_manager | Optimization 'memory_efficient_imports': enabled
2025-09-26 16:23:17,342 | INFO | scripts.Utilities.optimization_manager | Optimization 'streaming_excel_exports': enabled
2025-09-26 16:23:17,343 | INFO | scripts.Utilities.optimization_manager | Optimization 'batch_database_operations': enabled
2025-09-26 16:23:17,343 | INFO | scripts.Utilities.optimization_manager | Optimization 'performance_monitoring': enabled
2025-09-26 16:23:17,343 | INFO | scripts.Utilities.optimization_manager | Optimization 'database_indexes': enabled
2025-09-26 16:23:17,344 | INFO | scripts.Utilities.optimization_manager | Optimization 'adaptive_chunk_sizing': enabled
2025-09-26 16:23:17,350 | INFO | scripts.Utilities.optimized_import_utils | Database optimizations applied successfully
2025-09-26 16:23:17,361 | INFO | scripts.Utilities.optimized_import_utils | Performance indexes created successfully
2025-09-26 16:23:17,365 | INFO | scripts.Utilities.optimization_manager | Database optimizations applied successfully
2025-09-26 16:23:17,366 | INFO | scripts.Utilities.optimization_manager | FWMIS Optimization Status:
2025-09-26 16:23:17,366 | INFO | scripts.Utilities.optimization_manager | ==============================
2025-09-26 16:23:17,367 | INFO | scripts.Utilities.optimization_manager | [OK] memory_efficient_imports: enabled
2025-09-26 16:23:17,367 | INFO | scripts.Utilities.optimization_manager | [OK] streaming_excel_exports: enabled
2025-09-26 16:23:17,368 | INFO | scripts.Utilities.optimization_manager | [OK] batch_database_operations: enabled
2025-09-26 16:23:17,368 | INFO | scripts.Utilities.optimization_manager | [OK] performance_monitoring: enabled
2025-09-26 16:23:17,369 | INFO | scripts.Utilities.optimization_manager | [OK] database_indexes: enabled
2025-09-26 16:23:17,369 | INFO | scripts.Utilities.optimization_manager | [OK] adaptive_chunk_sizing: enabled
2025-09-26 16:23:17,370 | INFO | scripts.Utilities.optimization_manager | 
Overall Status: All optimizations enabled
2025-09-26 16:23:17,371 | INFO | scripts.Utilities.performance_profiler | Memory snapshot 'app_start': RSS=73.3MB
2025-09-26 16:23:17,388 | INFO | scripts.Utilities.performance_profiler | === FWMIS PERFORMANCE REPORT ===
Generated: 2025-09-26 16:23:17

SYSTEM INFORMATION:
  CPU Cores: 12
  Total Memory: 7.6 GB
  Available Memory: 0.7 GB
  Memory Usage: 91.1%

PERFORMANCE RECOMMENDATIONS:
  1. Use streaming for large file imports
  2. Implement batch database operations
  3. Create appropriate database indexes
  4. Monitor memory usage during operations
  5. Use SQL aggregations instead of Python loops
  6. Consider PyPy for 2-7x speed improvements
2025-09-26 16:23:17,390 | ERROR | scripts.Utilities.performance_profiler | Error saving performance report: [Errno 2] No such file or directory: 'data/performance_report.txt'
2025-09-26 16:30:13,303 | INFO | scripts.Utilities.optimization_manager | Optimization 'memory_efficient_imports': enabled
2025-09-26 16:30:13,304 | INFO | scripts.Utilities.optimization_manager | Optimization 'streaming_excel_exports': enabled
2025-09-26 16:30:13,305 | INFO | scripts.Utilities.optimization_manager | Optimization 'batch_database_operations': enabled
2025-09-26 16:30:13,305 | INFO | scripts.Utilities.optimization_manager | Optimization 'performance_monitoring': enabled
2025-09-26 16:30:13,306 | INFO | scripts.Utilities.optimization_manager | Optimization 'database_indexes': enabled
2025-09-26 16:30:13,306 | INFO | scripts.Utilities.optimization_manager | Optimization 'adaptive_chunk_sizing': enabled
2025-09-26 16:30:13,312 | INFO | scripts.Utilities.optimized_import_utils | Database optimizations applied successfully
2025-09-26 16:30:13,320 | INFO | scripts.Utilities.optimized_import_utils | Performance indexes created successfully
2025-09-26 16:30:13,323 | INFO | scripts.Utilities.optimization_manager | Database optimizations applied successfully
2025-09-26 16:30:13,324 | INFO | scripts.Utilities.optimization_manager | FWMIS Optimization Status:
2025-09-26 16:30:13,324 | INFO | scripts.Utilities.optimization_manager | ==============================
2025-09-26 16:30:13,324 | INFO | scripts.Utilities.optimization_manager | [OK] memory_efficient_imports: enabled
2025-09-26 16:30:13,325 | INFO | scripts.Utilities.optimization_manager | [OK] streaming_excel_exports: enabled
2025-09-26 16:30:13,325 | INFO | scripts.Utilities.optimization_manager | [OK] batch_database_operations: enabled
2025-09-26 16:30:13,326 | INFO | scripts.Utilities.optimization_manager | [OK] performance_monitoring: enabled
2025-09-26 16:30:13,326 | INFO | scripts.Utilities.optimization_manager | [OK] database_indexes: enabled
2025-09-26 16:30:13,327 | INFO | scripts.Utilities.optimization_manager | [OK] adaptive_chunk_sizing: enabled
2025-09-26 16:30:13,327 | INFO | scripts.Utilities.optimization_manager | 
Overall Status: All optimizations enabled
2025-09-26 16:30:13,328 | INFO | scripts.Utilities.performance_profiler | Memory snapshot 'app_start': RSS=73.6MB
2025-09-26 16:30:13,335 | INFO | scripts.Utilities.performance_profiler | === FWMIS PERFORMANCE REPORT ===
Generated: 2025-09-26 16:30:13

SYSTEM INFORMATION:
  CPU Cores: 12
  Total Memory: 7.6 GB
  Available Memory: 0.8 GB
  Memory Usage: 89.9%

PERFORMANCE RECOMMENDATIONS:
  1. Use streaming for large file imports
  2. Implement batch database operations
  3. Create appropriate database indexes
  4. Monitor memory usage during operations
  5. Use SQL aggregations instead of Python loops
  6. Consider PyPy for 2-7x speed improvements
2025-09-26 16:30:13,340 | ERROR | scripts.Utilities.performance_profiler | Error saving performance report: [Errno 2] No such file or directory: 'data/performance_report.txt'
2025-09-26 16:31:43,454 | INFO | scripts.Utilities.optimization_manager | Optimization 'memory_efficient_imports': enabled
2025-09-26 16:31:43,454 | INFO | scripts.Utilities.optimization_manager | Optimization 'streaming_excel_exports': enabled
2025-09-26 16:31:43,455 | INFO | scripts.Utilities.optimization_manager | Optimization 'batch_database_operations': enabled
2025-09-26 16:31:43,455 | INFO | scripts.Utilities.optimization_manager | Optimization 'performance_monitoring': enabled
2025-09-26 16:31:43,455 | INFO | scripts.Utilities.optimization_manager | Optimization 'database_indexes': enabled
2025-09-26 16:31:43,456 | INFO | scripts.Utilities.optimization_manager | Optimization 'adaptive_chunk_sizing': enabled
2025-09-26 16:31:43,465 | INFO | scripts.Utilities.optimized_import_utils | Database optimizations applied successfully
2025-09-26 16:31:43,472 | INFO | scripts.Utilities.optimized_import_utils | Performance indexes created successfully
2025-09-26 16:31:43,476 | INFO | scripts.Utilities.optimization_manager | Database optimizations applied successfully
2025-09-26 16:31:43,476 | INFO | scripts.Utilities.optimization_manager | FWMIS Optimization Status:
2025-09-26 16:31:43,476 | INFO | scripts.Utilities.optimization_manager | ==============================
2025-09-26 16:31:43,476 | INFO | scripts.Utilities.optimization_manager | [OK] memory_efficient_imports: enabled
2025-09-26 16:31:43,476 | INFO | scripts.Utilities.optimization_manager | [OK] streaming_excel_exports: enabled
2025-09-26 16:31:43,477 | INFO | scripts.Utilities.optimization_manager | [OK] batch_database_operations: enabled
2025-09-26 16:31:43,477 | INFO | scripts.Utilities.optimization_manager | [OK] performance_monitoring: enabled
2025-09-26 16:31:43,478 | INFO | scripts.Utilities.optimization_manager | [OK] database_indexes: enabled
2025-09-26 16:31:43,478 | INFO | scripts.Utilities.optimization_manager | [OK] adaptive_chunk_sizing: enabled
2025-09-26 16:31:43,479 | INFO | scripts.Utilities.optimization_manager | 
Overall Status: All optimizations enabled
2025-09-26 16:31:43,480 | INFO | scripts.Utilities.performance_profiler | Memory snapshot 'app_start': RSS=73.7MB
2025-09-26 16:31:43,486 | INFO | scripts.Utilities.performance_profiler | === FWMIS PERFORMANCE REPORT ===
Generated: 2025-09-26 16:31:43

SYSTEM INFORMATION:
  CPU Cores: 12
  Total Memory: 7.6 GB
  Available Memory: 0.8 GB
  Memory Usage: 90.0%

PERFORMANCE RECOMMENDATIONS:
  1. Use streaming for large file imports
  2. Implement batch database operations
  3. Create appropriate database indexes
  4. Monitor memory usage during operations
  5. Use SQL aggregations instead of Python loops
  6. Consider PyPy for 2-7x speed improvements
2025-09-26 16:31:43,488 | ERROR | scripts.Utilities.performance_profiler | Error saving performance report: [Errno 2] No such file or directory: 'data/performance_report.txt'
2025-09-26 16:38:39,884 | INFO | scripts.Utilities.optimization_manager | Optimization 'memory_efficient_imports': enabled
2025-09-26 16:38:39,885 | INFO | scripts.Utilities.optimization_manager | Optimization 'streaming_excel_exports': enabled
2025-09-26 16:38:39,885 | INFO | scripts.Utilities.optimization_manager | Optimization 'batch_database_operations': enabled
2025-09-26 16:38:39,886 | INFO | scripts.Utilities.optimization_manager | Optimization 'performance_monitoring': enabled
2025-09-26 16:38:39,886 | INFO | scripts.Utilities.optimization_manager | Optimization 'database_indexes': enabled
2025-09-26 16:38:39,887 | INFO | scripts.Utilities.optimization_manager | Optimization 'adaptive_chunk_sizing': enabled
2025-09-26 16:38:39,897 | INFO | scripts.Utilities.optimized_import_utils | Database optimizations applied successfully
2025-09-26 16:38:39,916 | INFO | scripts.Utilities.optimized_import_utils | Performance indexes created successfully
2025-09-26 16:38:39,929 | INFO | scripts.Utilities.optimization_manager | Database optimizations applied successfully
2025-09-26 16:38:39,930 | INFO | scripts.Utilities.optimization_manager | FWMIS Optimization Status:
2025-09-26 16:38:39,930 | INFO | scripts.Utilities.optimization_manager | ==============================
2025-09-26 16:38:39,931 | INFO | scripts.Utilities.optimization_manager | [OK] memory_efficient_imports: enabled
2025-09-26 16:38:39,931 | INFO | scripts.Utilities.optimization_manager | [OK] streaming_excel_exports: enabled
2025-09-26 16:38:39,932 | INFO | scripts.Utilities.optimization_manager | [OK] batch_database_operations: enabled
2025-09-26 16:38:39,933 | INFO | scripts.Utilities.optimization_manager | [OK] performance_monitoring: enabled
2025-09-26 16:38:39,933 | INFO | scripts.Utilities.optimization_manager | [OK] database_indexes: enabled
2025-09-26 16:38:39,934 | INFO | scripts.Utilities.optimization_manager | [OK] adaptive_chunk_sizing: enabled
2025-09-26 16:38:39,934 | INFO | scripts.Utilities.optimization_manager | 
Overall Status: All optimizations enabled
2025-09-26 16:38:39,936 | INFO | scripts.Utilities.performance_profiler | Memory snapshot 'app_start': RSS=73.7MB
2025-09-26 16:38:39,947 | INFO | scripts.Utilities.performance_profiler | === FWMIS PERFORMANCE REPORT ===
Generated: 2025-09-26 16:38:39

SYSTEM INFORMATION:
  CPU Cores: 12
  Total Memory: 7.6 GB
  Available Memory: 0.8 GB
  Memory Usage: 89.3%

PERFORMANCE RECOMMENDATIONS:
  1. Use streaming for large file imports
  2. Implement batch database operations
  3. Create appropriate database indexes
  4. Monitor memory usage during operations
  5. Use SQL aggregations instead of Python loops
  6. Consider PyPy for 2-7x speed improvements
2025-09-26 16:38:39,954 | ERROR | scripts.Utilities.performance_profiler | Error saving performance report: [Errno 2] No such file or directory: 'data/performance_report.txt'
2025-09-26 16:50:13,985 | INFO | scripts.Utilities.optimization_manager | Optimization 'memory_efficient_imports': enabled
2025-09-26 16:50:13,986 | INFO | scripts.Utilities.optimization_manager | Optimization 'streaming_excel_exports': enabled
2025-09-26 16:50:13,986 | INFO | scripts.Utilities.optimization_manager | Optimization 'batch_database_operations': enabled
2025-09-26 16:50:13,987 | INFO | scripts.Utilities.optimization_manager | Optimization 'performance_monitoring': enabled
2025-09-26 16:50:13,987 | INFO | scripts.Utilities.optimization_manager | Optimization 'database_indexes': enabled
2025-09-26 16:50:13,987 | INFO | scripts.Utilities.optimization_manager | Optimization 'adaptive_chunk_sizing': enabled
2025-09-26 16:50:13,996 | INFO | scripts.Utilities.optimized_import_utils | Database optimizations applied successfully
2025-09-26 16:50:14,010 | INFO | scripts.Utilities.optimized_import_utils | Performance indexes created successfully
2025-09-26 16:50:14,014 | INFO | scripts.Utilities.optimization_manager | Database optimizations applied successfully
2025-09-26 16:50:14,014 | INFO | scripts.Utilities.optimization_manager | FWMIS Optimization Status:
2025-09-26 16:50:14,015 | INFO | scripts.Utilities.optimization_manager | ==============================
2025-09-26 16:50:14,015 | INFO | scripts.Utilities.optimization_manager | [OK] memory_efficient_imports: enabled
2025-09-26 16:50:14,016 | INFO | scripts.Utilities.optimization_manager | [OK] streaming_excel_exports: enabled
2025-09-26 16:50:14,016 | INFO | scripts.Utilities.optimization_manager | [OK] batch_database_operations: enabled
2025-09-26 16:50:14,016 | INFO | scripts.Utilities.optimization_manager | [OK] performance_monitoring: enabled
2025-09-26 16:50:14,017 | INFO | scripts.Utilities.optimization_manager | [OK] database_indexes: enabled
2025-09-26 16:50:14,017 | INFO | scripts.Utilities.optimization_manager | [OK] adaptive_chunk_sizing: enabled
2025-09-26 16:50:14,017 | INFO | scripts.Utilities.optimization_manager | 
Overall Status: All optimizations enabled
2025-09-26 16:50:14,018 | INFO | scripts.Utilities.performance_profiler | Memory snapshot 'app_start': RSS=73.8MB
2025-09-26 16:50:14,024 | INFO | scripts.Utilities.performance_profiler | === FWMIS PERFORMANCE REPORT ===
Generated: 2025-09-26 16:50:14

SYSTEM INFORMATION:
  CPU Cores: 12
  Total Memory: 7.6 GB
  Available Memory: 0.9 GB
  Memory Usage: 88.5%

PERFORMANCE RECOMMENDATIONS:
  1. Use streaming for large file imports
  2. Implement batch database operations
  3. Create appropriate database indexes
  4. Monitor memory usage during operations
  5. Use SQL aggregations instead of Python loops
  6. Consider PyPy for 2-7x speed improvements
2025-09-26 16:50:14,026 | ERROR | scripts.Utilities.performance_profiler | Error saving performance report: [Errno 2] No such file or directory: 'data/performance_report.txt'
2025-09-26 17:00:37,593 | INFO | scripts.Utilities.optimization_manager | Optimization 'memory_efficient_imports': enabled
2025-09-26 17:00:37,594 | INFO | scripts.Utilities.optimization_manager | Optimization 'streaming_excel_exports': enabled
2025-09-26 17:00:37,594 | INFO | scripts.Utilities.optimization_manager | Optimization 'batch_database_operations': enabled
2025-09-26 17:00:37,595 | INFO | scripts.Utilities.optimization_manager | Optimization 'performance_monitoring': enabled
2025-09-26 17:00:37,595 | INFO | scripts.Utilities.optimization_manager | Optimization 'database_indexes': enabled
2025-09-26 17:00:37,595 | INFO | scripts.Utilities.optimization_manager | Optimization 'adaptive_chunk_sizing': enabled
2025-09-26 17:00:37,602 | INFO | scripts.Utilities.optimized_import_utils | Database optimizations applied successfully
2025-09-26 17:00:37,614 | INFO | scripts.Utilities.optimized_import_utils | Performance indexes created successfully
2025-09-26 17:00:37,619 | INFO | scripts.Utilities.optimization_manager | Database optimizations applied successfully
2025-09-26 17:00:37,621 | INFO | scripts.Utilities.optimization_manager | FWMIS Optimization Status:
2025-09-26 17:00:37,622 | INFO | scripts.Utilities.optimization_manager | ==============================
2025-09-26 17:00:37,623 | INFO | scripts.Utilities.optimization_manager | [OK] memory_efficient_imports: enabled
2025-09-26 17:00:37,624 | INFO | scripts.Utilities.optimization_manager | [OK] streaming_excel_exports: enabled
2025-09-26 17:00:37,625 | INFO | scripts.Utilities.optimization_manager | [OK] batch_database_operations: enabled
2025-09-26 17:00:37,625 | INFO | scripts.Utilities.optimization_manager | [OK] performance_monitoring: enabled
2025-09-26 17:00:37,625 | INFO | scripts.Utilities.optimization_manager | [OK] database_indexes: enabled
2025-09-26 17:00:37,626 | INFO | scripts.Utilities.optimization_manager | [OK] adaptive_chunk_sizing: enabled
2025-09-26 17:00:37,626 | INFO | scripts.Utilities.optimization_manager | 
Overall Status: All optimizations enabled
2025-09-26 17:00:37,628 | INFO | scripts.Utilities.performance_profiler | Memory snapshot 'app_start': RSS=73.9MB
2025-09-26 17:00:37,636 | INFO | scripts.Utilities.performance_profiler | === FWMIS PERFORMANCE REPORT ===
Generated: 2025-09-26 17:00:37

SYSTEM INFORMATION:
  CPU Cores: 12
  Total Memory: 7.6 GB
  Available Memory: 0.8 GB
  Memory Usage: 89.5%

PERFORMANCE RECOMMENDATIONS:
  1. Use streaming for large file imports
  2. Implement batch database operations
  3. Create appropriate database indexes
  4. Monitor memory usage during operations
  5. Use SQL aggregations instead of Python loops
  6. Consider PyPy for 2-7x speed improvements
2025-09-26 17:00:37,639 | ERROR | scripts.Utilities.performance_profiler | Error saving performance report: [Errno 2] No such file or directory: 'data/performance_report.txt'
2025-09-26 17:14:48,868 | INFO | scripts.Utilities.optimization_manager | Optimization 'memory_efficient_imports': enabled
2025-09-26 17:14:48,869 | INFO | scripts.Utilities.optimization_manager | Optimization 'streaming_excel_exports': enabled
2025-09-26 17:14:48,870 | INFO | scripts.Utilities.optimization_manager | Optimization 'batch_database_operations': enabled
2025-09-26 17:14:48,870 | INFO | scripts.Utilities.optimization_manager | Optimization 'performance_monitoring': enabled
2025-09-26 17:14:48,870 | INFO | scripts.Utilities.optimization_manager | Optimization 'database_indexes': enabled
2025-09-26 17:14:48,871 | INFO | scripts.Utilities.optimization_manager | Optimization 'adaptive_chunk_sizing': enabled
2025-09-26 17:14:48,878 | INFO | scripts.Utilities.optimized_import_utils | Database optimizations applied successfully
2025-09-26 17:14:48,890 | INFO | scripts.Utilities.optimized_import_utils | Performance indexes created successfully
2025-09-26 17:14:48,894 | INFO | scripts.Utilities.optimization_manager | Database optimizations applied successfully
2025-09-26 17:14:48,894 | INFO | scripts.Utilities.optimization_manager | FWMIS Optimization Status:
2025-09-26 17:14:48,895 | INFO | scripts.Utilities.optimization_manager | ==============================
2025-09-26 17:14:48,896 | INFO | scripts.Utilities.optimization_manager | [OK] memory_efficient_imports: enabled
2025-09-26 17:14:48,896 | INFO | scripts.Utilities.optimization_manager | [OK] streaming_excel_exports: enabled
2025-09-26 17:14:48,897 | INFO | scripts.Utilities.optimization_manager | [OK] batch_database_operations: enabled
2025-09-26 17:14:48,897 | INFO | scripts.Utilities.optimization_manager | [OK] performance_monitoring: enabled
2025-09-26 17:14:48,898 | INFO | scripts.Utilities.optimization_manager | [OK] database_indexes: enabled
2025-09-26 17:14:48,898 | INFO | scripts.Utilities.optimization_manager | [OK] adaptive_chunk_sizing: enabled
2025-09-26 17:14:48,899 | INFO | scripts.Utilities.optimization_manager | 
Overall Status: All optimizations enabled
2025-09-26 17:14:48,901 | INFO | scripts.Utilities.performance_profiler | Memory snapshot 'app_start': RSS=73.9MB
2025-09-26 17:14:48,917 | INFO | scripts.Utilities.performance_profiler | === FWMIS PERFORMANCE REPORT ===
Generated: 2025-09-26 17:14:48

SYSTEM INFORMATION:
  CPU Cores: 12
  Total Memory: 7.6 GB
  Available Memory: 0.5 GB
  Memory Usage: 93.5%

PERFORMANCE RECOMMENDATIONS:
  1. Use streaming for large file imports
  2. Implement batch database operations
  3. Create appropriate database indexes
  4. Monitor memory usage during operations
  5. Use SQL aggregations instead of Python loops
  6. Consider PyPy for 2-7x speed improvements
2025-09-26 17:14:48,921 | ERROR | scripts.Utilities.performance_profiler | Error saving performance report: [Errno 2] No such file or directory: 'data/performance_report.txt'
2025-09-26 17:18:24,981 | INFO | scripts.Utilities.optimization_manager | Optimization 'memory_efficient_imports': enabled
2025-09-26 17:18:24,982 | INFO | scripts.Utilities.optimization_manager | Optimization 'streaming_excel_exports': enabled
2025-09-26 17:18:24,982 | INFO | scripts.Utilities.optimization_manager | Optimization 'batch_database_operations': enabled
2025-09-26 17:18:24,982 | INFO | scripts.Utilities.optimization_manager | Optimization 'performance_monitoring': enabled
2025-09-26 17:18:24,982 | INFO | scripts.Utilities.optimization_manager | Optimization 'database_indexes': enabled
2025-09-26 17:18:24,983 | INFO | scripts.Utilities.optimization_manager | Optimization 'adaptive_chunk_sizing': enabled
2025-09-26 17:18:24,989 | INFO | scripts.Utilities.optimized_import_utils | Database optimizations applied successfully
2025-09-26 17:18:25,000 | INFO | scripts.Utilities.optimized_import_utils | Performance indexes created successfully
2025-09-26 17:18:25,005 | INFO | scripts.Utilities.optimization_manager | Database optimizations applied successfully
2025-09-26 17:18:25,006 | INFO | scripts.Utilities.optimization_manager | FWMIS Optimization Status:
2025-09-26 17:18:25,006 | INFO | scripts.Utilities.optimization_manager | ==============================
2025-09-26 17:18:25,006 | INFO | scripts.Utilities.optimization_manager | [OK] memory_efficient_imports: enabled
2025-09-26 17:18:25,007 | INFO | scripts.Utilities.optimization_manager | [OK] streaming_excel_exports: enabled
2025-09-26 17:18:25,009 | INFO | scripts.Utilities.optimization_manager | [OK] batch_database_operations: enabled
2025-09-26 17:18:25,010 | INFO | scripts.Utilities.optimization_manager | [OK] performance_monitoring: enabled
2025-09-26 17:18:25,012 | INFO | scripts.Utilities.optimization_manager | [OK] database_indexes: enabled
2025-09-26 17:18:25,012 | INFO | scripts.Utilities.optimization_manager | [OK] adaptive_chunk_sizing: enabled
2025-09-26 17:18:25,014 | INFO | scripts.Utilities.optimization_manager | 
Overall Status: All optimizations enabled
2025-09-26 17:18:25,016 | INFO | scripts.Utilities.performance_profiler | Memory snapshot 'app_start': RSS=73.8MB
2025-09-26 17:18:25,022 | INFO | scripts.Utilities.performance_profiler | === FWMIS PERFORMANCE REPORT ===
Generated: 2025-09-26 17:18:25

SYSTEM INFORMATION:
  CPU Cores: 12
  Total Memory: 7.6 GB
  Available Memory: 0.7 GB
  Memory Usage: 91.3%

PERFORMANCE RECOMMENDATIONS:
  1. Use streaming for large file imports
  2. Implement batch database operations
  3. Create appropriate database indexes
  4. Monitor memory usage during operations
  5. Use SQL aggregations instead of Python loops
  6. Consider PyPy for 2-7x speed improvements
2025-09-26 17:18:25,024 | ERROR | scripts.Utilities.performance_profiler | Error saving performance report: [Errno 2] No such file or directory: 'data/performance_report.txt'
2025-09-26 17:32:09,214 | INFO | scripts.Utilities.optimization_manager | Optimization 'memory_efficient_imports': enabled
2025-09-26 17:32:09,216 | INFO | scripts.Utilities.optimization_manager | Optimization 'streaming_excel_exports': enabled
2025-09-26 17:32:09,216 | INFO | scripts.Utilities.optimization_manager | Optimization 'batch_database_operations': enabled
2025-09-26 17:32:09,217 | INFO | scripts.Utilities.optimization_manager | Optimization 'performance_monitoring': enabled
2025-09-26 17:32:09,217 | INFO | scripts.Utilities.optimization_manager | Optimization 'database_indexes': enabled
2025-09-26 17:32:09,217 | INFO | scripts.Utilities.optimization_manager | Optimization 'adaptive_chunk_sizing': enabled
2025-09-26 17:32:09,224 | INFO | scripts.Utilities.optimized_import_utils | Database optimizations applied successfully
2025-09-26 17:32:09,240 | INFO | scripts.Utilities.optimized_import_utils | Performance indexes created successfully
2025-09-26 17:32:09,244 | INFO | scripts.Utilities.optimization_manager | Database optimizations applied successfully
2025-09-26 17:32:09,244 | INFO | scripts.Utilities.optimization_manager | FWMIS Optimization Status:
2025-09-26 17:32:09,245 | INFO | scripts.Utilities.optimization_manager | ==============================
2025-09-26 17:32:09,245 | INFO | scripts.Utilities.optimization_manager | [OK] memory_efficient_imports: enabled
2025-09-26 17:32:09,246 | INFO | scripts.Utilities.optimization_manager | [OK] streaming_excel_exports: enabled
2025-09-26 17:32:09,246 | INFO | scripts.Utilities.optimization_manager | [OK] batch_database_operations: enabled
2025-09-26 17:32:09,246 | INFO | scripts.Utilities.optimization_manager | [OK] performance_monitoring: enabled
2025-09-26 17:32:09,247 | INFO | scripts.Utilities.optimization_manager | [OK] database_indexes: enabled
2025-09-26 17:32:09,248 | INFO | scripts.Utilities.optimization_manager | [OK] adaptive_chunk_sizing: enabled
2025-09-26 17:32:09,249 | INFO | scripts.Utilities.optimization_manager | 
Overall Status: All optimizations enabled
2025-09-26 17:32:09,249 | INFO | scripts.Utilities.performance_profiler | Memory snapshot 'app_start': RSS=73.9MB
2025-09-26 17:32:09,289 | INFO | scripts.Utilities.performance_profiler | === FWMIS PERFORMANCE REPORT ===
Generated: 2025-09-26 17:32:09

SYSTEM INFORMATION:
  CPU Cores: 12
  Total Memory: 7.6 GB
  Available Memory: 0.5 GB
  Memory Usage: 93.0%

PERFORMANCE RECOMMENDATIONS:
  1. Use streaming for large file imports
  2. Implement batch database operations
  3. Create appropriate database indexes
  4. Monitor memory usage during operations
  5. Use SQL aggregations instead of Python loops
  6. Consider PyPy for 2-7x speed improvements
2025-09-26 17:32:09,291 | ERROR | scripts.Utilities.performance_profiler | Error saving performance report: [Errno 2] No such file or directory: 'data/performance_report.txt'
2025-09-26 17:37:20,654 | INFO | scripts.Utilities.optimization_manager | Optimization 'memory_efficient_imports': enabled
2025-09-26 17:37:20,654 | INFO | scripts.Utilities.optimization_manager | Optimization 'streaming_excel_exports': enabled
2025-09-26 17:37:20,657 | INFO | scripts.Utilities.optimization_manager | Optimization 'batch_database_operations': enabled
2025-09-26 17:37:20,657 | INFO | scripts.Utilities.optimization_manager | Optimization 'performance_monitoring': enabled
2025-09-26 17:37:20,657 | INFO | scripts.Utilities.optimization_manager | Optimization 'database_indexes': enabled
2025-09-26 17:37:20,657 | INFO | scripts.Utilities.optimization_manager | Optimization 'adaptive_chunk_sizing': enabled
2025-09-26 17:37:20,664 | INFO | scripts.Utilities.optimized_import_utils | Database optimizations applied successfully
2025-09-26 17:37:20,672 | INFO | scripts.Utilities.optimized_import_utils | Performance indexes created successfully
2025-09-26 17:37:20,675 | INFO | scripts.Utilities.optimization_manager | Database optimizations applied successfully
2025-09-26 17:37:20,681 | INFO | scripts.Utilities.optimization_manager | FWMIS Optimization Status:
2025-09-26 17:37:20,682 | INFO | scripts.Utilities.optimization_manager | ==============================
2025-09-26 17:37:20,682 | INFO | scripts.Utilities.optimization_manager | [OK] memory_efficient_imports: enabled
2025-09-26 17:37:20,683 | INFO | scripts.Utilities.optimization_manager | [OK] streaming_excel_exports: enabled
2025-09-26 17:37:20,683 | INFO | scripts.Utilities.optimization_manager | [OK] batch_database_operations: enabled
2025-09-26 17:37:20,684 | INFO | scripts.Utilities.optimization_manager | [OK] performance_monitoring: enabled
2025-09-26 17:37:20,684 | INFO | scripts.Utilities.optimization_manager | [OK] database_indexes: enabled
2025-09-26 17:37:20,685 | INFO | scripts.Utilities.optimization_manager | [OK] adaptive_chunk_sizing: enabled
2025-09-26 17:37:20,685 | INFO | scripts.Utilities.optimization_manager | 
Overall Status: All optimizations enabled
2025-09-26 17:37:20,686 | INFO | scripts.Utilities.performance_profiler | Memory snapshot 'app_start': RSS=73.5MB
2025-09-26 17:37:20,690 | INFO | scripts.Utilities.performance_profiler | === FWMIS PERFORMANCE REPORT ===
Generated: 2025-09-26 17:37:20

SYSTEM INFORMATION:
  CPU Cores: 12
  Total Memory: 7.6 GB
  Available Memory: 1.1 GB
  Memory Usage: 86.2%

PERFORMANCE RECOMMENDATIONS:
  1. Use streaming for large file imports
  2. Implement batch database operations
  3. Create appropriate database indexes
  4. Monitor memory usage during operations
  5. Use SQL aggregations instead of Python loops
  6. Consider PyPy for 2-7x speed improvements
2025-09-26 17:37:20,691 | ERROR | scripts.Utilities.performance_profiler | Error saving performance report: [Errno 2] No such file or directory: 'data/performance_report.txt'
2025-09-26 17:37:42,700 | INFO | scripts.Utilities.optimization_manager | Optimization 'memory_efficient_imports': enabled
2025-09-26 17:37:42,701 | INFO | scripts.Utilities.optimization_manager | Optimization 'streaming_excel_exports': enabled
2025-09-26 17:37:42,707 | INFO | scripts.Utilities.optimization_manager | Optimization 'batch_database_operations': enabled
2025-09-26 17:37:42,708 | INFO | scripts.Utilities.optimization_manager | Optimization 'performance_monitoring': enabled
2025-09-26 17:37:42,709 | INFO | scripts.Utilities.optimization_manager | Optimization 'database_indexes': enabled
2025-09-26 17:37:42,709 | INFO | scripts.Utilities.optimization_manager | Optimization 'adaptive_chunk_sizing': enabled
2025-09-26 17:37:42,716 | INFO | scripts.Utilities.optimized_import_utils | Database optimizations applied successfully
2025-09-26 17:37:42,728 | INFO | scripts.Utilities.optimized_import_utils | Performance indexes created successfully
2025-09-26 17:37:42,731 | INFO | scripts.Utilities.optimization_manager | Database optimizations applied successfully
2025-09-26 17:37:42,732 | INFO | scripts.Utilities.optimization_manager | FWMIS Optimization Status:
2025-09-26 17:37:42,732 | INFO | scripts.Utilities.optimization_manager | ==============================
2025-09-26 17:37:42,733 | INFO | scripts.Utilities.optimization_manager | [OK] memory_efficient_imports: enabled
2025-09-26 17:37:42,733 | INFO | scripts.Utilities.optimization_manager | [OK] streaming_excel_exports: enabled
2025-09-26 17:37:42,734 | INFO | scripts.Utilities.optimization_manager | [OK] batch_database_operations: enabled
2025-09-26 17:37:42,734 | INFO | scripts.Utilities.optimization_manager | [OK] performance_monitoring: enabled
2025-09-26 17:37:42,735 | INFO | scripts.Utilities.optimization_manager | [OK] database_indexes: enabled
2025-09-26 17:37:42,739 | INFO | scripts.Utilities.optimization_manager | [OK] adaptive_chunk_sizing: enabled
2025-09-26 17:37:42,743 | INFO | scripts.Utilities.optimization_manager | 
Overall Status: All optimizations enabled
2025-09-26 17:37:42,744 | INFO | scripts.Utilities.performance_profiler | Memory snapshot 'app_start': RSS=73.7MB
2025-09-26 17:37:42,749 | INFO | scripts.Utilities.performance_profiler | === FWMIS PERFORMANCE REPORT ===
Generated: 2025-09-26 17:37:42

SYSTEM INFORMATION:
  CPU Cores: 12
  Total Memory: 7.6 GB
  Available Memory: 1.0 GB
  Memory Usage: 87.2%

PERFORMANCE RECOMMENDATIONS:
  1. Use streaming for large file imports
  2. Implement batch database operations
  3. Create appropriate database indexes
  4. Monitor memory usage during operations
  5. Use SQL aggregations instead of Python loops
  6. Consider PyPy for 2-7x speed improvements
2025-09-26 17:37:42,749 | ERROR | scripts.Utilities.performance_profiler | Error saving performance report: [Errno 2] No such file or directory: 'data/performance_report.txt'
2025-09-26 18:26:30,454 | INFO | scripts.Utilities.optimization_manager | Optimization 'memory_efficient_imports': enabled
2025-09-26 18:26:30,455 | INFO | scripts.Utilities.optimization_manager | Optimization 'streaming_excel_exports': enabled
2025-09-26 18:26:30,455 | INFO | scripts.Utilities.optimization_manager | Optimization 'batch_database_operations': enabled
2025-09-26 18:26:30,455 | INFO | scripts.Utilities.optimization_manager | Optimization 'performance_monitoring': enabled
2025-09-26 18:26:30,456 | INFO | scripts.Utilities.optimization_manager | Optimization 'database_indexes': enabled
2025-09-26 18:26:30,456 | INFO | scripts.Utilities.optimization_manager | Optimization 'adaptive_chunk_sizing': enabled
2025-09-26 18:26:30,465 | INFO | scripts.Utilities.optimized_import_utils | Database optimizations applied successfully
2025-09-26 18:26:30,481 | INFO | scripts.Utilities.optimized_import_utils | Performance indexes created successfully
2025-09-26 18:26:30,486 | INFO | scripts.Utilities.optimization_manager | Database optimizations applied successfully
2025-09-26 18:26:30,487 | INFO | scripts.Utilities.optimization_manager | FWMIS Optimization Status:
2025-09-26 18:26:30,488 | INFO | scripts.Utilities.optimization_manager | ==============================
2025-09-26 18:26:30,488 | INFO | scripts.Utilities.optimization_manager | [OK] memory_efficient_imports: enabled
2025-09-26 18:26:30,489 | INFO | scripts.Utilities.optimization_manager | [OK] streaming_excel_exports: enabled
2025-09-26 18:26:30,489 | INFO | scripts.Utilities.optimization_manager | [OK] batch_database_operations: enabled
2025-09-26 18:26:30,489 | INFO | scripts.Utilities.optimization_manager | [OK] performance_monitoring: enabled
2025-09-26 18:26:30,490 | INFO | scripts.Utilities.optimization_manager | [OK] database_indexes: enabled
2025-09-26 18:26:30,490 | INFO | scripts.Utilities.optimization_manager | [OK] adaptive_chunk_sizing: enabled
2025-09-26 18:26:30,491 | INFO | scripts.Utilities.optimization_manager | 
Overall Status: All optimizations enabled
2025-09-26 18:26:30,491 | INFO | scripts.Utilities.performance_profiler | Memory snapshot 'app_start': RSS=73.7MB
2025-09-26 18:26:30,507 | INFO | scripts.Utilities.performance_profiler | === FWMIS PERFORMANCE REPORT ===
Generated: 2025-09-26 18:26:30

SYSTEM INFORMATION:
  CPU Cores: 12
  Total Memory: 7.6 GB
  Available Memory: 0.6 GB
  Memory Usage: 92.5%

PERFORMANCE RECOMMENDATIONS:
  1. Use streaming for large file imports
  2. Implement batch database operations
  3. Create appropriate database indexes
  4. Monitor memory usage during operations
  5. Use SQL aggregations instead of Python loops
  6. Consider PyPy for 2-7x speed improvements
2025-09-26 18:26:30,509 | ERROR | scripts.Utilities.performance_profiler | Error saving performance report: [Errno 2] No such file or directory: 'data/performance_report.txt'
2025-09-26 18:27:40,854 | INFO | scripts.core.import_worker | ImportWorker starting
2025-09-26 18:27:40,867 | INFO | scripts.core.import_worker | Case inserted
2025-09-26 18:27:40,873 | INFO | scripts.core.import_worker | Copied BAS file
2025-09-26 18:27:40,873 | INFO | scripts.core.import_worker | Successfully committed case
2025-09-26 18:27:40,882 | INFO | scripts.core.import_worker | Imported case
2025-09-26 18:27:40,890 | INFO | scripts.core.import_worker | Case inserted
2025-09-26 18:27:40,901 | INFO | scripts.core.import_worker | Copied BAS file
2025-09-26 18:27:40,904 | INFO | scripts.core.import_worker | Successfully committed case
2025-09-26 18:27:40,928 | INFO | scripts.core.import_worker | Imported case
2025-09-26 18:27:40,959 | INFO | scripts.core.import_worker | Case inserted
2025-09-26 18:27:40,982 | INFO | scripts.core.import_worker | Copied BAS file
2025-09-26 18:27:40,984 | INFO | scripts.core.import_worker | Successfully committed case
2025-09-26 18:27:40,993 | INFO | scripts.core.import_worker | Imported case
2025-09-26 18:27:41,003 | INFO | scripts.core.import_worker | Case inserted
2025-09-26 18:27:41,013 | INFO | scripts.core.import_worker | Copied BAS file
2025-09-26 18:27:41,015 | INFO | scripts.core.import_worker | Successfully committed case
2025-09-26 18:27:41,029 | INFO | scripts.core.import_worker | Imported case
2025-09-26 18:27:41,037 | INFO | scripts.core.import_worker | Case inserted
2025-09-26 18:27:41,044 | INFO | scripts.core.import_worker | Copied BAS file
2025-09-26 18:27:41,047 | INFO | scripts.core.import_worker | Successfully committed case
2025-09-26 18:27:41,063 | INFO | scripts.core.import_worker | Imported case
2025-09-26 18:27:41,070 | INFO | scripts.core.import_worker | Case inserted
2025-09-26 18:27:41,074 | INFO | scripts.core.import_worker | Copied BAS file
2025-09-26 18:27:41,076 | INFO | scripts.core.import_worker | Successfully committed case
2025-09-26 18:27:41,089 | INFO | scripts.core.import_worker | Imported case
2025-09-26 18:27:41,090 | INFO | scripts.core.import_worker | Import completed
2025-09-26 18:31:05,197 | INFO | root | Audit log saved successfully: edit_case
2025-09-26 18:31:05,271 | INFO | root | Audit log saved successfully: assessment_status_change
2025-09-26 18:31:23,399 | INFO | root | Audit log saved successfully: edit_case
2025-09-26 18:31:23,442 | INFO | root | Audit log saved successfully: assessment_status_change
2025-09-26 18:31:38,672 | INFO | root | Audit log saved successfully: edit_case
2025-09-26 18:31:38,737 | INFO | root | Audit log saved successfully: assessment_status_change
2025-09-26 18:31:55,035 | INFO | root | Audit log saved successfully: edit_case
2025-09-26 18:31:55,090 | INFO | root | Audit log saved successfully: assessment_status_change
2025-09-26 18:32:23,655 | INFO | root | Audit log saved successfully: edit_case
2025-09-26 18:32:23,709 | INFO | root | Audit log saved successfully: assessment_status_change
2025-09-26 18:33:13,787 | INFO | root | Audit log saved successfully: edit_case
2025-09-26 18:33:13,837 | INFO | root | Audit log saved successfully: assessment_status_change
2025-09-26 18:33:13,891 | INFO | root | Audit log saved successfully: lc_status_change
2025-09-26 18:33:33,957 | INFO | root | Audit log saved successfully: edit_case
2025-09-26 18:33:34,001 | INFO | root | Audit log saved successfully: assessment_status_change
2025-09-26 18:33:34,041 | INFO | root | Audit log saved successfully: lc_status_change
2025-09-26 18:33:52,328 | INFO | root | Audit log saved successfully: edit_case
2025-09-26 18:33:52,386 | INFO | root | Audit log saved successfully: assessment_status_change
2025-09-26 18:33:52,419 | INFO | root | Audit log saved successfully: lc_status_change
2025-09-26 18:34:29,704 | INFO | root | Audit log saved successfully: edit_case
2025-09-26 18:34:29,755 | INFO | root | Audit log saved successfully: assessment_status_change
2025-09-26 18:34:29,812 | INFO | root | Audit log saved successfully: lc_status_change
2025-09-27 18:14:50,424 | INFO | scripts.Utilities.optimization_manager | Optimization 'memory_efficient_imports': enabled
2025-09-27 18:14:50,425 | INFO | scripts.Utilities.optimization_manager | Optimization 'streaming_excel_exports': enabled
2025-09-27 18:14:50,425 | INFO | scripts.Utilities.optimization_manager | Optimization 'batch_database_operations': enabled
2025-09-27 18:14:50,426 | INFO | scripts.Utilities.optimization_manager | Optimization 'performance_monitoring': enabled
2025-09-27 18:14:50,426 | INFO | scripts.Utilities.optimization_manager | Optimization 'database_indexes': enabled
2025-09-27 18:14:50,426 | INFO | scripts.Utilities.optimization_manager | Optimization 'adaptive_chunk_sizing': enabled
2025-09-27 18:14:50,432 | INFO | scripts.Utilities.optimized_import_utils | Database optimizations applied successfully
2025-09-27 18:14:50,441 | INFO | scripts.Utilities.optimized_import_utils | Performance indexes created successfully
2025-09-27 18:14:50,445 | INFO | scripts.Utilities.optimization_manager | Database optimizations applied successfully
2025-09-27 18:14:50,445 | INFO | scripts.Utilities.optimization_manager | FWMIS Optimization Status:
2025-09-27 18:14:50,446 | INFO | scripts.Utilities.optimization_manager | ==============================
2025-09-27 18:14:50,446 | INFO | scripts.Utilities.optimization_manager | [OK] memory_efficient_imports: enabled
2025-09-27 18:14:50,447 | INFO | scripts.Utilities.optimization_manager | [OK] streaming_excel_exports: enabled
2025-09-27 18:14:50,447 | INFO | scripts.Utilities.optimization_manager | [OK] batch_database_operations: enabled
2025-09-27 18:14:50,447 | INFO | scripts.Utilities.optimization_manager | [OK] performance_monitoring: enabled
2025-09-27 18:14:50,448 | INFO | scripts.Utilities.optimization_manager | [OK] database_indexes: enabled
2025-09-27 18:14:50,449 | INFO | scripts.Utilities.optimization_manager | [OK] adaptive_chunk_sizing: enabled
2025-09-27 18:14:50,450 | INFO | scripts.Utilities.optimization_manager | 
Overall Status: All optimizations enabled
2025-09-27 18:14:50,452 | INFO | scripts.Utilities.performance_profiler | Memory snapshot 'app_start': RSS=74.1MB
2025-09-27 18:14:50,473 | INFO | scripts.Utilities.performance_profiler | === FWMIS PERFORMANCE REPORT ===
Generated: 2025-09-27 18:14:50

SYSTEM INFORMATION:
  CPU Cores: 12
  Total Memory: 7.6 GB
  Available Memory: 0.8 GB
  Memory Usage: 89.4%

PERFORMANCE RECOMMENDATIONS:
  1. Use streaming for large file imports
  2. Implement batch database operations
  3. Create appropriate database indexes
  4. Monitor memory usage during operations
  5. Use SQL aggregations instead of Python loops
  6. Consider PyPy for 2-7x speed improvements
2025-09-27 18:14:50,475 | ERROR | scripts.Utilities.performance_profiler | Error saving performance report: [Errno 2] No such file or directory: 'data/performance_report.txt'
2025-09-27 18:16:53,073 | INFO | scripts.Utilities.optimization_manager | Optimization 'memory_efficient_imports': enabled
2025-09-27 18:16:53,074 | INFO | scripts.Utilities.optimization_manager | Optimization 'streaming_excel_exports': enabled
2025-09-27 18:16:53,074 | INFO | scripts.Utilities.optimization_manager | Optimization 'batch_database_operations': enabled
2025-09-27 18:16:53,074 | INFO | scripts.Utilities.optimization_manager | Optimization 'performance_monitoring': enabled
2025-09-27 18:16:53,075 | INFO | scripts.Utilities.optimization_manager | Optimization 'database_indexes': enabled
2025-09-27 18:16:53,075 | INFO | scripts.Utilities.optimization_manager | Optimization 'adaptive_chunk_sizing': enabled
2025-09-27 18:16:53,080 | INFO | scripts.Utilities.optimized_import_utils | Database optimizations applied successfully
2025-09-27 18:16:53,096 | INFO | scripts.Utilities.optimized_import_utils | Performance indexes created successfully
2025-09-27 18:16:53,109 | INFO | scripts.Utilities.optimization_manager | Database optimizations applied successfully
2025-09-27 18:16:53,110 | INFO | scripts.Utilities.optimization_manager | FWMIS Optimization Status:
2025-09-27 18:16:53,111 | INFO | scripts.Utilities.optimization_manager | ==============================
2025-09-27 18:16:53,111 | INFO | scripts.Utilities.optimization_manager | [OK] memory_efficient_imports: enabled
2025-09-27 18:16:53,111 | INFO | scripts.Utilities.optimization_manager | [OK] streaming_excel_exports: enabled
2025-09-27 18:16:53,112 | INFO | scripts.Utilities.optimization_manager | [OK] batch_database_operations: enabled
2025-09-27 18:16:53,112 | INFO | scripts.Utilities.optimization_manager | [OK] performance_monitoring: enabled
2025-09-27 18:16:53,113 | INFO | scripts.Utilities.optimization_manager | [OK] database_indexes: enabled
2025-09-27 18:16:53,113 | INFO | scripts.Utilities.optimization_manager | [OK] adaptive_chunk_sizing: enabled
2025-09-27 18:16:53,114 | INFO | scripts.Utilities.optimization_manager | 
Overall Status: All optimizations enabled
2025-09-27 18:16:53,115 | INFO | scripts.Utilities.performance_profiler | Memory snapshot 'app_start': RSS=73.8MB
2025-09-27 18:16:53,147 | INFO | scripts.Utilities.performance_profiler | === FWMIS PERFORMANCE REPORT ===
Generated: 2025-09-27 18:16:53

SYSTEM INFORMATION:
  CPU Cores: 12
  Total Memory: 7.6 GB
  Available Memory: 0.8 GB
  Memory Usage: 89.7%

PERFORMANCE RECOMMENDATIONS:
  1. Use streaming for large file imports
  2. Implement batch database operations
  3. Create appropriate database indexes
  4. Monitor memory usage during operations
  5. Use SQL aggregations instead of Python loops
  6. Consider PyPy for 2-7x speed improvements
2025-09-27 18:16:53,155 | ERROR | scripts.Utilities.performance_profiler | Error saving performance report: [Errno 2] No such file or directory: 'data/performance_report.txt'
2025-09-27 18:21:34,766 | INFO | scripts.core.import_worker | ImportWorker starting
2025-09-27 18:21:34,774 | INFO | scripts.core.import_worker | Case inserted
2025-09-27 18:21:34,779 | INFO | scripts.core.import_worker | Copied BAS file
2025-09-27 18:21:34,779 | INFO | scripts.core.import_worker | Successfully committed case
2025-09-27 18:21:34,793 | INFO | scripts.core.import_worker | Imported case
2025-09-27 18:21:34,803 | INFO | scripts.core.import_worker | Case inserted
2025-09-27 18:21:34,811 | INFO | scripts.core.import_worker | Copied BAS file
2025-09-27 18:21:34,812 | INFO | scripts.core.import_worker | Successfully committed case
2025-09-27 18:21:34,825 | INFO | scripts.core.import_worker | Imported case
2025-09-27 18:21:34,836 | INFO | scripts.core.import_worker | Case inserted
2025-09-27 18:21:34,841 | INFO | scripts.core.import_worker | Copied BAS file
2025-09-27 18:21:34,841 | INFO | scripts.core.import_worker | Successfully committed case
2025-09-27 18:21:34,847 | INFO | scripts.core.import_worker | Imported case
2025-09-27 18:21:34,860 | INFO | scripts.core.import_worker | Case inserted
2025-09-27 18:21:34,863 | INFO | scripts.core.import_worker | Copied BAS file
2025-09-27 18:21:34,864 | INFO | scripts.core.import_worker | Successfully committed case
2025-09-27 18:21:34,871 | INFO | scripts.core.import_worker | Imported case
2025-09-27 18:21:34,877 | INFO | scripts.core.import_worker | Case inserted
2025-09-27 18:21:34,881 | INFO | scripts.core.import_worker | Copied BAS file
2025-09-27 18:21:34,881 | INFO | scripts.core.import_worker | Successfully committed case
2025-09-27 18:21:34,897 | INFO | scripts.core.import_worker | Imported case
2025-09-27 18:21:34,913 | INFO | scripts.core.import_worker | Case inserted
2025-09-27 18:21:34,925 | INFO | scripts.core.import_worker | Copied BAS file
2025-09-27 18:21:34,927 | INFO | scripts.core.import_worker | Successfully committed case
2025-09-27 18:21:34,948 | INFO | scripts.core.import_worker | Imported case
2025-09-27 18:21:34,962 | INFO | scripts.core.import_worker | Case inserted
2025-09-27 18:21:34,969 | INFO | scripts.core.import_worker | Copied BAS file
2025-09-27 18:21:34,971 | INFO | scripts.core.import_worker | Successfully committed case
2025-09-27 18:21:34,981 | INFO | scripts.core.import_worker | Imported case
2025-09-27 18:21:34,995 | INFO | scripts.core.import_worker | Case inserted
2025-09-27 18:21:35,004 | INFO | scripts.core.import_worker | Copied BAS file
2025-09-27 18:21:35,005 | INFO | scripts.core.import_worker | Successfully committed case
2025-09-27 18:21:35,014 | INFO | scripts.core.import_worker | Imported case
2025-09-27 18:21:35,029 | INFO | scripts.core.import_worker | Case inserted
2025-09-27 18:21:35,039 | INFO | scripts.core.import_worker | Copied BAS file
2025-09-27 18:21:35,041 | INFO | scripts.core.import_worker | Successfully committed case
2025-09-27 18:21:35,046 | INFO | scripts.core.import_worker | Imported case
2025-09-27 18:21:35,059 | INFO | scripts.core.import_worker | Case inserted
2025-09-27 18:21:35,062 | INFO | scripts.core.import_worker | Copied BAS file
2025-09-27 18:21:35,063 | INFO | scripts.core.import_worker | Successfully committed case
2025-09-27 18:21:35,075 | INFO | scripts.core.import_worker | Imported case
2025-09-27 18:21:35,085 | INFO | scripts.core.import_worker | Case inserted
2025-09-27 18:21:35,093 | INFO | scripts.core.import_worker | Copied BAS file
2025-09-27 18:21:35,094 | INFO | scripts.core.import_worker | Successfully committed case
2025-09-27 18:21:35,107 | INFO | scripts.core.import_worker | Imported case
2025-09-27 18:21:35,113 | INFO | scripts.core.import_worker | Case inserted
2025-09-27 18:21:35,125 | INFO | scripts.core.import_worker | Copied BAS file
2025-09-27 18:21:35,126 | INFO | scripts.core.import_worker | Successfully committed case
2025-09-27 18:21:35,140 | INFO | scripts.core.import_worker | Imported case
2025-09-27 18:21:35,146 | INFO | scripts.core.import_worker | Case inserted
2025-09-27 18:21:35,158 | INFO | scripts.core.import_worker | Copied BAS file
2025-09-27 18:21:35,159 | INFO | scripts.core.import_worker | Successfully committed case
2025-09-27 18:21:35,164 | INFO | scripts.core.import_worker | Imported case
2025-09-27 18:21:35,176 | INFO | scripts.core.import_worker | Case inserted
2025-09-27 18:21:35,180 | INFO | scripts.core.import_worker | Copied BAS file
2025-09-27 18:21:35,181 | INFO | scripts.core.import_worker | Successfully committed case
2025-09-27 18:21:35,191 | INFO | scripts.core.import_worker | Imported case
2025-09-27 18:21:35,199 | INFO | scripts.core.import_worker | Case inserted
2025-09-27 18:21:35,208 | INFO | scripts.core.import_worker | Copied BAS file
2025-09-27 18:21:35,209 | INFO | scripts.core.import_worker | Successfully committed case
2025-09-27 18:21:35,214 | INFO | scripts.core.import_worker | Imported case
2025-09-27 18:21:35,226 | INFO | scripts.core.import_worker | Case inserted
2025-09-27 18:21:35,231 | INFO | scripts.core.import_worker | Copied BAS file
2025-09-27 18:21:35,232 | INFO | scripts.core.import_worker | Successfully committed case
2025-09-27 18:21:35,244 | INFO | scripts.core.import_worker | Imported case
2025-09-27 18:21:35,259 | INFO | scripts.core.import_worker | Case inserted
2025-09-27 18:21:35,262 | INFO | scripts.core.import_worker | Copied BAS file
2025-09-27 18:21:35,263 | INFO | scripts.core.import_worker | Successfully committed case
2025-09-27 18:21:35,276 | INFO | scripts.core.import_worker | Imported case
2025-09-27 18:21:35,277 | INFO | scripts.core.import_worker | Import completed
2025-09-27 18:22:11,438 | INFO | scripts.core.import_worker | ImportWorker starting
2025-09-27 18:22:11,444 | INFO | scripts.core.import_worker | Case inserted
2025-09-27 18:22:11,448 | INFO | scripts.core.import_worker | Copied BAS file
2025-09-27 18:22:11,449 | INFO | scripts.core.import_worker | Successfully committed case
2025-09-27 18:22:11,457 | INFO | scripts.core.import_worker | Imported case
2025-09-27 18:22:11,472 | INFO | scripts.core.import_worker | Case inserted
2025-09-27 18:22:11,483 | INFO | scripts.core.import_worker | Copied BAS file
2025-09-27 18:22:11,484 | INFO | scripts.core.import_worker | Successfully committed case
2025-09-27 18:22:11,495 | INFO | scripts.core.import_worker | Imported case
2025-09-27 18:22:11,501 | INFO | scripts.core.import_worker | Case inserted
2025-09-27 18:22:11,509 | INFO | scripts.core.import_worker | Copied BAS file
2025-09-27 18:22:11,509 | INFO | scripts.core.import_worker | Successfully committed case
2025-09-27 18:22:11,514 | INFO | scripts.core.import_worker | Imported case
2025-09-27 18:22:11,525 | INFO | scripts.core.import_worker | Case inserted
2025-09-27 18:22:11,531 | INFO | scripts.core.import_worker | Copied BAS file
2025-09-27 18:22:11,532 | INFO | scripts.core.import_worker | Successfully committed case
2025-09-27 18:22:11,541 | INFO | scripts.core.import_worker | Imported case
2025-09-27 18:22:11,547 | INFO | scripts.core.import_worker | Case inserted
2025-09-27 18:22:11,550 | INFO | scripts.core.import_worker | Copied BAS file
2025-09-27 18:22:11,551 | INFO | scripts.core.import_worker | Successfully committed case
2025-09-27 18:22:11,562 | INFO | scripts.core.import_worker | Imported case
2025-09-27 18:22:11,576 | INFO | scripts.core.import_worker | Case inserted
2025-09-27 18:22:11,583 | INFO | scripts.core.import_worker | Copied BAS file
2025-09-27 18:22:11,584 | INFO | scripts.core.import_worker | Successfully committed case
2025-09-27 18:22:11,596 | INFO | scripts.core.import_worker | Imported case
2025-09-27 18:22:11,603 | INFO | scripts.core.import_worker | Case inserted
2025-09-27 18:22:11,612 | INFO | scripts.core.import_worker | Copied BAS file
2025-09-27 18:22:11,613 | INFO | scripts.core.import_worker | Successfully committed case
2025-09-27 18:22:11,618 | INFO | scripts.core.import_worker | Imported case
2025-09-27 18:22:11,631 | INFO | scripts.core.import_worker | Case inserted
2025-09-27 18:22:11,643 | INFO | scripts.core.import_worker | Copied BAS file
2025-09-27 18:22:11,644 | INFO | scripts.core.import_worker | Successfully committed case
2025-09-27 18:22:11,649 | INFO | scripts.core.import_worker | Imported case
2025-09-27 18:22:11,664 | INFO | scripts.core.import_worker | Case inserted
2025-09-27 18:22:11,667 | INFO | scripts.core.import_worker | Copied BAS file
2025-09-27 18:22:11,668 | INFO | scripts.core.import_worker | Successfully committed case
2025-09-27 18:22:11,678 | INFO | scripts.core.import_worker | Imported case
2025-09-27 18:22:11,684 | INFO | scripts.core.import_worker | Case inserted
2025-09-27 18:22:11,695 | INFO | scripts.core.import_worker | Copied BAS file
2025-09-27 18:22:11,695 | INFO | scripts.core.import_worker | Successfully committed case
2025-09-27 18:22:11,701 | INFO | scripts.core.import_worker | Imported case
2025-09-27 18:22:11,713 | INFO | scripts.core.import_worker | Case inserted
2025-09-27 18:22:11,718 | INFO | scripts.core.import_worker | Copied BAS file
2025-09-27 18:22:11,719 | INFO | scripts.core.import_worker | Successfully committed case
2025-09-27 18:22:11,729 | INFO | scripts.core.import_worker | Imported case
2025-09-27 18:22:11,736 | INFO | scripts.core.import_worker | Case inserted
2025-09-27 18:22:11,746 | INFO | scripts.core.import_worker | Copied BAS file
2025-09-27 18:22:11,747 | INFO | scripts.core.import_worker | Successfully committed case
2025-09-27 18:22:11,757 | INFO | scripts.core.import_worker | Imported case
2025-09-27 18:22:11,767 | INFO | scripts.core.import_worker | Case inserted
2025-09-27 18:22:11,781 | INFO | scripts.core.import_worker | Copied BAS file
2025-09-27 18:22:11,782 | INFO | scripts.core.import_worker | Successfully committed case
2025-09-27 18:22:11,797 | INFO | scripts.core.import_worker | Imported case
2025-09-27 18:22:11,811 | INFO | scripts.core.import_worker | Case inserted
2025-09-27 18:22:11,816 | INFO | scripts.core.import_worker | Copied BAS file
2025-09-27 18:22:11,816 | INFO | scripts.core.import_worker | Successfully committed case
2025-09-27 18:22:11,828 | INFO | scripts.core.import_worker | Imported case
2025-09-27 18:22:11,834 | INFO | scripts.core.import_worker | Case inserted
2025-09-27 18:22:11,845 | INFO | scripts.core.import_worker | Copied BAS file
2025-09-27 18:22:11,846 | INFO | scripts.core.import_worker | Successfully committed case
2025-09-27 18:22:11,861 | INFO | scripts.core.import_worker | Imported case
2025-09-27 18:22:11,867 | INFO | scripts.core.import_worker | Case inserted
2025-09-27 18:22:11,878 | INFO | scripts.core.import_worker | Copied BAS file
2025-09-27 18:22:11,878 | INFO | scripts.core.import_worker | Successfully committed case
2025-09-27 18:22:11,884 | INFO | scripts.core.import_worker | Imported case
2025-09-27 18:22:11,898 | INFO | scripts.core.import_worker | Case inserted
2025-09-27 18:22:11,902 | INFO | scripts.core.import_worker | Copied BAS file
2025-09-27 18:22:11,904 | INFO | scripts.core.import_worker | Successfully committed case
2025-09-27 18:22:11,915 | INFO | scripts.core.import_worker | Imported case
2025-09-27 18:22:11,928 | INFO | scripts.core.import_worker | Case inserted
2025-09-27 18:22:11,932 | INFO | scripts.core.import_worker | Copied BAS file
2025-09-27 18:22:11,933 | INFO | scripts.core.import_worker | Successfully committed case
2025-09-27 18:22:11,945 | INFO | scripts.core.import_worker | Imported case
2025-09-27 18:22:11,956 | INFO | scripts.core.import_worker | Case inserted
2025-09-27 18:22:11,965 | INFO | scripts.core.import_worker | Copied BAS file
2025-09-27 18:22:11,965 | INFO | scripts.core.import_worker | Successfully committed case
2025-09-27 18:22:11,978 | INFO | scripts.core.import_worker | Imported case
2025-09-27 18:22:11,985 | INFO | scripts.core.import_worker | Case inserted
2025-09-27 18:22:11,998 | INFO | scripts.core.import_worker | Copied BAS file
2025-09-27 18:22:11,999 | INFO | scripts.core.import_worker | Successfully committed case
2025-09-27 18:22:12,013 | INFO | scripts.core.import_worker | Imported case
2025-09-27 18:22:12,024 | INFO | scripts.core.import_worker | Case inserted
2025-09-27 18:22:12,031 | INFO | scripts.core.import_worker | Copied BAS file
2025-09-27 18:22:12,031 | INFO | scripts.core.import_worker | Successfully committed case
2025-09-27 18:22:12,045 | INFO | scripts.core.import_worker | Imported case
2025-09-27 18:22:12,056 | INFO | scripts.core.import_worker | Case inserted
2025-09-27 18:22:12,066 | INFO | scripts.core.import_worker | Copied BAS file
2025-09-27 18:22:12,067 | INFO | scripts.core.import_worker | Successfully committed case
2025-09-27 18:22:12,081 | INFO | scripts.core.import_worker | Imported case
2025-09-27 18:22:12,094 | INFO | scripts.core.import_worker | Case inserted
2025-09-27 18:22:12,098 | INFO | scripts.core.import_worker | Copied BAS file
2025-09-27 18:22:12,099 | INFO | scripts.core.import_worker | Successfully committed case
2025-09-27 18:22:12,114 | INFO | scripts.core.import_worker | Imported case
2025-09-27 18:22:12,124 | INFO | scripts.core.import_worker | Case inserted
2025-09-27 18:22:12,128 | INFO | scripts.core.import_worker | Copied BAS file
2025-09-27 18:22:12,129 | INFO | scripts.core.import_worker | Successfully committed case
2025-09-27 18:22:12,137 | INFO | scripts.core.import_worker | Imported case
2025-09-27 18:22:12,150 | INFO | scripts.core.import_worker | Case inserted
2025-09-27 18:22:12,161 | INFO | scripts.core.import_worker | Copied BAS file
2025-09-27 18:22:12,161 | INFO | scripts.core.import_worker | Successfully committed case
2025-09-27 18:22:12,168 | INFO | scripts.core.import_worker | Imported case
2025-09-27 18:22:12,182 | INFO | scripts.core.import_worker | Case inserted
2025-09-27 18:22:12,192 | INFO | scripts.core.import_worker | Copied BAS file
2025-09-27 18:22:12,194 | INFO | scripts.core.import_worker | Successfully committed case
2025-09-27 18:22:12,201 | INFO | scripts.core.import_worker | Imported case
2025-09-27 18:22:12,215 | INFO | scripts.core.import_worker | Case inserted
2025-09-27 18:22:12,223 | INFO | scripts.core.import_worker | Copied BAS file
2025-09-27 18:22:12,225 | INFO | scripts.core.import_worker | Successfully committed case
2025-09-27 18:22:12,235 | INFO | scripts.core.import_worker | Imported case
2025-09-27 18:22:12,247 | INFO | scripts.core.import_worker | Case inserted
2025-09-27 18:22:12,255 | INFO | scripts.core.import_worker | Copied BAS file
2025-09-27 18:22:12,257 | INFO | scripts.core.import_worker | Successfully committed case
2025-09-27 18:22:12,266 | INFO | scripts.core.import_worker | Imported case
2025-09-27 18:22:12,280 | INFO | scripts.core.import_worker | Case inserted
2025-09-27 18:22:12,284 | INFO | scripts.core.import_worker | Copied BAS file
2025-09-27 18:22:12,285 | INFO | scripts.core.import_worker | Successfully committed case
2025-09-27 18:22:12,300 | INFO | scripts.core.import_worker | Imported case
2025-09-27 18:22:12,314 | INFO | scripts.core.import_worker | Case inserted
2025-09-27 18:22:12,323 | INFO | scripts.core.import_worker | Copied BAS file
2025-09-27 18:22:12,324 | INFO | scripts.core.import_worker | Successfully committed case
2025-09-27 18:22:12,333 | INFO | scripts.core.import_worker | Imported case
2025-09-27 18:22:12,351 | INFO | scripts.core.import_worker | Case inserted
2025-09-27 18:22:12,363 | INFO | scripts.core.import_worker | Copied BAS file
2025-09-27 18:22:12,363 | INFO | scripts.core.import_worker | Successfully committed case
2025-09-27 18:22:12,377 | INFO | scripts.core.import_worker | Imported case
2025-09-27 18:22:12,390 | INFO | scripts.core.import_worker | Case inserted
2025-09-27 18:22:12,399 | INFO | scripts.core.import_worker | Copied BAS file
2025-09-27 18:22:12,400 | INFO | scripts.core.import_worker | Successfully committed case
2025-09-27 18:22:12,410 | INFO | scripts.core.import_worker | Imported case
2025-09-27 18:22:12,420 | INFO | scripts.core.import_worker | Case inserted
2025-09-27 18:22:12,426 | INFO | scripts.core.import_worker | Copied BAS file
2025-09-27 18:22:12,427 | INFO | scripts.core.import_worker | Successfully committed case
2025-09-27 18:22:12,439 | INFO | scripts.core.import_worker | Imported case
2025-09-27 18:22:12,448 | INFO | scripts.core.import_worker | Case inserted
2025-09-27 18:22:12,460 | INFO | scripts.core.import_worker | Copied BAS file
2025-09-27 18:22:12,461 | INFO | scripts.core.import_worker | Successfully committed case
2025-09-27 18:22:12,474 | INFO | scripts.core.import_worker | Imported case
2025-09-27 18:22:12,483 | INFO | scripts.core.import_worker | Case inserted
2025-09-27 18:22:12,490 | INFO | scripts.core.import_worker | Copied BAS file
2025-09-27 18:22:12,491 | INFO | scripts.core.import_worker | Successfully committed case
2025-09-27 18:22:12,501 | INFO | scripts.core.import_worker | Imported case
2025-09-27 18:22:12,512 | INFO | scripts.core.import_worker | Case inserted
2025-09-27 18:22:12,521 | INFO | scripts.core.import_worker | Copied BAS file
2025-09-27 18:22:12,522 | INFO | scripts.core.import_worker | Successfully committed case
2025-09-27 18:22:12,529 | INFO | scripts.core.import_worker | Imported case
2025-09-27 18:22:12,545 | INFO | scripts.core.import_worker | Case inserted
2025-09-27 18:22:12,564 | INFO | scripts.core.import_worker | Copied BAS file
2025-09-27 18:22:12,572 | INFO | scripts.core.import_worker | Successfully committed case
2025-09-27 18:22:12,580 | INFO | scripts.core.import_worker | Imported case
2025-09-27 18:22:12,634 | INFO | scripts.core.import_worker | Case inserted
2025-09-27 18:22:12,642 | INFO | scripts.core.import_worker | Copied BAS file
2025-09-27 18:22:12,643 | INFO | scripts.core.import_worker | Successfully committed case
2025-09-27 18:22:12,650 | INFO | scripts.core.import_worker | Imported case
2025-09-27 18:22:12,659 | INFO | scripts.core.import_worker | Case inserted
2025-09-27 18:22:12,667 | INFO | scripts.core.import_worker | Copied BAS file
2025-09-27 18:22:12,668 | INFO | scripts.core.import_worker | Successfully committed case
2025-09-27 18:22:12,684 | INFO | scripts.core.import_worker | Imported case
2025-09-27 18:22:12,694 | INFO | scripts.core.import_worker | Case inserted
2025-09-27 18:22:12,698 | INFO | scripts.core.import_worker | Copied BAS file
2025-09-27 18:22:12,698 | INFO | scripts.core.import_worker | Successfully committed case
2025-09-27 18:22:12,707 | INFO | scripts.core.import_worker | Imported case
2025-09-27 18:22:12,715 | INFO | scripts.core.import_worker | Case inserted
2025-09-27 18:22:12,725 | INFO | scripts.core.import_worker | Copied BAS file
2025-09-27 18:22:12,725 | INFO | scripts.core.import_worker | Successfully committed case
2025-09-27 18:22:12,739 | INFO | scripts.core.import_worker | Imported case
2025-09-27 18:22:12,748 | INFO | scripts.core.import_worker | Case inserted
2025-09-27 18:22:12,757 | INFO | scripts.core.import_worker | Copied BAS file
2025-09-27 18:22:12,757 | INFO | scripts.core.import_worker | Successfully committed case
2025-09-27 18:22:12,765 | INFO | scripts.core.import_worker | Imported case
2025-09-27 18:22:12,778 | INFO | scripts.core.import_worker | Case inserted
2025-09-27 18:22:12,782 | INFO | scripts.core.import_worker | Copied BAS file
2025-09-27 18:22:12,783 | INFO | scripts.core.import_worker | Successfully committed case
2025-09-27 18:22:12,800 | INFO | scripts.core.import_worker | Imported case
2025-09-27 18:22:12,813 | INFO | scripts.core.import_worker | Case inserted
2025-09-27 18:22:12,817 | INFO | scripts.core.import_worker | Copied BAS file
2025-09-27 18:22:12,818 | INFO | scripts.core.import_worker | Successfully committed case
2025-09-27 18:22:12,832 | INFO | scripts.core.import_worker | Imported case
2025-09-27 18:22:12,845 | INFO | scripts.core.import_worker | Case inserted
2025-09-27 18:22:12,850 | INFO | scripts.core.import_worker | Copied BAS file
2025-09-27 18:22:12,850 | INFO | scripts.core.import_worker | Successfully committed case
2025-09-27 18:22:12,862 | INFO | scripts.core.import_worker | Imported case
2025-09-27 18:22:12,871 | INFO | scripts.core.import_worker | Case inserted
2025-09-27 18:22:12,878 | INFO | scripts.core.import_worker | Copied BAS file
2025-09-27 18:22:12,879 | INFO | scripts.core.import_worker | Successfully committed case
2025-09-27 18:22:12,887 | INFO | scripts.core.import_worker | Imported case
2025-09-27 18:22:12,898 | INFO | scripts.core.import_worker | Case inserted
2025-09-27 18:22:12,906 | INFO | scripts.core.import_worker | Copied BAS file
2025-09-27 18:22:12,907 | INFO | scripts.core.import_worker | Successfully committed case
2025-09-27 18:22:12,921 | INFO | scripts.core.import_worker | Imported case
2025-09-27 18:22:12,928 | INFO | scripts.core.import_worker | Case inserted
2025-09-27 18:22:12,932 | INFO | scripts.core.import_worker | Copied BAS file
2025-09-27 18:22:12,933 | INFO | scripts.core.import_worker | Successfully committed case
2025-09-27 18:22:12,939 | INFO | scripts.core.import_worker | Imported case
2025-09-27 18:22:12,951 | INFO | scripts.core.import_worker | Case inserted
2025-09-27 18:22:12,956 | INFO | scripts.core.import_worker | Copied BAS file
2025-09-27 18:22:12,957 | INFO | scripts.core.import_worker | Successfully committed case
2025-09-27 18:22:12,968 | INFO | scripts.core.import_worker | Imported case
2025-09-27 18:22:12,978 | INFO | scripts.core.import_worker | Case inserted
2025-09-27 18:22:12,982 | INFO | scripts.core.import_worker | Copied BAS file
2025-09-27 18:22:12,982 | INFO | scripts.core.import_worker | Successfully committed case
2025-09-27 18:22:12,998 | INFO | scripts.core.import_worker | Imported case
2025-09-27 18:22:13,011 | INFO | scripts.core.import_worker | Case inserted
2025-09-27 18:22:13,015 | INFO | scripts.core.import_worker | Copied BAS file
2025-09-27 18:22:13,016 | INFO | scripts.core.import_worker | Successfully committed case
2025-09-27 18:22:13,025 | INFO | scripts.core.import_worker | Imported case
2025-09-27 18:22:13,039 | INFO | scripts.core.import_worker | Case inserted
2025-09-27 18:22:13,046 | INFO | scripts.core.import_worker | Copied BAS file
2025-09-27 18:22:13,047 | INFO | scripts.core.import_worker | Successfully committed case
2025-09-27 18:22:13,056 | INFO | scripts.core.import_worker | Imported case
2025-09-27 18:22:13,073 | INFO | scripts.core.import_worker | Case inserted
2025-09-27 18:22:13,082 | INFO | scripts.core.import_worker | Copied BAS file
2025-09-27 18:22:13,083 | INFO | scripts.core.import_worker | Successfully committed case
2025-09-27 18:22:13,094 | INFO | scripts.core.import_worker | Imported case
2025-09-27 18:22:13,102 | INFO | scripts.core.import_worker | Case inserted
2025-09-27 18:22:13,107 | INFO | scripts.core.import_worker | Copied BAS file
2025-09-27 18:22:13,108 | INFO | scripts.core.import_worker | Successfully committed case
2025-09-27 18:22:13,121 | INFO | scripts.core.import_worker | Imported case
2025-09-27 18:22:13,130 | INFO | scripts.core.import_worker | Case inserted
2025-09-27 18:22:13,136 | INFO | scripts.core.import_worker | Copied BAS file
2025-09-27 18:22:13,137 | INFO | scripts.core.import_worker | Successfully committed case
2025-09-27 18:22:13,151 | INFO | scripts.core.import_worker | Imported case
2025-09-27 18:22:13,180 | INFO | scripts.core.import_worker | Case inserted
2025-09-27 18:22:13,196 | INFO | scripts.core.import_worker | Copied BAS file
2025-09-27 18:22:13,197 | INFO | scripts.core.import_worker | Successfully committed case
2025-09-27 18:22:13,214 | INFO | scripts.core.import_worker | Imported case
2025-09-27 18:22:13,230 | INFO | scripts.core.import_worker | Case inserted
2025-09-27 18:22:13,238 | INFO | scripts.core.import_worker | Copied BAS file
2025-09-27 18:22:13,241 | INFO | scripts.core.import_worker | Successfully committed case
2025-09-27 18:22:13,262 | INFO | scripts.core.import_worker | Imported case
2025-09-27 18:22:13,278 | INFO | scripts.core.import_worker | Case inserted
2025-09-27 18:22:13,288 | INFO | scripts.core.import_worker | Copied BAS file
2025-09-27 18:22:13,291 | INFO | scripts.core.import_worker | Successfully committed case
2025-09-27 18:22:13,316 | INFO | scripts.core.import_worker | Imported case
2025-09-27 18:22:13,334 | INFO | scripts.core.import_worker | Case inserted
2025-09-27 18:22:13,349 | INFO | scripts.core.import_worker | Copied BAS file
2025-09-27 18:22:13,350 | INFO | scripts.core.import_worker | Successfully committed case
2025-09-27 18:22:13,361 | INFO | scripts.core.import_worker | Imported case
2025-09-27 18:22:13,379 | INFO | scripts.core.import_worker | Case inserted
2025-09-27 18:22:13,399 | INFO | scripts.core.import_worker | Copied BAS file
2025-09-27 18:22:13,400 | INFO | scripts.core.import_worker | Successfully committed case
2025-09-27 18:22:13,428 | INFO | scripts.core.import_worker | Imported case
2025-09-27 18:22:13,459 | INFO | scripts.core.import_worker | Case inserted
2025-09-27 18:22:13,472 | INFO | scripts.core.import_worker | Copied BAS file
2025-09-27 18:22:13,473 | INFO | scripts.core.import_worker | Successfully committed case
2025-09-27 18:22:13,481 | INFO | scripts.core.import_worker | Imported case
2025-09-27 18:22:13,492 | INFO | scripts.core.import_worker | Case inserted
2025-09-27 18:22:13,509 | INFO | scripts.core.import_worker | Copied BAS file
2025-09-27 18:22:13,510 | INFO | scripts.core.import_worker | Successfully committed case
2025-09-27 18:22:13,525 | INFO | scripts.core.import_worker | Imported case
2025-09-27 18:22:13,543 | INFO | scripts.core.import_worker | Case inserted
2025-09-27 18:22:13,550 | INFO | scripts.core.import_worker | Copied BAS file
2025-09-27 18:22:13,551 | INFO | scripts.core.import_worker | Successfully committed case
2025-09-27 18:22:13,560 | INFO | scripts.core.import_worker | Imported case
2025-09-27 18:22:13,567 | INFO | scripts.core.import_worker | Case inserted
2025-09-27 18:22:13,572 | INFO | scripts.core.import_worker | Copied BAS file
2025-09-27 18:22:13,574 | INFO | scripts.core.import_worker | Successfully committed case
2025-09-27 18:22:13,588 | INFO | scripts.core.import_worker | Imported case
2025-09-27 18:22:13,602 | INFO | scripts.core.import_worker | Case inserted
2025-09-27 18:22:13,611 | INFO | scripts.core.import_worker | Copied BAS file
2025-09-27 18:22:13,614 | INFO | scripts.core.import_worker | Successfully committed case
2025-09-27 18:22:13,622 | INFO | scripts.core.import_worker | Imported case
2025-09-27 18:22:13,636 | INFO | scripts.core.import_worker | Case inserted
2025-09-27 18:22:13,641 | INFO | scripts.core.import_worker | Copied BAS file
2025-09-27 18:22:13,642 | INFO | scripts.core.import_worker | Successfully committed case
2025-09-27 18:22:13,655 | INFO | scripts.core.import_worker | Imported case
2025-09-27 18:22:13,666 | INFO | scripts.core.import_worker | Case inserted
2025-09-27 18:22:13,674 | INFO | scripts.core.import_worker | Copied BAS file
2025-09-27 18:22:13,676 | INFO | scripts.core.import_worker | Successfully committed case
2025-09-27 18:22:13,683 | INFO | scripts.core.import_worker | Imported case
2025-09-27 18:22:13,696 | INFO | scripts.core.import_worker | Case inserted
2025-09-27 18:22:13,707 | INFO | scripts.core.import_worker | Copied BAS file
2025-09-27 18:22:13,708 | INFO | scripts.core.import_worker | Successfully committed case
2025-09-27 18:22:13,724 | INFO | scripts.core.import_worker | Imported case
2025-09-27 18:22:13,734 | INFO | scripts.core.import_worker | Case inserted
2025-09-27 18:22:13,742 | INFO | scripts.core.import_worker | Copied BAS file
2025-09-27 18:22:13,743 | INFO | scripts.core.import_worker | Successfully committed case
2025-09-27 18:22:13,750 | INFO | scripts.core.import_worker | Imported case
2025-09-27 18:22:13,762 | INFO | scripts.core.import_worker | Case inserted
2025-09-27 18:22:13,770 | INFO | scripts.core.import_worker | Copied BAS file
2025-09-27 18:22:13,771 | INFO | scripts.core.import_worker | Successfully committed case
2025-09-27 18:22:13,782 | INFO | scripts.core.import_worker | Imported case
2025-09-27 18:22:13,795 | INFO | scripts.core.import_worker | Case inserted
2025-09-27 18:22:13,807 | INFO | scripts.core.import_worker | Copied BAS file
2025-09-27 18:22:13,809 | INFO | scripts.core.import_worker | Successfully committed case
2025-09-27 18:22:13,821 | INFO | scripts.core.import_worker | Imported case
2025-09-27 18:22:13,831 | INFO | scripts.core.import_worker | Case inserted
2025-09-27 18:22:13,839 | INFO | scripts.core.import_worker | Copied BAS file
2025-09-27 18:22:13,840 | INFO | scripts.core.import_worker | Successfully committed case
2025-09-27 18:22:13,849 | INFO | scripts.core.import_worker | Imported case
2025-09-27 18:22:13,859 | INFO | scripts.core.import_worker | Case inserted
2025-09-27 18:22:13,864 | INFO | scripts.core.import_worker | Copied BAS file
2025-09-27 18:22:13,865 | INFO | scripts.core.import_worker | Successfully committed case
2025-09-27 18:22:13,872 | INFO | scripts.core.import_worker | Imported case
2025-09-27 18:22:13,884 | INFO | scripts.core.import_worker | Case inserted
2025-09-27 18:22:13,888 | INFO | scripts.core.import_worker | Copied BAS file
2025-09-27 18:22:13,889 | INFO | scripts.core.import_worker | Successfully committed case
2025-09-27 18:22:13,901 | INFO | scripts.core.import_worker | Imported case
2025-09-27 18:22:13,909 | INFO | scripts.core.import_worker | Case inserted
2025-09-27 18:22:13,919 | INFO | scripts.core.import_worker | Copied BAS file
2025-09-27 18:22:13,919 | INFO | scripts.core.import_worker | Successfully committed case
2025-09-27 18:22:13,931 | INFO | scripts.core.import_worker | Imported case
2025-09-27 18:22:13,944 | INFO | scripts.core.import_worker | Case inserted
2025-09-27 18:22:13,949 | INFO | scripts.core.import_worker | Copied BAS file
2025-09-27 18:22:13,949 | INFO | scripts.core.import_worker | Successfully committed case
2025-09-27 18:22:13,961 | INFO | scripts.core.import_worker | Imported case
2025-09-27 18:22:13,967 | INFO | scripts.core.import_worker | Case inserted
2025-09-27 18:22:13,978 | INFO | scripts.core.import_worker | Copied BAS file
2025-09-27 18:22:13,979 | INFO | scripts.core.import_worker | Successfully committed case
2025-09-27 18:22:13,987 | INFO | scripts.core.import_worker | Imported case
2025-09-27 18:22:13,999 | INFO | scripts.core.import_worker | Case inserted
2025-09-27 18:22:14,008 | INFO | scripts.core.import_worker | Copied BAS file
2025-09-27 18:22:14,012 | INFO | scripts.core.import_worker | Successfully committed case
2025-09-27 18:22:14,025 | INFO | scripts.core.import_worker | Imported case
2025-09-27 18:22:14,037 | INFO | scripts.core.import_worker | Case inserted
2025-09-27 18:22:14,049 | INFO | scripts.core.import_worker | Copied BAS file
2025-09-27 18:22:14,049 | INFO | scripts.core.import_worker | Successfully committed case
2025-09-27 18:22:14,057 | INFO | scripts.core.import_worker | Imported case
2025-09-27 18:22:14,070 | INFO | scripts.core.import_worker | Case inserted
2025-09-27 18:22:14,074 | INFO | scripts.core.import_worker | Copied BAS file
2025-09-27 18:22:14,075 | INFO | scripts.core.import_worker | Successfully committed case
2025-09-27 18:22:14,080 | INFO | scripts.core.import_worker | Imported case
2025-09-27 18:22:14,087 | INFO | scripts.core.import_worker | Case inserted
2025-09-27 18:22:14,096 | INFO | scripts.core.import_worker | Copied BAS file
2025-09-27 18:22:14,097 | INFO | scripts.core.import_worker | Successfully committed case
2025-09-27 18:22:14,105 | INFO | scripts.core.import_worker | Imported case
2025-09-27 18:22:14,111 | INFO | scripts.core.import_worker | Case inserted
2025-09-27 18:22:14,115 | INFO | scripts.core.import_worker | Copied BAS file
2025-09-27 18:22:14,116 | INFO | scripts.core.import_worker | Successfully committed case
2025-09-27 18:22:14,122 | INFO | scripts.core.import_worker | Imported case
2025-09-27 18:22:14,130 | INFO | scripts.core.import_worker | Case inserted
2025-09-27 18:22:14,140 | INFO | scripts.core.import_worker | Copied BAS file
2025-09-27 18:22:14,141 | INFO | scripts.core.import_worker | Successfully committed case
2025-09-27 18:22:14,156 | INFO | scripts.core.import_worker | Imported case
2025-09-27 18:22:14,163 | INFO | scripts.core.import_worker | Case inserted
2025-09-27 18:22:14,172 | INFO | scripts.core.import_worker | Copied BAS file
2025-09-27 18:22:14,173 | INFO | scripts.core.import_worker | Successfully committed case
2025-09-27 18:22:14,189 | INFO | scripts.core.import_worker | Imported case
2025-09-27 18:22:14,196 | INFO | scripts.core.import_worker | Case inserted
2025-09-27 18:22:14,205 | INFO | scripts.core.import_worker | Copied BAS file
2025-09-27 18:22:14,206 | INFO | scripts.core.import_worker | Successfully committed case
2025-09-27 18:22:14,214 | INFO | scripts.core.import_worker | Imported case
2025-09-27 18:22:14,227 | INFO | scripts.core.import_worker | Case inserted
2025-09-27 18:22:14,231 | INFO | scripts.core.import_worker | Copied BAS file
2025-09-27 18:22:14,232 | INFO | scripts.core.import_worker | Successfully committed case
2025-09-27 18:22:14,244 | INFO | scripts.core.import_worker | Imported case
2025-09-27 18:22:14,250 | INFO | scripts.core.import_worker | Case inserted
2025-09-27 18:22:14,258 | INFO | scripts.core.import_worker | Copied BAS file
2025-09-27 18:22:14,259 | INFO | scripts.core.import_worker | Successfully committed case
2025-09-27 18:22:14,271 | INFO | scripts.core.import_worker | Imported case
2025-09-27 18:22:14,281 | INFO | scripts.core.import_worker | Case inserted
2025-09-27 18:22:14,288 | INFO | scripts.core.import_worker | Copied BAS file
2025-09-27 18:22:14,289 | INFO | scripts.core.import_worker | Successfully committed case
2025-09-27 18:22:14,296 | INFO | scripts.core.import_worker | Imported case
2025-09-27 18:22:14,320 | INFO | scripts.core.import_worker | Case inserted
2025-09-27 18:22:14,337 | INFO | scripts.core.import_worker | Copied BAS file
2025-09-27 18:22:14,339 | INFO | scripts.core.import_worker | Successfully committed case
2025-09-27 18:22:14,357 | INFO | scripts.core.import_worker | Imported case
2025-09-27 18:22:14,369 | INFO | scripts.core.import_worker | Case inserted
2025-09-27 18:22:14,379 | INFO | scripts.core.import_worker | Copied BAS file
2025-09-27 18:22:14,380 | INFO | scripts.core.import_worker | Successfully committed case
2025-09-27 18:22:14,390 | INFO | scripts.core.import_worker | Imported case
2025-09-27 18:22:14,406 | INFO | scripts.core.import_worker | Case inserted
2025-09-27 18:22:14,413 | INFO | scripts.core.import_worker | Copied BAS file
2025-09-27 18:22:14,413 | INFO | scripts.core.import_worker | Successfully committed case
2025-09-27 18:22:14,429 | INFO | scripts.core.import_worker | Imported case
2025-09-27 18:22:14,440 | INFO | scripts.core.import_worker | Case inserted
2025-09-27 18:22:14,448 | INFO | scripts.core.import_worker | Copied BAS file
2025-09-27 18:22:14,448 | INFO | scripts.core.import_worker | Successfully committed case
2025-09-27 18:22:14,461 | INFO | scripts.core.import_worker | Imported case
2025-09-27 18:22:14,471 | INFO | scripts.core.import_worker | Case inserted
2025-09-27 18:22:14,477 | INFO | scripts.core.import_worker | Copied BAS file
2025-09-27 18:22:14,479 | INFO | scripts.core.import_worker | Successfully committed case
2025-09-27 18:22:14,488 | INFO | scripts.core.import_worker | Imported case
2025-09-27 18:22:14,497 | INFO | scripts.core.import_worker | Case inserted
2025-09-27 18:22:14,503 | INFO | scripts.core.import_worker | Copied BAS file
2025-09-27 18:22:14,505 | INFO | scripts.core.import_worker | Successfully committed case
2025-09-27 18:22:14,513 | INFO | scripts.core.import_worker | Imported case
2025-09-27 18:22:14,524 | INFO | scripts.core.import_worker | Case inserted
2025-09-27 18:22:14,529 | INFO | scripts.core.import_worker | Copied BAS file
2025-09-27 18:22:14,531 | INFO | scripts.core.import_worker | Successfully committed case
2025-09-27 18:22:14,541 | INFO | scripts.core.import_worker | Imported case
2025-09-27 18:22:14,551 | INFO | scripts.core.import_worker | Case inserted
2025-09-27 18:22:14,559 | INFO | scripts.core.import_worker | Copied BAS file
2025-09-27 18:22:14,559 | INFO | scripts.core.import_worker | Successfully committed case
2025-09-27 18:22:14,572 | INFO | scripts.core.import_worker | Imported case
2025-09-27 18:22:14,573 | INFO | scripts.core.import_worker | Import completed
2025-09-27 18:25:13,206 | INFO | root | Audit log saved successfully: edit_case
2025-09-27 18:25:13,239 | INFO | root | Audit log saved successfully: assessment_status_change
2025-09-27 19:46:33,406 | INFO | scripts.Utilities.optimization_manager | Optimization 'memory_efficient_imports': enabled
2025-09-27 19:46:33,407 | INFO | scripts.Utilities.optimization_manager | Optimization 'streaming_excel_exports': enabled
2025-09-27 19:46:33,407 | INFO | scripts.Utilities.optimization_manager | Optimization 'batch_database_operations': enabled
2025-09-27 19:46:33,407 | INFO | scripts.Utilities.optimization_manager | Optimization 'performance_monitoring': enabled
2025-09-27 19:46:33,408 | INFO | scripts.Utilities.optimization_manager | Optimization 'database_indexes': enabled
2025-09-27 19:46:33,408 | INFO | scripts.Utilities.optimization_manager | Optimization 'adaptive_chunk_sizing': enabled
2025-09-27 19:46:33,411 | INFO | scripts.Utilities.optimized_import_utils | Database optimizations applied successfully
2025-09-27 19:46:33,426 | INFO | scripts.Utilities.optimized_import_utils | Performance indexes created successfully
2025-09-27 19:46:33,429 | INFO | scripts.Utilities.optimization_manager | Database optimizations applied successfully
2025-09-27 19:46:33,429 | INFO | scripts.Utilities.optimization_manager | FWMIS Optimization Status:
2025-09-27 19:46:33,430 | INFO | scripts.Utilities.optimization_manager | ==============================
2025-09-27 19:46:33,430 | INFO | scripts.Utilities.optimization_manager | [OK] memory_efficient_imports: enabled
2025-09-27 19:46:33,430 | INFO | scripts.Utilities.optimization_manager | [OK] streaming_excel_exports: enabled
2025-09-27 19:46:33,430 | INFO | scripts.Utilities.optimization_manager | [OK] batch_database_operations: enabled
2025-09-27 19:46:33,431 | INFO | scripts.Utilities.optimization_manager | [OK] performance_monitoring: enabled
2025-09-27 19:46:33,431 | INFO | scripts.Utilities.optimization_manager | [OK] database_indexes: enabled
2025-09-27 19:46:33,431 | INFO | scripts.Utilities.optimization_manager | [OK] adaptive_chunk_sizing: enabled
2025-09-27 19:46:33,432 | INFO | scripts.Utilities.optimization_manager | 
Overall Status: All optimizations enabled
2025-09-27 19:46:33,432 | INFO | scripts.Utilities.performance_profiler | Memory snapshot 'app_start': RSS=73.7MB
2025-09-27 19:46:33,437 | INFO | scripts.Utilities.performance_profiler | === FWMIS PERFORMANCE REPORT ===
Generated: 2025-09-27 19:46:33

SYSTEM INFORMATION:
  CPU Cores: 12
  Total Memory: 7.6 GB
  Available Memory: 1.0 GB
  Memory Usage: 87.2%

PERFORMANCE RECOMMENDATIONS:
  1. Use streaming for large file imports
  2. Implement batch database operations
  3. Create appropriate database indexes
  4. Monitor memory usage during operations
  5. Use SQL aggregations instead of Python loops
  6. Consider PyPy for 2-7x speed improvements
2025-09-27 19:46:33,438 | ERROR | scripts.Utilities.performance_profiler | Error saving performance report: [Errno 2] No such file or directory: 'data/performance_report.txt'
2025-09-27 19:46:56,349 | INFO | root | Audit log saved successfully: lc_status_change
2025-09-27 19:49:08,345 | INFO | scripts.core.import_worker | ImportWorker starting
2025-09-27 19:49:08,351 | INFO | scripts.core.import_worker | Case inserted
2025-09-27 19:49:08,357 | INFO | scripts.core.import_worker | Copied BAS file
2025-09-27 19:49:08,358 | INFO | scripts.core.import_worker | Successfully committed case
2025-09-27 19:49:08,364 | INFO | scripts.core.import_worker | Imported case
2025-09-27 19:49:08,370 | INFO | scripts.core.import_worker | Case inserted
2025-09-27 19:49:08,384 | INFO | scripts.core.import_worker | Copied BAS file
2025-09-27 19:49:08,385 | INFO | scripts.core.import_worker | Successfully committed case
2025-09-27 19:49:08,409 | INFO | scripts.core.import_worker | Imported case
2025-09-27 19:49:08,441 | INFO | scripts.core.import_worker | Case inserted
2025-09-27 19:49:08,463 | INFO | scripts.core.import_worker | Copied BAS file
2025-09-27 19:49:08,464 | INFO | scripts.core.import_worker | Successfully committed case
2025-09-27 19:49:08,479 | INFO | scripts.core.import_worker | Imported case
2025-09-27 19:49:08,485 | INFO | scripts.core.import_worker | Case inserted
2025-09-27 19:49:08,496 | INFO | scripts.core.import_worker | Copied BAS file
2025-09-27 19:49:08,497 | INFO | scripts.core.import_worker | Successfully committed case
2025-09-27 19:49:08,511 | INFO | scripts.core.import_worker | Imported case
2025-09-27 19:49:08,520 | INFO | scripts.core.import_worker | Case inserted
2025-09-27 19:49:08,537 | INFO | scripts.core.import_worker | Copied BAS file
2025-09-27 19:49:08,538 | INFO | scripts.core.import_worker | Successfully committed case
2025-09-27 19:49:08,550 | INFO | scripts.core.import_worker | Imported case
2025-09-27 19:49:08,566 | INFO | scripts.core.import_worker | Case inserted
2025-09-27 19:49:08,575 | INFO | scripts.core.import_worker | Copied BAS file
2025-09-27 19:49:08,576 | INFO | scripts.core.import_worker | Successfully committed case
2025-09-27 19:49:08,593 | INFO | scripts.core.import_worker | Imported case
2025-09-27 19:49:08,595 | INFO | scripts.core.import_worker | Import completed
2025-09-27 19:50:46,635 | INFO | root | Audit log saved successfully: edit_case
2025-09-27 19:50:46,667 | INFO | root | Audit log saved successfully: assessment_status_change
2025-09-27 19:51:55,589 | INFO | scripts.core.import_worker | ImportWorker starting
2025-09-27 19:51:55,598 | INFO | scripts.core.import_worker | Case inserted
2025-09-27 19:51:55,602 | INFO | scripts.core.import_worker | Copied BAS file
2025-09-27 19:51:55,603 | INFO | scripts.core.import_worker | Successfully committed case
2025-09-27 19:51:55,604 | INFO | scripts.core.import_worker | Imported case
2025-09-27 19:51:55,624 | INFO | scripts.core.import_worker | Case inserted
2025-09-27 19:51:55,638 | INFO | scripts.core.import_worker | Copied BAS file
2025-09-27 19:51:55,639 | INFO | scripts.core.import_worker | Successfully committed case
2025-09-27 19:51:55,640 | INFO | scripts.core.import_worker | Imported case
2025-09-27 19:51:55,652 | INFO | scripts.core.import_worker | Case inserted
2025-09-27 19:51:55,667 | INFO | scripts.core.import_worker | Copied BAS file
2025-09-27 19:51:55,668 | INFO | scripts.core.import_worker | Successfully committed case
2025-09-27 19:51:55,673 | INFO | scripts.core.import_worker | Imported case
2025-09-27 19:51:55,685 | INFO | scripts.core.import_worker | Case inserted
2025-09-27 19:51:55,691 | INFO | scripts.core.import_worker | Copied BAS file
2025-09-27 19:51:55,692 | INFO | scripts.core.import_worker | Successfully committed case
2025-09-27 19:51:55,693 | INFO | scripts.core.import_worker | Imported case
2025-09-27 19:51:55,709 | INFO | scripts.core.import_worker | Case inserted
2025-09-27 19:51:55,715 | INFO | scripts.core.import_worker | Copied BAS file
2025-09-27 19:51:55,715 | INFO | scripts.core.import_worker | Successfully committed case
2025-09-27 19:51:55,716 | INFO | scripts.core.import_worker | Imported case
2025-09-27 19:51:55,724 | INFO | scripts.core.import_worker | Case inserted
2025-09-27 19:51:55,731 | INFO | scripts.core.import_worker | Copied BAS file
2025-09-27 19:51:55,732 | INFO | scripts.core.import_worker | Successfully committed case
2025-09-27 19:51:55,734 | INFO | scripts.core.import_worker | Imported case
2025-09-27 19:51:55,735 | INFO | scripts.core.import_worker | Import completed
2025-09-27 19:52:40,388 | INFO | root | Audit log saved successfully: edit_case
2025-09-27 19:52:40,430 | INFO | root | Audit log saved successfully: assessment_status_change
2025-09-27 19:54:17,516 | INFO | scripts.core.import_worker | ImportWorker starting
2025-09-27 19:54:17,522 | INFO | scripts.core.import_worker | Case inserted
2025-09-27 19:54:17,526 | INFO | scripts.core.import_worker | Copied BAS file
2025-09-27 19:54:17,526 | INFO | scripts.core.import_worker | Successfully committed case
2025-09-27 19:54:17,537 | INFO | scripts.core.import_worker | Imported case
2025-09-27 19:54:17,542 | INFO | scripts.core.import_worker | Case inserted
2025-09-27 19:54:17,548 | INFO | scripts.core.import_worker | Copied BAS file
2025-09-27 19:54:17,550 | INFO | scripts.core.import_worker | Successfully committed case
2025-09-27 19:54:17,563 | INFO | scripts.core.import_worker | Imported case
2025-09-27 19:54:17,579 | INFO | scripts.core.import_worker | Case inserted
2025-09-27 19:54:17,591 | INFO | scripts.core.import_worker | Copied BAS file
2025-09-27 19:54:17,592 | INFO | scripts.core.import_worker | Successfully committed case
2025-09-27 19:54:17,604 | INFO | scripts.core.import_worker | Imported case
2025-09-27 19:54:17,610 | INFO | scripts.core.import_worker | Case inserted
2025-09-27 19:54:17,620 | INFO | scripts.core.import_worker | Copied BAS file
2025-09-27 19:54:17,621 | INFO | scripts.core.import_worker | Successfully committed case
2025-09-27 19:54:17,629 | INFO | scripts.core.import_worker | Imported case
2025-09-27 19:54:17,636 | INFO | scripts.core.import_worker | Case inserted
2025-09-27 19:54:17,639 | INFO | scripts.core.import_worker | Copied BAS file
2025-09-27 19:54:17,640 | INFO | scripts.core.import_worker | Successfully committed case
2025-09-27 19:54:17,650 | INFO | scripts.core.import_worker | Imported case
2025-09-27 19:54:17,659 | INFO | scripts.core.import_worker | Case inserted
2025-09-27 19:54:17,670 | INFO | scripts.core.import_worker | Copied BAS file
2025-09-27 19:54:17,673 | INFO | scripts.core.import_worker | Successfully committed case
2025-09-27 19:54:17,685 | INFO | scripts.core.import_worker | Imported case
2025-09-27 19:54:17,688 | INFO | scripts.core.import_worker | Import completed
2025-09-27 20:03:54,946 | INFO | scripts.core.import_worker | ImportWorker starting
2025-09-27 20:03:54,952 | INFO | scripts.core.import_worker | Case inserted
2025-09-27 20:03:54,957 | INFO | scripts.core.import_worker | Copied BAS file
2025-09-27 20:03:54,958 | INFO | scripts.core.import_worker | Successfully committed case
2025-09-27 20:03:54,962 | INFO | scripts.core.import_worker | Imported case
2025-09-27 20:03:54,967 | INFO | scripts.core.import_worker | Case inserted
2025-09-27 20:03:54,973 | INFO | scripts.core.import_worker | Copied BAS file
2025-09-27 20:03:54,973 | INFO | scripts.core.import_worker | Successfully committed case
2025-09-27 20:03:54,978 | INFO | scripts.core.import_worker | Imported case
2025-09-27 20:03:54,984 | INFO | scripts.core.import_worker | Case inserted
2025-09-27 20:03:54,997 | INFO | scripts.core.import_worker | Copied BAS file
2025-09-27 20:03:54,999 | INFO | scripts.core.import_worker | Successfully committed case
2025-09-27 20:03:55,008 | INFO | scripts.core.import_worker | Imported case
2025-09-27 20:03:55,030 | INFO | scripts.core.import_worker | Case inserted
2025-09-27 20:03:55,045 | INFO | scripts.core.import_worker | Copied BAS file
2025-09-27 20:03:55,046 | INFO | scripts.core.import_worker | Successfully committed case
2025-09-27 20:03:55,057 | INFO | scripts.core.import_worker | Imported case
2025-09-27 20:03:55,067 | INFO | scripts.core.import_worker | Case inserted
2025-09-27 20:03:55,072 | INFO | scripts.core.import_worker | Copied BAS file
2025-09-27 20:03:55,073 | INFO | scripts.core.import_worker | Successfully committed case
2025-09-27 20:03:55,078 | INFO | scripts.core.import_worker | Imported case
2025-09-27 20:03:55,084 | INFO | scripts.core.import_worker | Case inserted
2025-09-27 20:03:55,092 | INFO | scripts.core.import_worker | Copied BAS file
2025-09-27 20:03:55,093 | INFO | scripts.core.import_worker | Successfully committed case
2025-09-27 20:03:55,101 | INFO | scripts.core.import_worker | Imported case
2025-09-27 20:03:55,102 | INFO | scripts.core.import_worker | Import completed
2025-09-27 20:24:34,743 | INFO | scripts.Utilities.optimization_manager | Optimization 'memory_efficient_imports': enabled
2025-09-27 20:24:34,744 | INFO | scripts.Utilities.optimization_manager | Optimization 'streaming_excel_exports': enabled
2025-09-27 20:24:34,744 | INFO | scripts.Utilities.optimization_manager | Optimization 'batch_database_operations': enabled
2025-09-27 20:24:34,744 | INFO | scripts.Utilities.optimization_manager | Optimization 'performance_monitoring': enabled
2025-09-27 20:24:34,745 | INFO | scripts.Utilities.optimization_manager | Optimization 'database_indexes': enabled
2025-09-27 20:24:34,745 | INFO | scripts.Utilities.optimization_manager | Optimization 'adaptive_chunk_sizing': enabled
2025-09-27 20:24:34,753 | INFO | scripts.Utilities.optimized_import_utils | Database optimizations applied successfully
2025-09-27 20:24:34,762 | INFO | scripts.Utilities.optimized_import_utils | Performance indexes created successfully
2025-09-27 20:24:34,765 | INFO | scripts.Utilities.optimization_manager | Database optimizations applied successfully
2025-09-27 20:24:34,765 | INFO | scripts.Utilities.optimization_manager | FWMIS Optimization Status:
2025-09-27 20:24:34,766 | INFO | scripts.Utilities.optimization_manager | ==============================
2025-09-27 20:24:34,766 | INFO | scripts.Utilities.optimization_manager | [OK] memory_efficient_imports: enabled
2025-09-27 20:24:34,767 | INFO | scripts.Utilities.optimization_manager | [OK] streaming_excel_exports: enabled
2025-09-27 20:24:34,767 | INFO | scripts.Utilities.optimization_manager | [OK] batch_database_operations: enabled
2025-09-27 20:24:34,767 | INFO | scripts.Utilities.optimization_manager | [OK] performance_monitoring: enabled
2025-09-27 20:24:34,767 | INFO | scripts.Utilities.optimization_manager | [OK] database_indexes: enabled
2025-09-27 20:24:34,768 | INFO | scripts.Utilities.optimization_manager | [OK] adaptive_chunk_sizing: enabled
2025-09-27 20:24:34,768 | INFO | scripts.Utilities.optimization_manager | 
Overall Status: All optimizations enabled
2025-09-27 20:24:34,768 | INFO | scripts.Utilities.performance_profiler | Memory snapshot 'app_start': RSS=74.7MB
2025-09-27 20:24:34,780 | INFO | scripts.Utilities.performance_profiler | === FWMIS PERFORMANCE REPORT ===
Generated: 2025-09-27 20:24:34

SYSTEM INFORMATION:
  CPU Cores: 12
  Total Memory: 7.6 GB
  Available Memory: 0.9 GB
  Memory Usage: 88.6%

PERFORMANCE RECOMMENDATIONS:
  1. Use streaming for large file imports
  2. Implement batch database operations
  3. Create appropriate database indexes
  4. Monitor memory usage during operations
  5. Use SQL aggregations instead of Python loops
  6. Consider PyPy for 2-7x speed improvements
2025-09-27 20:24:34,782 | ERROR | scripts.Utilities.performance_profiler | Error saving performance report: [Errno 2] No such file or directory: 'data/performance_report.txt'
2025-09-27 20:26:14,717 | INFO | scripts.core.import_worker | ImportWorker starting
2025-09-27 20:26:14,722 | INFO | scripts.core.import_worker | Case inserted
2025-09-27 20:26:14,728 | INFO | scripts.core.import_worker | Copied BAS file
2025-09-27 20:26:14,728 | INFO | scripts.core.import_worker | Successfully committed case
2025-09-27 20:26:14,733 | INFO | scripts.core.import_worker | Imported case
2025-09-27 20:26:14,739 | INFO | scripts.core.import_worker | Case inserted
2025-09-27 20:26:14,744 | INFO | scripts.core.import_worker | Copied BAS file
2025-09-27 20:26:14,745 | INFO | scripts.core.import_worker | Successfully committed case
2025-09-27 20:26:14,750 | INFO | scripts.core.import_worker | Imported case
2025-09-27 20:26:14,765 | INFO | scripts.core.import_worker | Case inserted
2025-09-27 20:26:14,771 | INFO | scripts.core.import_worker | Copied BAS file
2025-09-27 20:26:14,774 | INFO | scripts.core.import_worker | Successfully committed case
2025-09-27 20:26:14,785 | INFO | scripts.core.import_worker | Imported case
2025-09-27 20:26:14,799 | INFO | scripts.core.import_worker | Case inserted
2025-09-27 20:26:14,810 | INFO | scripts.core.import_worker | Copied BAS file
2025-09-27 20:26:14,812 | INFO | scripts.core.import_worker | Successfully committed case
2025-09-27 20:26:14,819 | INFO | scripts.core.import_worker | Imported case
2025-09-27 20:26:14,834 | INFO | scripts.core.import_worker | Case inserted
2025-09-27 20:26:14,839 | INFO | scripts.core.import_worker | Copied BAS file
2025-09-27 20:26:14,839 | INFO | scripts.core.import_worker | Successfully committed case
2025-09-27 20:26:14,849 | INFO | scripts.core.import_worker | Imported case
2025-09-27 20:26:14,854 | INFO | scripts.core.import_worker | Case inserted
2025-09-27 20:26:14,861 | INFO | scripts.core.import_worker | Copied BAS file
2025-09-27 20:26:14,862 | INFO | scripts.core.import_worker | Successfully committed case
2025-09-27 20:26:14,871 | INFO | scripts.core.import_worker | Imported case
2025-09-27 20:26:14,872 | INFO | scripts.core.import_worker | Import completed
2025-09-27 20:29:55,632 | INFO | root | Audit log saved successfully: edit_case
2025-09-27 20:29:55,657 | INFO | root | Audit log saved successfully: assessment_status_change
2025-09-27 20:31:12,778 | INFO | root | Audit log saved successfully: lc_status_change
2025-09-27 20:31:43,703 | INFO | root | Audit log saved successfully: edit_case
2025-09-27 20:31:43,760 | INFO | root | Audit log saved successfully: assessment_status_change
2025-09-27 20:31:43,792 | INFO | root | Audit log saved successfully: lc_status_change
2025-09-27 20:34:13,139 | INFO | root | Audit log saved successfully: edit_case
2025-09-27 20:34:13,167 | INFO | root | Audit log saved successfully: assessment_status_change
2025-09-27 20:42:50,473 | INFO | scripts.Utilities.optimization_manager | Optimization 'memory_efficient_imports': enabled
2025-09-27 20:42:50,473 | INFO | scripts.Utilities.optimization_manager | Optimization 'streaming_excel_exports': enabled
2025-09-27 20:42:50,474 | INFO | scripts.Utilities.optimization_manager | Optimization 'batch_database_operations': enabled
2025-09-27 20:42:50,474 | INFO | scripts.Utilities.optimization_manager | Optimization 'performance_monitoring': enabled
2025-09-27 20:42:50,474 | INFO | scripts.Utilities.optimization_manager | Optimization 'database_indexes': enabled
2025-09-27 20:42:50,475 | INFO | scripts.Utilities.optimization_manager | Optimization 'adaptive_chunk_sizing': enabled
2025-09-27 20:42:50,480 | INFO | scripts.Utilities.optimized_import_utils | Database optimizations applied successfully
2025-09-27 20:42:50,487 | INFO | scripts.Utilities.optimized_import_utils | Performance indexes created successfully
2025-09-27 20:42:50,489 | INFO | scripts.Utilities.optimization_manager | Database optimizations applied successfully
2025-09-27 20:42:50,490 | INFO | scripts.Utilities.optimization_manager | FWMIS Optimization Status:
2025-09-27 20:42:50,491 | INFO | scripts.Utilities.optimization_manager | ==============================
2025-09-27 20:42:50,493 | INFO | scripts.Utilities.optimization_manager | [OK] memory_efficient_imports: enabled
2025-09-27 20:42:50,494 | INFO | scripts.Utilities.optimization_manager | [OK] streaming_excel_exports: enabled
2025-09-27 20:42:50,495 | INFO | scripts.Utilities.optimization_manager | [OK] batch_database_operations: enabled
2025-09-27 20:42:50,495 | INFO | scripts.Utilities.optimization_manager | [OK] performance_monitoring: enabled
2025-09-27 20:42:50,496 | INFO | scripts.Utilities.optimization_manager | [OK] database_indexes: enabled
2025-09-27 20:42:50,496 | INFO | scripts.Utilities.optimization_manager | [OK] adaptive_chunk_sizing: enabled
2025-09-27 20:42:50,497 | INFO | scripts.Utilities.optimization_manager | 
Overall Status: All optimizations enabled
2025-09-27 20:42:50,497 | INFO | scripts.Utilities.performance_profiler | Memory snapshot 'app_start': RSS=73.8MB
2025-09-27 20:42:50,503 | INFO | scripts.Utilities.performance_profiler | === FWMIS PERFORMANCE REPORT ===
Generated: 2025-09-27 20:42:50

SYSTEM INFORMATION:
  CPU Cores: 12
  Total Memory: 7.6 GB
  Available Memory: 1.0 GB
  Memory Usage: 86.9%

PERFORMANCE RECOMMENDATIONS:
  1. Use streaming for large file imports
  2. Implement batch database operations
  3. Create appropriate database indexes
  4. Monitor memory usage during operations
  5. Use SQL aggregations instead of Python loops
  6. Consider PyPy for 2-7x speed improvements
2025-09-27 20:42:50,506 | ERROR | scripts.Utilities.performance_profiler | Error saving performance report: [Errno 2] No such file or directory: 'data/performance_report.txt'
2025-09-27 20:44:14,777 | INFO | root | Audit log saved successfully: lc_status_change
2025-09-27 20:44:23,488 | INFO | root | Audit log saved successfully: edit_case
2025-09-27 20:44:23,539 | INFO | root | Audit log saved successfully: assessment_status_change
2025-09-27 20:44:23,565 | INFO | root | Audit log saved successfully: lc_status_change
2025-09-27 20:45:41,573 | INFO | root | Audit log saved successfully: edit_case
2025-09-27 20:45:41,599 | INFO | root | Audit log saved successfully: assessment_status_change
2025-09-27 20:46:34,928 | INFO | root | Audit log saved successfully: edit_case
2025-09-27 20:46:34,972 | INFO | root | Audit log saved successfully: assessment_status_change
2025-09-27 20:47:05,619 | INFO | root | Audit log saved successfully: lc_status_change
2025-09-27 20:47:13,361 | INFO | root | Audit log saved successfully: edit_case
2025-09-27 20:47:13,392 | INFO | root | Audit log saved successfully: assessment_status_change
2025-09-27 20:47:13,424 | INFO | root | Audit log saved successfully: lc_status_change
2025-09-27 20:48:25,401 | INFO | root | Audit log saved successfully: edit_case
2025-09-27 20:48:25,434 | INFO | root | Audit log saved successfully: assessment_status_change
2025-09-27 20:49:25,347 | INFO | root | Audit log saved successfully: lc_status_change
2025-09-27 20:49:30,992 | INFO | root | Audit log saved successfully: edit_case
2025-09-27 20:49:31,017 | INFO | root | Audit log saved successfully: assessment_status_change
2025-09-27 20:49:31,054 | INFO | root | Audit log saved successfully: lc_status_change
2025-09-27 20:50:47,853 | INFO | root | Audit log saved successfully: edit_case
2025-09-27 20:50:47,893 | INFO | root | Audit log saved successfully: assessment_status_change
2025-09-27 20:50:47,911 | INFO | root | Audit log saved successfully: lc_status_change
2025-09-27 20:51:57,710 | INFO | root | Audit log saved successfully: edit_case
2025-09-27 20:51:57,746 | INFO | root | Audit log saved successfully: assessment_status_change
2025-09-27 20:51:57,766 | INFO | root | Audit log saved successfully: lc_status_change
2025-09-27 20:52:54,331 | INFO | root | Audit log saved successfully: lc_status_change
2025-09-27 20:59:43,890 | INFO | root | Audit log saved successfully: edit_case
2025-09-27 20:59:43,933 | INFO | root | Audit log saved successfully: assessment_status_change
2025-09-27 21:00:02,353 | INFO | root | Audit log saved successfully: lc_status_change
2025-09-27 21:00:11,967 | INFO | root | Audit log saved successfully: edit_case
2025-09-27 21:00:12,005 | INFO | root | Audit log saved successfully: assessment_status_change
2025-09-27 21:00:12,045 | INFO | root | Audit log saved successfully: lc_status_change
2025-09-27 21:21:15,207 | INFO | scripts.Utilities.optimization_manager | Optimization 'memory_efficient_imports': enabled
2025-09-27 21:21:15,207 | INFO | scripts.Utilities.optimization_manager | Optimization 'streaming_excel_exports': enabled
2025-09-27 21:21:15,208 | INFO | scripts.Utilities.optimization_manager | Optimization 'batch_database_operations': enabled
2025-09-27 21:21:15,208 | INFO | scripts.Utilities.optimization_manager | Optimization 'performance_monitoring': enabled
2025-09-27 21:21:15,209 | INFO | scripts.Utilities.optimization_manager | Optimization 'database_indexes': enabled
2025-09-27 21:21:15,209 | INFO | scripts.Utilities.optimization_manager | Optimization 'adaptive_chunk_sizing': enabled
2025-09-27 21:21:15,215 | INFO | scripts.Utilities.optimized_import_utils | Database optimizations applied successfully
2025-09-27 21:21:15,225 | INFO | scripts.Utilities.optimized_import_utils | Performance indexes created successfully
2025-09-27 21:21:15,228 | INFO | scripts.Utilities.optimization_manager | Database optimizations applied successfully
2025-09-27 21:21:15,228 | INFO | scripts.Utilities.optimization_manager | FWMIS Optimization Status:
2025-09-27 21:21:15,229 | INFO | scripts.Utilities.optimization_manager | ==============================
2025-09-27 21:21:15,229 | INFO | scripts.Utilities.optimization_manager | [OK] memory_efficient_imports: enabled
2025-09-27 21:21:15,230 | INFO | scripts.Utilities.optimization_manager | [OK] streaming_excel_exports: enabled
2025-09-27 21:21:15,231 | INFO | scripts.Utilities.optimization_manager | [OK] batch_database_operations: enabled
2025-09-27 21:21:15,231 | INFO | scripts.Utilities.optimization_manager | [OK] performance_monitoring: enabled
2025-09-27 21:21:15,232 | INFO | scripts.Utilities.optimization_manager | [OK] database_indexes: enabled
2025-09-27 21:21:15,232 | INFO | scripts.Utilities.optimization_manager | [OK] adaptive_chunk_sizing: enabled
2025-09-27 21:21:15,233 | INFO | scripts.Utilities.optimization_manager | 
Overall Status: All optimizations enabled
2025-09-27 21:21:15,234 | INFO | scripts.Utilities.performance_profiler | Memory snapshot 'app_start': RSS=73.7MB
2025-09-27 21:21:15,249 | INFO | scripts.Utilities.performance_profiler | === FWMIS PERFORMANCE REPORT ===
Generated: 2025-09-27 21:21:15

SYSTEM INFORMATION:
  CPU Cores: 12
  Total Memory: 7.6 GB
  Available Memory: 1.2 GB
  Memory Usage: 84.3%

PERFORMANCE RECOMMENDATIONS:
  1. Use streaming for large file imports
  2. Implement batch database operations
  3. Create appropriate database indexes
  4. Monitor memory usage during operations
  5. Use SQL aggregations instead of Python loops
  6. Consider PyPy for 2-7x speed improvements
2025-09-27 21:21:15,251 | ERROR | scripts.Utilities.performance_profiler | Error saving performance report: [Errno 2] No such file or directory: 'data/performance_report.txt'
2025-09-27 21:22:18,118 | INFO | root | Audit log saved successfully: edit_case
2025-09-27 21:22:18,161 | INFO | root | Audit log saved successfully: assessment_status_change
2025-09-27 21:22:18,198 | INFO | root | Audit log saved successfully: lc_status_change
2025-09-27 21:23:57,335 | INFO | scripts.core.import_worker | ImportWorker starting
2025-09-27 21:23:57,342 | INFO | scripts.core.import_worker | Case inserted
2025-09-27 21:23:57,346 | INFO | scripts.core.import_worker | Copied BAS file
2025-09-27 21:23:57,346 | INFO | scripts.core.import_worker | Successfully committed case
2025-09-27 21:23:57,353 | INFO | scripts.core.import_worker | Imported case
2025-09-27 21:23:57,359 | INFO | scripts.core.import_worker | Case inserted
2025-09-27 21:23:57,363 | INFO | scripts.core.import_worker | Copied BAS file
2025-09-27 21:23:57,365 | INFO | scripts.core.import_worker | Successfully committed case
2025-09-27 21:23:57,378 | INFO | scripts.core.import_worker | Imported case
2025-09-27 21:23:57,395 | INFO | scripts.core.import_worker | Case inserted
2025-09-27 21:23:57,408 | INFO | scripts.core.import_worker | Copied BAS file
2025-09-27 21:23:57,409 | INFO | scripts.core.import_worker | Successfully committed case
2025-09-27 21:23:57,422 | INFO | scripts.core.import_worker | Imported case
2025-09-27 21:23:57,437 | INFO | scripts.core.import_worker | Case inserted
2025-09-27 21:23:57,441 | INFO | scripts.core.import_worker | Copied BAS file
2025-09-27 21:23:57,441 | INFO | scripts.core.import_worker | Successfully committed case
2025-09-27 21:23:57,446 | INFO | scripts.core.import_worker | Imported case
2025-09-27 21:23:57,458 | INFO | scripts.core.import_worker | Case inserted
2025-09-27 21:23:57,463 | INFO | scripts.core.import_worker | Copied BAS file
2025-09-27 21:23:57,464 | INFO | scripts.core.import_worker | Successfully committed case
2025-09-27 21:23:57,470 | INFO | scripts.core.import_worker | Imported case
2025-09-27 21:23:57,476 | INFO | scripts.core.import_worker | Case inserted
2025-09-27 21:23:57,479 | INFO | scripts.core.import_worker | Copied BAS file
2025-09-27 21:23:57,480 | INFO | scripts.core.import_worker | Successfully committed case
2025-09-27 21:23:57,489 | INFO | scripts.core.import_worker | Imported case
2025-09-27 21:23:57,490 | INFO | scripts.core.import_worker | Import completed
2025-09-27 21:24:51,031 | INFO | root | Audit log saved successfully: edit_case
2025-09-27 21:24:51,062 | INFO | root | Audit log saved successfully: assessment_status_change
2025-09-27 21:25:16,921 | INFO | root | Audit log saved successfully: lc_status_change
2025-09-27 21:25:21,523 | INFO | root | Audit log saved successfully: edit_case
2025-09-27 21:25:21,550 | INFO | root | Audit log saved successfully: assessment_status_change
2025-09-27 21:25:21,579 | INFO | root | Audit log saved successfully: lc_status_change
2025-09-27 21:26:28,887 | INFO | root | Audit log saved successfully: edit_case
2025-09-27 21:26:28,929 | INFO | root | Audit log saved successfully: assessment_status_change
2025-09-27 21:26:28,962 | INFO | root | Audit log saved successfully: lc_status_change
2025-09-27 21:32:17,432 | INFO | scripts.Utilities.optimization_manager | Optimization 'memory_efficient_imports': enabled
2025-09-27 21:32:17,432 | INFO | scripts.Utilities.optimization_manager | Optimization 'streaming_excel_exports': enabled
2025-09-27 21:32:17,432 | INFO | scripts.Utilities.optimization_manager | Optimization 'batch_database_operations': enabled
2025-09-27 21:32:17,433 | INFO | scripts.Utilities.optimization_manager | Optimization 'performance_monitoring': enabled
2025-09-27 21:32:17,433 | INFO | scripts.Utilities.optimization_manager | Optimization 'database_indexes': enabled
2025-09-27 21:32:17,433 | INFO | scripts.Utilities.optimization_manager | Optimization 'adaptive_chunk_sizing': enabled
2025-09-27 21:32:17,439 | INFO | scripts.Utilities.optimized_import_utils | Database optimizations applied successfully
2025-09-27 21:32:17,445 | INFO | scripts.Utilities.optimized_import_utils | Performance indexes created successfully
2025-09-27 21:32:17,447 | INFO | scripts.Utilities.optimization_manager | Database optimizations applied successfully
2025-09-27 21:32:17,448 | INFO | scripts.Utilities.optimization_manager | FWMIS Optimization Status:
2025-09-27 21:32:17,448 | INFO | scripts.Utilities.optimization_manager | ==============================
2025-09-27 21:32:17,448 | INFO | scripts.Utilities.optimization_manager | [OK] memory_efficient_imports: enabled
2025-09-27 21:32:17,448 | INFO | scripts.Utilities.optimization_manager | [OK] streaming_excel_exports: enabled
2025-09-27 21:32:17,449 | INFO | scripts.Utilities.optimization_manager | [OK] batch_database_operations: enabled
2025-09-27 21:32:17,449 | INFO | scripts.Utilities.optimization_manager | [OK] performance_monitoring: enabled
2025-09-27 21:32:17,449 | INFO | scripts.Utilities.optimization_manager | [OK] database_indexes: enabled
2025-09-27 21:32:17,449 | INFO | scripts.Utilities.optimization_manager | [OK] adaptive_chunk_sizing: enabled
2025-09-27 21:32:17,449 | INFO | scripts.Utilities.optimization_manager | 
Overall Status: All optimizations enabled
2025-09-27 21:32:17,450 | INFO | scripts.Utilities.performance_profiler | Memory snapshot 'app_start': RSS=73.8MB
2025-09-27 21:32:17,454 | INFO | scripts.Utilities.performance_profiler | === FWMIS PERFORMANCE REPORT ===
Generated: 2025-09-27 21:32:17

SYSTEM INFORMATION:
  CPU Cores: 12
  Total Memory: 7.6 GB
  Available Memory: 1.0 GB
  Memory Usage: 86.8%

PERFORMANCE RECOMMENDATIONS:
  1. Use streaming for large file imports
  2. Implement batch database operations
  3. Create appropriate database indexes
  4. Monitor memory usage during operations
  5. Use SQL aggregations instead of Python loops
  6. Consider PyPy for 2-7x speed improvements
2025-09-27 21:32:17,456 | ERROR | scripts.Utilities.performance_profiler | Error saving performance report: [Errno 2] No such file or directory: 'data/performance_report.txt'
2025-09-27 21:33:08,219 | INFO | root | Audit log saved successfully: edit_case
2025-09-27 21:33:08,284 | INFO | root | Audit log saved successfully: assessment_status_change
2025-09-27 21:33:08,323 | INFO | root | Audit log saved successfully: lc_status_change
2025-09-27 21:41:33,993 | INFO | scripts.Utilities.optimization_manager | Optimization 'memory_efficient_imports': enabled
2025-09-27 21:41:33,993 | INFO | scripts.Utilities.optimization_manager | Optimization 'streaming_excel_exports': enabled
2025-09-27 21:41:33,993 | INFO | scripts.Utilities.optimization_manager | Optimization 'batch_database_operations': enabled
2025-09-27 21:41:33,994 | INFO | scripts.Utilities.optimization_manager | Optimization 'performance_monitoring': enabled
2025-09-27 21:41:33,994 | INFO | scripts.Utilities.optimization_manager | Optimization 'database_indexes': enabled
2025-09-27 21:41:33,994 | INFO | scripts.Utilities.optimization_manager | Optimization 'adaptive_chunk_sizing': enabled
2025-09-27 21:41:34,001 | INFO | scripts.Utilities.optimized_import_utils | Database optimizations applied successfully
2025-09-27 21:41:34,010 | INFO | scripts.Utilities.optimized_import_utils | Performance indexes created successfully
2025-09-27 21:41:34,018 | INFO | scripts.Utilities.optimization_manager | Database optimizations applied successfully
2025-09-27 21:41:34,018 | INFO | scripts.Utilities.optimization_manager | FWMIS Optimization Status:
2025-09-27 21:41:34,019 | INFO | scripts.Utilities.optimization_manager | ==============================
2025-09-27 21:41:34,019 | INFO | scripts.Utilities.optimization_manager | [OK] memory_efficient_imports: enabled
2025-09-27 21:41:34,020 | INFO | scripts.Utilities.optimization_manager | [OK] streaming_excel_exports: enabled
2025-09-27 21:41:34,020 | INFO | scripts.Utilities.optimization_manager | [OK] batch_database_operations: enabled
2025-09-27 21:41:34,021 | INFO | scripts.Utilities.optimization_manager | [OK] performance_monitoring: enabled
2025-09-27 21:41:34,021 | INFO | scripts.Utilities.optimization_manager | [OK] database_indexes: enabled
2025-09-27 21:41:34,021 | INFO | scripts.Utilities.optimization_manager | [OK] adaptive_chunk_sizing: enabled
2025-09-27 21:41:34,022 | INFO | scripts.Utilities.optimization_manager | 
Overall Status: All optimizations enabled
2025-09-27 21:41:34,022 | INFO | scripts.Utilities.performance_profiler | Memory snapshot 'app_start': RSS=73.8MB
2025-09-27 21:41:34,033 | INFO | scripts.Utilities.performance_profiler | === FWMIS PERFORMANCE REPORT ===
Generated: 2025-09-27 21:41:34

SYSTEM INFORMATION:
  CPU Cores: 12
  Total Memory: 7.6 GB
  Available Memory: 1.1 GB
  Memory Usage: 85.4%

PERFORMANCE RECOMMENDATIONS:
  1. Use streaming for large file imports
  2. Implement batch database operations
  3. Create appropriate database indexes
  4. Monitor memory usage during operations
  5. Use SQL aggregations instead of Python loops
  6. Consider PyPy for 2-7x speed improvements
2025-09-27 21:41:34,034 | ERROR | scripts.Utilities.performance_profiler | Error saving performance report: [Errno 2] No such file or directory: 'data/performance_report.txt'
2025-09-27 21:42:22,703 | INFO | root | Audit log saved successfully: edit_case
2025-09-27 21:42:22,736 | INFO | root | Audit log saved successfully: assessment_status_change
2025-09-27 21:42:22,773 | INFO | root | Audit log saved successfully: lc_status_change
2025-09-27 21:49:28,608 | INFO | scripts.Utilities.optimization_manager | Optimization 'memory_efficient_imports': enabled
2025-09-27 21:49:28,609 | INFO | scripts.Utilities.optimization_manager | Optimization 'streaming_excel_exports': enabled
2025-09-27 21:49:28,609 | INFO | scripts.Utilities.optimization_manager | Optimization 'batch_database_operations': enabled
2025-09-27 21:49:28,609 | INFO | scripts.Utilities.optimization_manager | Optimization 'performance_monitoring': enabled
2025-09-27 21:49:28,610 | INFO | scripts.Utilities.optimization_manager | Optimization 'database_indexes': enabled
2025-09-27 21:49:28,610 | INFO | scripts.Utilities.optimization_manager | Optimization 'adaptive_chunk_sizing': enabled
2025-09-27 21:49:28,615 | INFO | scripts.Utilities.optimized_import_utils | Database optimizations applied successfully
2025-09-27 21:49:28,623 | INFO | scripts.Utilities.optimized_import_utils | Performance indexes created successfully
2025-09-27 21:49:28,626 | INFO | scripts.Utilities.optimization_manager | Database optimizations applied successfully
2025-09-27 21:49:28,626 | INFO | scripts.Utilities.optimization_manager | FWMIS Optimization Status:
2025-09-27 21:49:28,627 | INFO | scripts.Utilities.optimization_manager | ==============================
2025-09-27 21:49:28,627 | INFO | scripts.Utilities.optimization_manager | [OK] memory_efficient_imports: enabled
2025-09-27 21:49:28,627 | INFO | scripts.Utilities.optimization_manager | [OK] streaming_excel_exports: enabled
2025-09-27 21:49:28,628 | INFO | scripts.Utilities.optimization_manager | [OK] batch_database_operations: enabled
2025-09-27 21:49:28,628 | INFO | scripts.Utilities.optimization_manager | [OK] performance_monitoring: enabled
2025-09-27 21:49:28,628 | INFO | scripts.Utilities.optimization_manager | [OK] database_indexes: enabled
2025-09-27 21:49:28,629 | INFO | scripts.Utilities.optimization_manager | [OK] adaptive_chunk_sizing: enabled
2025-09-27 21:49:28,629 | INFO | scripts.Utilities.optimization_manager | 
Overall Status: All optimizations enabled
2025-09-27 21:49:28,629 | INFO | scripts.Utilities.performance_profiler | Memory snapshot 'app_start': RSS=73.7MB
2025-09-27 21:49:28,634 | INFO | scripts.Utilities.performance_profiler | === FWMIS PERFORMANCE REPORT ===
Generated: 2025-09-27 21:49:28

SYSTEM INFORMATION:
  CPU Cores: 12
  Total Memory: 7.6 GB
  Available Memory: 0.7 GB
  Memory Usage: 90.4%

PERFORMANCE RECOMMENDATIONS:
  1. Use streaming for large file imports
  2. Implement batch database operations
  3. Create appropriate database indexes
  4. Monitor memory usage during operations
  5. Use SQL aggregations instead of Python loops
  6. Consider PyPy for 2-7x speed improvements
2025-09-27 21:49:28,635 | ERROR | scripts.Utilities.performance_profiler | Error saving performance report: [Errno 2] No such file or directory: 'data/performance_report.txt'
2025-09-27 21:51:08,188 | INFO | root | Audit log saved successfully: edit_case
2025-09-27 21:51:08,237 | INFO | root | Audit log saved successfully: assessment_status_change
2025-09-27 21:51:08,294 | INFO | root | Audit log saved successfully: lc_status_change
2025-09-27 23:38:54,909 | INFO | scripts.Utilities.optimization_manager | Optimization 'memory_efficient_imports': enabled
2025-09-27 23:38:54,910 | INFO | scripts.Utilities.optimization_manager | Optimization 'streaming_excel_exports': enabled
2025-09-27 23:38:54,910 | INFO | scripts.Utilities.optimization_manager | Optimization 'batch_database_operations': enabled
2025-09-27 23:38:54,910 | INFO | scripts.Utilities.optimization_manager | Optimization 'performance_monitoring': enabled
2025-09-27 23:38:54,911 | INFO | scripts.Utilities.optimization_manager | Optimization 'database_indexes': enabled
2025-09-27 23:38:54,911 | INFO | scripts.Utilities.optimization_manager | Optimization 'adaptive_chunk_sizing': enabled
2025-09-27 23:38:54,919 | INFO | scripts.Utilities.optimized_import_utils | Database optimizations applied successfully
2025-09-27 23:38:54,933 | INFO | scripts.Utilities.optimized_import_utils | Performance indexes created successfully
2025-09-27 23:38:54,936 | INFO | scripts.Utilities.optimization_manager | Database optimizations applied successfully
2025-09-27 23:38:54,937 | INFO | scripts.Utilities.optimization_manager | FWMIS Optimization Status:
2025-09-27 23:38:54,937 | INFO | scripts.Utilities.optimization_manager | ==============================
2025-09-27 23:38:54,938 | INFO | scripts.Utilities.optimization_manager | [OK] memory_efficient_imports: enabled
2025-09-27 23:38:54,938 | INFO | scripts.Utilities.optimization_manager | [OK] streaming_excel_exports: enabled
2025-09-27 23:38:54,938 | INFO | scripts.Utilities.optimization_manager | [OK] batch_database_operations: enabled
2025-09-27 23:38:54,939 | INFO | scripts.Utilities.optimization_manager | [OK] performance_monitoring: enabled
2025-09-27 23:38:54,939 | INFO | scripts.Utilities.optimization_manager | [OK] database_indexes: enabled
2025-09-27 23:38:54,940 | INFO | scripts.Utilities.optimization_manager | [OK] adaptive_chunk_sizing: enabled
2025-09-27 23:38:54,940 | INFO | scripts.Utilities.optimization_manager | 
Overall Status: All optimizations enabled
2025-09-27 23:38:54,941 | INFO | scripts.Utilities.performance_profiler | Memory snapshot 'app_start': RSS=73.8MB
2025-09-27 23:38:54,956 | INFO | scripts.Utilities.performance_profiler | === FWMIS PERFORMANCE REPORT ===
Generated: 2025-09-27 23:38:54

SYSTEM INFORMATION:
  CPU Cores: 12
  Total Memory: 7.6 GB
  Available Memory: 0.7 GB
  Memory Usage: 91.0%

PERFORMANCE RECOMMENDATIONS:
  1. Use streaming for large file imports
  2. Implement batch database operations
  3. Create appropriate database indexes
  4. Monitor memory usage during operations
  5. Use SQL aggregations instead of Python loops
  6. Consider PyPy for 2-7x speed improvements
2025-09-27 23:38:54,958 | ERROR | scripts.Utilities.performance_profiler | Error saving performance report: [Errno 2] No such file or directory: 'data/performance_report.txt'
2025-09-27 23:39:53,083 | INFO | scripts.Utilities.optimization_manager | Optimization 'memory_efficient_imports': enabled
2025-09-27 23:39:53,083 | INFO | scripts.Utilities.optimization_manager | Optimization 'streaming_excel_exports': enabled
2025-09-27 23:39:53,084 | INFO | scripts.Utilities.optimization_manager | Optimization 'batch_database_operations': enabled
2025-09-27 23:39:53,084 | INFO | scripts.Utilities.optimization_manager | Optimization 'performance_monitoring': enabled
2025-09-27 23:39:53,085 | INFO | scripts.Utilities.optimization_manager | Optimization 'database_indexes': enabled
2025-09-27 23:39:53,085 | INFO | scripts.Utilities.optimization_manager | Optimization 'adaptive_chunk_sizing': enabled
2025-09-27 23:39:53,091 | INFO | scripts.Utilities.optimized_import_utils | Database optimizations applied successfully
2025-09-27 23:39:53,100 | INFO | scripts.Utilities.optimized_import_utils | Performance indexes created successfully
2025-09-27 23:39:53,103 | INFO | scripts.Utilities.optimization_manager | Database optimizations applied successfully
2025-09-27 23:39:53,103 | INFO | scripts.Utilities.optimization_manager | FWMIS Optimization Status:
2025-09-27 23:39:53,103 | INFO | scripts.Utilities.optimization_manager | ==============================
2025-09-27 23:39:53,104 | INFO | scripts.Utilities.optimization_manager | [OK] memory_efficient_imports: enabled
2025-09-27 23:39:53,104 | INFO | scripts.Utilities.optimization_manager | [OK] streaming_excel_exports: enabled
2025-09-27 23:39:53,104 | INFO | scripts.Utilities.optimization_manager | [OK] batch_database_operations: enabled
2025-09-27 23:39:53,104 | INFO | scripts.Utilities.optimization_manager | [OK] performance_monitoring: enabled
2025-09-27 23:39:53,104 | INFO | scripts.Utilities.optimization_manager | [OK] database_indexes: enabled
2025-09-27 23:39:53,104 | INFO | scripts.Utilities.optimization_manager | [OK] adaptive_chunk_sizing: enabled
2025-09-27 23:39:53,105 | INFO | scripts.Utilities.optimization_manager | 
Overall Status: All optimizations enabled
2025-09-27 23:39:53,105 | INFO | scripts.Utilities.performance_profiler | Memory snapshot 'app_start': RSS=73.6MB
2025-09-27 23:39:53,111 | INFO | scripts.Utilities.performance_profiler | === FWMIS PERFORMANCE REPORT ===
Generated: 2025-09-27 23:39:53

SYSTEM INFORMATION:
  CPU Cores: 12
  Total Memory: 7.6 GB
  Available Memory: 0.6 GB
  Memory Usage: 92.7%

PERFORMANCE RECOMMENDATIONS:
  1. Use streaming for large file imports
  2. Implement batch database operations
  3. Create appropriate database indexes
  4. Monitor memory usage during operations
  5. Use SQL aggregations instead of Python loops
  6. Consider PyPy for 2-7x speed improvements
2025-09-27 23:39:53,112 | ERROR | scripts.Utilities.performance_profiler | Error saving performance report: [Errno 2] No such file or directory: 'data/performance_report.txt'
2025-09-27 23:42:10,590 | INFO | scripts.Utilities.optimization_manager | Optimization 'memory_efficient_imports': enabled
2025-09-27 23:42:10,591 | INFO | scripts.Utilities.optimization_manager | Optimization 'streaming_excel_exports': enabled
2025-09-27 23:42:10,592 | INFO | scripts.Utilities.optimization_manager | Optimization 'batch_database_operations': enabled
2025-09-27 23:42:10,593 | INFO | scripts.Utilities.optimization_manager | Optimization 'performance_monitoring': enabled
2025-09-27 23:42:10,593 | INFO | scripts.Utilities.optimization_manager | Optimization 'database_indexes': enabled
2025-09-27 23:42:10,595 | INFO | scripts.Utilities.optimization_manager | Optimization 'adaptive_chunk_sizing': enabled
2025-09-27 23:42:10,613 | INFO | scripts.Utilities.optimized_import_utils | Database optimizations applied successfully
2025-09-27 23:42:10,635 | INFO | scripts.Utilities.optimized_import_utils | Performance indexes created successfully
2025-09-27 23:42:10,638 | INFO | scripts.Utilities.optimization_manager | Database optimizations applied successfully
2025-09-27 23:42:10,639 | INFO | scripts.Utilities.optimization_manager | FWMIS Optimization Status:
2025-09-27 23:42:10,639 | INFO | scripts.Utilities.optimization_manager | ==============================
2025-09-27 23:42:10,640 | INFO | scripts.Utilities.optimization_manager | [OK] memory_efficient_imports: enabled
2025-09-27 23:42:10,640 | INFO | scripts.Utilities.optimization_manager | [OK] streaming_excel_exports: enabled
2025-09-27 23:42:10,640 | INFO | scripts.Utilities.optimization_manager | [OK] batch_database_operations: enabled
2025-09-27 23:42:10,640 | INFO | scripts.Utilities.optimization_manager | [OK] performance_monitoring: enabled
2025-09-27 23:42:10,641 | INFO | scripts.Utilities.optimization_manager | [OK] database_indexes: enabled
2025-09-27 23:42:10,641 | INFO | scripts.Utilities.optimization_manager | [OK] adaptive_chunk_sizing: enabled
2025-09-27 23:42:10,642 | INFO | scripts.Utilities.optimization_manager | 
Overall Status: All optimizations enabled
2025-09-27 23:42:10,643 | INFO | scripts.Utilities.performance_profiler | Memory snapshot 'app_start': RSS=73.7MB
2025-09-27 23:42:10,664 | INFO | scripts.Utilities.performance_profiler | === FWMIS PERFORMANCE REPORT ===
Generated: 2025-09-27 23:42:10

SYSTEM INFORMATION:
  CPU Cores: 12
  Total Memory: 7.6 GB
  Available Memory: 0.6 GB
  Memory Usage: 92.2%

DATABASE SIZE: 3.9 MB

PERFORMANCE RECOMMENDATIONS:
  1. Use streaming for large file imports
  2. Implement batch database operations
  3. Create appropriate database indexes
  4. Monitor memory usage during operations
  5. Use SQL aggregations instead of Python loops
  6. Consider PyPy for 2-7x speed improvements
2025-09-27 23:42:10,672 | INFO | scripts.Utilities.performance_profiler | Performance report saved to data/performance_report.txt
2025-09-27 23:43:17,383 | INFO | scripts.Utilities.optimization_manager | Optimization 'memory_efficient_imports': enabled
2025-09-27 23:43:17,384 | INFO | scripts.Utilities.optimization_manager | Optimization 'streaming_excel_exports': enabled
2025-09-27 23:43:17,384 | INFO | scripts.Utilities.optimization_manager | Optimization 'batch_database_operations': enabled
2025-09-27 23:43:17,384 | INFO | scripts.Utilities.optimization_manager | Optimization 'performance_monitoring': enabled
2025-09-27 23:43:17,385 | INFO | scripts.Utilities.optimization_manager | Optimization 'database_indexes': enabled
2025-09-27 23:43:17,385 | INFO | scripts.Utilities.optimization_manager | Optimization 'adaptive_chunk_sizing': enabled
2025-09-27 23:43:17,390 | INFO | scripts.Utilities.optimized_import_utils | Database optimizations applied successfully
2025-09-27 23:43:17,397 | INFO | scripts.Utilities.optimized_import_utils | Performance indexes created successfully
2025-09-27 23:43:17,399 | INFO | scripts.Utilities.optimization_manager | Database optimizations applied successfully
2025-09-27 23:43:17,400 | INFO | scripts.Utilities.optimization_manager | FWMIS Optimization Status:
2025-09-27 23:43:17,400 | INFO | scripts.Utilities.optimization_manager | ==============================
2025-09-27 23:43:17,400 | INFO | scripts.Utilities.optimization_manager | [OK] memory_efficient_imports: enabled
2025-09-27 23:43:17,401 | INFO | scripts.Utilities.optimization_manager | [OK] streaming_excel_exports: enabled
2025-09-27 23:43:17,401 | INFO | scripts.Utilities.optimization_manager | [OK] batch_database_operations: enabled
2025-09-27 23:43:17,401 | INFO | scripts.Utilities.optimization_manager | [OK] performance_monitoring: enabled
2025-09-27 23:43:17,402 | INFO | scripts.Utilities.optimization_manager | [OK] database_indexes: enabled
2025-09-27 23:43:17,402 | INFO | scripts.Utilities.optimization_manager | [OK] adaptive_chunk_sizing: enabled
2025-09-27 23:43:17,402 | INFO | scripts.Utilities.optimization_manager | 
Overall Status: All optimizations enabled
2025-09-27 23:43:17,403 | INFO | scripts.Utilities.performance_profiler | Memory snapshot 'app_start': RSS=73.7MB
2025-09-27 23:43:17,408 | INFO | scripts.Utilities.performance_profiler | === FWMIS PERFORMANCE REPORT ===
Generated: 2025-09-27 23:43:17

SYSTEM INFORMATION:
  CPU Cores: 12
  Total Memory: 7.6 GB
  Available Memory: 0.7 GB
  Memory Usage: 91.2%

PERFORMANCE RECOMMENDATIONS:
  1. Use streaming for large file imports
  2. Implement batch database operations
  3. Create appropriate database indexes
  4. Monitor memory usage during operations
  5. Use SQL aggregations instead of Python loops
  6. Consider PyPy for 2-7x speed improvements
2025-09-27 23:43:17,412 | ERROR | scripts.Utilities.performance_profiler | Error saving performance report: [Errno 2] No such file or directory: 'data/performance_report.txt'
2025-09-27 23:50:19,554 | INFO | scripts.Utilities.optimization_manager | Optimization 'memory_efficient_imports': enabled
2025-09-27 23:50:19,555 | INFO | scripts.Utilities.optimization_manager | Optimization 'streaming_excel_exports': enabled
2025-09-27 23:50:19,556 | INFO | scripts.Utilities.optimization_manager | Optimization 'batch_database_operations': enabled
2025-09-27 23:50:19,556 | INFO | scripts.Utilities.optimization_manager | Optimization 'performance_monitoring': enabled
2025-09-27 23:50:19,557 | INFO | scripts.Utilities.optimization_manager | Optimization 'database_indexes': enabled
2025-09-27 23:50:19,558 | INFO | scripts.Utilities.optimization_manager | Optimization 'adaptive_chunk_sizing': enabled
2025-09-27 23:50:19,563 | INFO | scripts.Utilities.optimized_import_utils | Database optimizations applied successfully
2025-09-27 23:50:19,577 | INFO | scripts.Utilities.optimized_import_utils | Performance indexes created successfully
2025-09-27 23:50:19,580 | INFO | scripts.Utilities.optimization_manager | Database optimizations applied successfully
2025-09-27 23:50:19,580 | INFO | scripts.Utilities.optimization_manager | FWMIS Optimization Status:
2025-09-27 23:50:19,581 | INFO | scripts.Utilities.optimization_manager | ==============================
2025-09-27 23:50:19,581 | INFO | scripts.Utilities.optimization_manager | [OK] memory_efficient_imports: enabled
2025-09-27 23:50:19,581 | INFO | scripts.Utilities.optimization_manager | [OK] streaming_excel_exports: enabled
2025-09-27 23:50:19,582 | INFO | scripts.Utilities.optimization_manager | [OK] batch_database_operations: enabled
2025-09-27 23:50:19,582 | INFO | scripts.Utilities.optimization_manager | [OK] performance_monitoring: enabled
2025-09-27 23:50:19,582 | INFO | scripts.Utilities.optimization_manager | [OK] database_indexes: enabled
2025-09-27 23:50:19,582 | INFO | scripts.Utilities.optimization_manager | [OK] adaptive_chunk_sizing: enabled
2025-09-27 23:50:19,583 | INFO | scripts.Utilities.optimization_manager | 
Overall Status: All optimizations enabled
2025-09-27 23:50:19,584 | INFO | scripts.Utilities.performance_profiler | Memory snapshot 'app_start': RSS=73.8MB
2025-09-27 23:50:19,594 | INFO | scripts.Utilities.performance_profiler | === FWMIS PERFORMANCE REPORT ===
Generated: 2025-09-27 23:50:19

SYSTEM INFORMATION:
  CPU Cores: 12
  Total Memory: 7.6 GB
  Available Memory: 0.9 GB
  Memory Usage: 87.9%

DATABASE SIZE: 3.9 MB

PERFORMANCE RECOMMENDATIONS:
  1. Use streaming for large file imports
  2. Implement batch database operations
  3. Create appropriate database indexes
  4. Monitor memory usage during operations
  5. Use SQL aggregations instead of Python loops
  6. Consider PyPy for 2-7x speed improvements
2025-09-27 23:50:19,596 | INFO | scripts.Utilities.performance_profiler | Performance report saved to data/performance_report.txt
2025-09-27 23:51:09,425 | INFO | scripts.Utilities.optimization_manager | Optimization 'memory_efficient_imports': enabled
2025-09-27 23:51:09,426 | INFO | scripts.Utilities.optimization_manager | Optimization 'streaming_excel_exports': enabled
2025-09-27 23:51:09,426 | INFO | scripts.Utilities.optimization_manager | Optimization 'batch_database_operations': enabled
2025-09-27 23:51:09,427 | INFO | scripts.Utilities.optimization_manager | Optimization 'performance_monitoring': enabled
2025-09-27 23:51:09,427 | INFO | scripts.Utilities.optimization_manager | Optimization 'database_indexes': enabled
2025-09-27 23:51:09,427 | INFO | scripts.Utilities.optimization_manager | Optimization 'adaptive_chunk_sizing': enabled
2025-09-27 23:51:09,432 | INFO | scripts.Utilities.optimized_import_utils | Database optimizations applied successfully
2025-09-27 23:51:09,441 | INFO | scripts.Utilities.optimized_import_utils | Performance indexes created successfully
2025-09-27 23:51:09,443 | INFO | scripts.Utilities.optimization_manager | Database optimizations applied successfully
2025-09-27 23:51:09,443 | INFO | scripts.Utilities.optimization_manager | FWMIS Optimization Status:
2025-09-27 23:51:09,444 | INFO | scripts.Utilities.optimization_manager | ==============================
2025-09-27 23:51:09,444 | INFO | scripts.Utilities.optimization_manager | [OK] memory_efficient_imports: enabled
2025-09-27 23:51:09,444 | INFO | scripts.Utilities.optimization_manager | [OK] streaming_excel_exports: enabled
2025-09-27 23:51:09,445 | INFO | scripts.Utilities.optimization_manager | [OK] batch_database_operations: enabled
2025-09-27 23:51:09,445 | INFO | scripts.Utilities.optimization_manager | [OK] performance_monitoring: enabled
2025-09-27 23:51:09,445 | INFO | scripts.Utilities.optimization_manager | [OK] database_indexes: enabled
2025-09-27 23:51:09,445 | INFO | scripts.Utilities.optimization_manager | [OK] adaptive_chunk_sizing: enabled
2025-09-27 23:51:09,446 | INFO | scripts.Utilities.optimization_manager | 
Overall Status: All optimizations enabled
2025-09-27 23:51:09,446 | INFO | scripts.Utilities.performance_profiler | Memory snapshot 'app_start': RSS=73.7MB
2025-09-27 23:51:09,451 | INFO | scripts.Utilities.performance_profiler | === FWMIS PERFORMANCE REPORT ===
Generated: 2025-09-27 23:51:09

SYSTEM INFORMATION:
  CPU Cores: 12
  Total Memory: 7.6 GB
  Available Memory: 1.2 GB
  Memory Usage: 84.5%

PERFORMANCE RECOMMENDATIONS:
  1. Use streaming for large file imports
  2. Implement batch database operations
  3. Create appropriate database indexes
  4. Monitor memory usage during operations
  5. Use SQL aggregations instead of Python loops
  6. Consider PyPy for 2-7x speed improvements
2025-09-27 23:51:09,452 | ERROR | scripts.Utilities.performance_profiler | Error saving performance report: [Errno 2] No such file or directory: 'data/performance_report.txt'
2025-09-27 23:56:22,451 | INFO | scripts.Utilities.optimization_manager | Optimization 'memory_efficient_imports': enabled
2025-09-27 23:56:22,452 | INFO | scripts.Utilities.optimization_manager | Optimization 'streaming_excel_exports': enabled
2025-09-27 23:56:22,453 | INFO | scripts.Utilities.optimization_manager | Optimization 'batch_database_operations': enabled
2025-09-27 23:56:22,453 | INFO | scripts.Utilities.optimization_manager | Optimization 'performance_monitoring': enabled
2025-09-27 23:56:22,453 | INFO | scripts.Utilities.optimization_manager | Optimization 'database_indexes': enabled
2025-09-27 23:56:22,454 | INFO | scripts.Utilities.optimization_manager | Optimization 'adaptive_chunk_sizing': enabled
2025-09-27 23:56:22,459 | INFO | scripts.Utilities.optimized_import_utils | Database optimizations applied successfully
2025-09-27 23:56:22,467 | INFO | scripts.Utilities.optimized_import_utils | Performance indexes created successfully
2025-09-27 23:56:22,474 | INFO | scripts.Utilities.optimization_manager | Database optimizations applied successfully
2025-09-27 23:56:22,474 | INFO | scripts.Utilities.optimization_manager | FWMIS Optimization Status:
2025-09-27 23:56:22,474 | INFO | scripts.Utilities.optimization_manager | ==============================
2025-09-27 23:56:22,475 | INFO | scripts.Utilities.optimization_manager | [OK] memory_efficient_imports: enabled
2025-09-27 23:56:22,475 | INFO | scripts.Utilities.optimization_manager | [OK] streaming_excel_exports: enabled
2025-09-27 23:56:22,475 | INFO | scripts.Utilities.optimization_manager | [OK] batch_database_operations: enabled
2025-09-27 23:56:22,476 | INFO | scripts.Utilities.optimization_manager | [OK] performance_monitoring: enabled
2025-09-27 23:56:22,476 | INFO | scripts.Utilities.optimization_manager | [OK] database_indexes: enabled
2025-09-27 23:56:22,476 | INFO | scripts.Utilities.optimization_manager | [OK] adaptive_chunk_sizing: enabled
2025-09-27 23:56:22,477 | INFO | scripts.Utilities.optimization_manager | 
Overall Status: All optimizations enabled
2025-09-27 23:56:22,477 | INFO | scripts.Utilities.performance_profiler | Memory snapshot 'app_start': RSS=73.8MB
2025-09-27 23:56:22,481 | INFO | scripts.Utilities.performance_profiler | === FWMIS PERFORMANCE REPORT ===
Generated: 2025-09-27 23:56:22

SYSTEM INFORMATION:
  CPU Cores: 12
  Total Memory: 7.6 GB
  Available Memory: 1.1 GB
  Memory Usage: 86.0%

DATABASE SIZE: 3.9 MB

PERFORMANCE RECOMMENDATIONS:
  1. Use streaming for large file imports
  2. Implement batch database operations
  3. Create appropriate database indexes
  4. Monitor memory usage during operations
  5. Use SQL aggregations instead of Python loops
  6. Consider PyPy for 2-7x speed improvements
2025-09-27 23:56:22,483 | INFO | scripts.Utilities.performance_profiler | Performance report saved to data/performance_report.txt
2025-09-28 00:01:52,056 | INFO | scripts.Utilities.optimization_manager | Optimization 'memory_efficient_imports': enabled
2025-09-28 00:01:52,057 | INFO | scripts.Utilities.optimization_manager | Optimization 'streaming_excel_exports': enabled
2025-09-28 00:01:52,057 | INFO | scripts.Utilities.optimization_manager | Optimization 'batch_database_operations': enabled
2025-09-28 00:01:52,058 | INFO | scripts.Utilities.optimization_manager | Optimization 'performance_monitoring': enabled
2025-09-28 00:01:52,058 | INFO | scripts.Utilities.optimization_manager | Optimization 'database_indexes': enabled
2025-09-28 00:01:52,058 | INFO | scripts.Utilities.optimization_manager | Optimization 'adaptive_chunk_sizing': enabled
2025-09-28 00:01:52,063 | INFO | scripts.Utilities.optimized_import_utils | Database optimizations applied successfully
2025-09-28 00:01:52,071 | INFO | scripts.Utilities.optimized_import_utils | Performance indexes created successfully
2025-09-28 00:01:52,074 | INFO | scripts.Utilities.optimization_manager | Database optimizations applied successfully
2025-09-28 00:01:52,074 | INFO | scripts.Utilities.optimization_manager | FWMIS Optimization Status:
2025-09-28 00:01:52,075 | INFO | scripts.Utilities.optimization_manager | ==============================
2025-09-28 00:01:52,076 | INFO | scripts.Utilities.optimization_manager | [OK] memory_efficient_imports: enabled
2025-09-28 00:01:52,077 | INFO | scripts.Utilities.optimization_manager | [OK] streaming_excel_exports: enabled
2025-09-28 00:01:52,077 | INFO | scripts.Utilities.optimization_manager | [OK] batch_database_operations: enabled
2025-09-28 00:01:52,079 | INFO | scripts.Utilities.optimization_manager | [OK] performance_monitoring: enabled
2025-09-28 00:01:52,079 | INFO | scripts.Utilities.optimization_manager | [OK] database_indexes: enabled
2025-09-28 00:01:52,080 | INFO | scripts.Utilities.optimization_manager | [OK] adaptive_chunk_sizing: enabled
2025-09-28 00:01:52,081 | INFO | scripts.Utilities.optimization_manager | 
Overall Status: All optimizations enabled
2025-09-28 00:01:52,082 | INFO | scripts.Utilities.performance_profiler | Memory snapshot 'app_start': RSS=73.7MB
2025-09-28 00:01:52,088 | INFO | scripts.Utilities.performance_profiler | === FWMIS PERFORMANCE REPORT ===
Generated: 2025-09-28 00:01:52

SYSTEM INFORMATION:
  CPU Cores: 12
  Total Memory: 7.6 GB
  Available Memory: 0.9 GB
  Memory Usage: 88.3%

PERFORMANCE RECOMMENDATIONS:
  1. Use streaming for large file imports
  2. Implement batch database operations
  3. Create appropriate database indexes
  4. Monitor memory usage during operations
  5. Use SQL aggregations instead of Python loops
  6. Consider PyPy for 2-7x speed improvements
2025-09-28 00:01:52,094 | ERROR | scripts.Utilities.performance_profiler | Error saving performance report: [Errno 2] No such file or directory: 'data/performance_report.txt'
